/*
 Navicat Premium Data Transfer

 Source Server         : nest-admin
 Source Server Type    : MySQL
 Source Server Version : 80200
 Source Host           : localhost:3306
 Source Schema         : nest-admin

 Target Server Type    : MySQL
 Target Server Version : 80200
 File Encoding         : 65001

 Date: 16/06/2026 20:50:38
*/

SET NAMES utf8mb4;
SET FOREIGN_KEY_CHECKS = 0;

-- ----------------------------
-- Table structure for gen_table
-- ----------------------------
DROP TABLE IF EXISTS `gen_table`;
CREATE TABLE `gen_table`  (
  `table_id` int NOT NULL AUTO_INCREMENT COMMENT '编号',
  `table_name` varchar(200) CHARACTER SET utf8mb4 COLLATE utf8mb4_0900_ai_ci NOT NULL DEFAULT '' COMMENT '表名称',
  `table_comment` varchar(500) CHARACTER SET utf8mb4 COLLATE utf8mb4_0900_ai_ci NOT NULL DEFAULT '' COMMENT '表描述',
  `sub_table_name` varchar(64) CHARACTER SET utf8mb4 COLLATE utf8mb4_0900_ai_ci NULL DEFAULT NULL COMMENT '关联子表的表名',
  `sub_table_fk_name` varchar(64) CHARACTER SET utf8mb4 COLLATE utf8mb4_0900_ai_ci NULL DEFAULT NULL COMMENT '子表关联的外键名',
  `class_name` varchar(100) CHARACTER SET utf8mb4 COLLATE utf8mb4_0900_ai_ci NOT NULL DEFAULT '' COMMENT '实体类名称',
  `tpl_category` varchar(200) CHARACTER SET utf8mb4 COLLATE utf8mb4_0900_ai_ci NOT NULL DEFAULT 'crud' COMMENT '使用的模板（crud单表操作 tree树表操作）',
  `tpl_web_type` varchar(30) CHARACTER SET utf8mb4 COLLATE utf8mb4_0900_ai_ci NOT NULL DEFAULT 'element-plus' COMMENT '前端模板类型（element-ui模版 element-plus模版）',
  `package_name` varchar(100) CHARACTER SET utf8mb4 COLLATE utf8mb4_0900_ai_ci NOT NULL COMMENT '生成包路径',
  `module_name` varchar(30) CHARACTER SET utf8mb4 COLLATE utf8mb4_0900_ai_ci NOT NULL COMMENT '生成模块名',
  `business_name` varchar(30) CHARACTER SET utf8mb4 COLLATE utf8mb4_0900_ai_ci NOT NULL COMMENT '生成业务名',
  `function_name` varchar(50) CHARACTER SET utf8mb4 COLLATE utf8mb4_0900_ai_ci NOT NULL COMMENT '生成功能名',
  `function_author` varchar(50) CHARACTER SET utf8mb4 COLLATE utf8mb4_0900_ai_ci NOT NULL COMMENT '生成功能作者',
  `gen_type` char(1) CHARACTER SET utf8mb4 COLLATE utf8mb4_0900_ai_ci NOT NULL DEFAULT '0' COMMENT '生成代码方式（0zip压缩包 1自定义路径）',
  `gen_path` varchar(200) CHARACTER SET utf8mb4 COLLATE utf8mb4_0900_ai_ci NOT NULL DEFAULT '/' COMMENT '生成路径（不填默认项目路径）',
  `options` varchar(1000) CHARACTER SET utf8mb4 COLLATE utf8mb4_0900_ai_ci NOT NULL DEFAULT '' COMMENT '其它生成选项',
  `status` char(1) CHARACTER SET utf8mb4 COLLATE utf8mb4_0900_ai_ci NOT NULL DEFAULT '0' COMMENT '状态',
  `del_flag` char(1) CHARACTER SET utf8mb4 COLLATE utf8mb4_0900_ai_ci NOT NULL DEFAULT '0' COMMENT '删除标志',
  `create_by` varchar(64) CHARACTER SET utf8mb4 COLLATE utf8mb4_0900_ai_ci NOT NULL DEFAULT '' COMMENT '创建者',
  `create_time` datetime(6) NULL DEFAULT CURRENT_TIMESTAMP(6) COMMENT '创建时间',
  `update_by` varchar(64) CHARACTER SET utf8mb4 COLLATE utf8mb4_0900_ai_ci NOT NULL DEFAULT '' COMMENT '更新者',
  `update_time` datetime(6) NULL DEFAULT CURRENT_TIMESTAMP(6) ON UPDATE CURRENT_TIMESTAMP(6) COMMENT '更新时间',
  `remark` varchar(500) CHARACTER SET utf8mb4 COLLATE utf8mb4_0900_ai_ci NULL DEFAULT NULL COMMENT '备注',
  PRIMARY KEY (`table_id`) USING BTREE
) ENGINE = InnoDB AUTO_INCREMENT = 2 CHARACTER SET = utf8mb4 COLLATE = utf8mb4_0900_ai_ci COMMENT = '代码生成业务表' ROW_FORMAT = Dynamic;

-- ----------------------------
-- Records of gen_table
-- ----------------------------

-- ----------------------------
-- Table structure for gen_table_column
-- ----------------------------
DROP TABLE IF EXISTS `gen_table_column`;
CREATE TABLE `gen_table_column`  (
  `column_id` int NOT NULL AUTO_INCREMENT COMMENT '编号',
  `table_id` int NOT NULL COMMENT '归属表编号',
  `column_name` varchar(200) CHARACTER SET utf8mb4 COLLATE utf8mb4_0900_ai_ci NOT NULL COMMENT '列名称',
  `column_comment` varchar(500) CHARACTER SET utf8mb4 COLLATE utf8mb4_0900_ai_ci NOT NULL COMMENT '列描述',
  `column_type` varchar(100) CHARACTER SET utf8mb4 COLLATE utf8mb4_0900_ai_ci NOT NULL COMMENT '列类型',
  `java_type` varchar(500) CHARACTER SET utf8mb4 COLLATE utf8mb4_0900_ai_ci NOT NULL COMMENT 'JAVA类型',
  `java_field` varchar(200) CHARACTER SET utf8mb4 COLLATE utf8mb4_0900_ai_ci NOT NULL COMMENT 'JAVA字段名',
  `is_pk` char(1) CHARACTER SET utf8mb4 COLLATE utf8mb4_0900_ai_ci NOT NULL DEFAULT '0' COMMENT '是否主键（1是）',
  `is_increment` char(1) CHARACTER SET utf8mb4 COLLATE utf8mb4_0900_ai_ci NOT NULL DEFAULT '0' COMMENT '是否自增（1是）',
  `is_required` char(1) CHARACTER SET utf8mb4 COLLATE utf8mb4_0900_ai_ci NOT NULL DEFAULT '0' COMMENT '是否必填（1是）',
  `is_insert` char(1) CHARACTER SET utf8mb4 COLLATE utf8mb4_0900_ai_ci NOT NULL DEFAULT '0' COMMENT '是否为插入字段（1是）',
  `is_edit` char(1) CHARACTER SET utf8mb4 COLLATE utf8mb4_0900_ai_ci NULL DEFAULT '0' COMMENT '是否编辑字段（1是）',
  `is_list` char(1) CHARACTER SET utf8mb4 COLLATE utf8mb4_0900_ai_ci NULL DEFAULT '0' COMMENT '是否列表字段（1是）',
  `is_query` char(1) CHARACTER SET utf8mb4 COLLATE utf8mb4_0900_ai_ci NULL DEFAULT '1' COMMENT '是否查询字段（1是）',
  `query_type` varchar(200) CHARACTER SET utf8mb4 COLLATE utf8mb4_0900_ai_ci NOT NULL DEFAULT 'EQ' COMMENT '查询方式（等于、不等于、大于、小于、范围）',
  `html_type` varchar(200) CHARACTER SET utf8mb4 COLLATE utf8mb4_0900_ai_ci NOT NULL DEFAULT '' COMMENT '显示类型（文本框、文本域、下拉框、复选框、单选框、日期控件）',
  `dict_type` varchar(200) CHARACTER SET utf8mb4 COLLATE utf8mb4_0900_ai_ci NOT NULL DEFAULT '' COMMENT '字典类型',
  `column_default` varchar(200) CHARACTER SET utf8mb4 COLLATE utf8mb4_0900_ai_ci NULL DEFAULT NULL COMMENT '默认值',
  `sort` int NOT NULL COMMENT '排序',
  `status` char(1) CHARACTER SET utf8mb4 COLLATE utf8mb4_0900_ai_ci NOT NULL DEFAULT '0' COMMENT '状态',
  `del_flag` char(1) CHARACTER SET utf8mb4 COLLATE utf8mb4_0900_ai_ci NOT NULL DEFAULT '0' COMMENT '删除标志',
  `create_by` varchar(64) CHARACTER SET utf8mb4 COLLATE utf8mb4_0900_ai_ci NOT NULL DEFAULT '' COMMENT '创建者',
  `create_time` datetime(6) NULL DEFAULT CURRENT_TIMESTAMP(6) COMMENT '创建时间',
  `update_by` varchar(64) CHARACTER SET utf8mb4 COLLATE utf8mb4_0900_ai_ci NOT NULL DEFAULT '' COMMENT '更新者',
  `update_time` datetime(6) NULL DEFAULT CURRENT_TIMESTAMP(6) ON UPDATE CURRENT_TIMESTAMP(6) COMMENT '更新时间',
  `remark` varchar(500) CHARACTER SET utf8mb4 COLLATE utf8mb4_0900_ai_ci NULL DEFAULT NULL COMMENT '备注',
  PRIMARY KEY (`column_id`) USING BTREE
) ENGINE = InnoDB AUTO_INCREMENT = 14 CHARACTER SET = utf8mb4 COLLATE = utf8mb4_0900_ai_ci COMMENT = '代码生成业务表字段' ROW_FORMAT = Dynamic;

-- ----------------------------
-- Records of gen_table_column
-- ----------------------------

-- ----------------------------
-- Table structure for music_album
-- ----------------------------
DROP TABLE IF EXISTS `music_album`;
CREATE TABLE `music_album`  (
  `del_flag` char(1) CHARACTER SET utf8mb4 COLLATE utf8mb4_zh_0900_as_cs NOT NULL DEFAULT '0' COMMENT '删除标志',
  `status` char(1) CHARACTER SET utf8mb4 COLLATE utf8mb4_zh_0900_as_cs NOT NULL DEFAULT '0' COMMENT '状态',
  `create_by` varchar(64) CHARACTER SET utf8mb4 COLLATE utf8mb4_zh_0900_as_cs NOT NULL DEFAULT '' COMMENT '创建者',
  `create_time` datetime(6) NULL DEFAULT CURRENT_TIMESTAMP(6) COMMENT '创建时间',
  `update_by` varchar(64) CHARACTER SET utf8mb4 COLLATE utf8mb4_zh_0900_as_cs NOT NULL DEFAULT '' COMMENT '更新者',
  `update_time` datetime(6) NULL DEFAULT CURRENT_TIMESTAMP(6) ON UPDATE CURRENT_TIMESTAMP(6) COMMENT '更新时间',
  `remark` varchar(500) CHARACTER SET utf8mb4 COLLATE utf8mb4_zh_0900_as_cs NULL DEFAULT NULL COMMENT '备注',
  `album_id` int NOT NULL AUTO_INCREMENT COMMENT '专辑ID',
  `name` varchar(128) CHARACTER SET utf8mb4 COLLATE utf8mb4_zh_0900_as_cs NOT NULL COMMENT '专辑名称',
  `alias` json NULL COMMENT '专辑别名',
  `netease_album_id` varchar(64) CHARACTER SET utf8mb4 COLLATE utf8mb4_zh_0900_as_cs NULL DEFAULT NULL COMMENT '关联第三方网易云专辑ID',
  `artist_id` varchar(32) CHARACTER SET utf8mb4 COLLATE utf8mb4_zh_0900_as_cs NOT NULL COMMENT '歌手ID',
  `artist_name` varchar(128) CHARACTER SET utf8mb4 COLLATE utf8mb4_zh_0900_as_cs NOT NULL COMMENT '歌手名称',
  `pic_url` varchar(512) CHARACTER SET utf8mb4 COLLATE utf8mb4_zh_0900_as_cs NULL DEFAULT NULL COMMENT '专辑封面图片URL',
  `blur_pic_url` varchar(512) CHARACTER SET utf8mb4 COLLATE utf8mb4_zh_0900_as_cs NULL DEFAULT NULL COMMENT '模糊封面图片URL',
  `company` varchar(128) CHARACTER SET utf8mb4 COLLATE utf8mb4_zh_0900_as_cs NULL DEFAULT NULL COMMENT '发行公司',
  `publish_time` date NULL DEFAULT NULL COMMENT '发行日期',
  `type` varchar(64) CHARACTER SET utf8mb4 COLLATE utf8mb4_zh_0900_as_cs NULL DEFAULT NULL COMMENT '专辑类型',
  `sub_type` varchar(64) CHARACTER SET utf8mb4 COLLATE utf8mb4_zh_0900_as_cs NULL DEFAULT NULL COMMENT '专辑子类型',
  `size` int NOT NULL DEFAULT 0 COMMENT '专辑包含歌曲数量',
  `description` text CHARACTER SET utf8mb4 COLLATE utf8mb4_zh_0900_as_cs NULL COMMENT '详细介绍',
  `brief_desc` varchar(512) CHARACTER SET utf8mb4 COLLATE utf8mb4_zh_0900_as_cs NULL DEFAULT NULL COMMENT '简短描述',
  PRIMARY KEY (`album_id`) USING BTREE
) ENGINE = InnoDB AUTO_INCREMENT = 45 CHARACTER SET = utf8mb4 COLLATE = utf8mb4_zh_0900_as_cs COMMENT = '音乐专辑表' ROW_FORMAT = Dynamic;

-- ----------------------------
-- Records of music_album
-- ----------------------------
INSERT INTO `music_album` VALUES ('0', '0', 'system_sync', '2026-06-12 20:20:44.699401', '', '2026-06-12 20:20:44.699401', NULL, 1, '2026时间折叠巡回演唱会', '[]', '368328265', '5929', '徐良', 'https://p4.music.126.net/FBJjIJ_vHGhlkNtcDlxJzg==/109951173184214317.jpg', 'https://p3.music.126.net/FBJjIJ_vHGhlkNtcDlxJzg==/109951173184214317.jpg', '一寸光年', '2026-03-28', '专辑', '现场版', 8, '', '');
INSERT INTO `music_album` VALUES ('0', '0', 'system_sync', '2026-06-12 20:20:44.705587', '', '2026-06-12 20:20:44.705587', NULL, 2, '何慕卿', '[]', '251851577', '5929', '徐良', 'https://p4.music.126.net/fKHMCHorYUaed0hf2fKt1g==/109951170073894248.jpg', 'https://p3.music.126.net/fKHMCHorYUaed0hf2fKt1g==/109951170073894248.jpg', '一寸光年', '2024-10-25', 'Single', '录音室版', 2, '', '');
INSERT INTO `music_album` VALUES ('0', '0', 'system_sync', '2026-06-12 20:20:44.708564', '', '2026-06-12 20:20:44.708564', NULL, 3, '我会等', '[]', '366638392', '5929', '徐良', 'https://p4.music.126.net/-B4pU9scvWlO58QRR_xGgA==/109951172899827810.jpg', 'https://p4.music.126.net/-B4pU9scvWlO58QRR_xGgA==/109951172899827810.jpg', '一寸光年', '2024-02-29', 'Single', '录音室版', 2, '', '');
INSERT INTO `music_album` VALUES ('0', '0', 'system_sync', '2026-06-12 20:20:44.710670', '', '2026-06-12 20:20:44.710670', NULL, 4, '见字如面', '[]', '175255161', '5929', '徐良', 'https://p3.music.126.net/MAkjN-rUqXyuf5t5mJ-tSA==/109951168930652373.jpg', 'https://p3.music.126.net/MAkjN-rUqXyuf5t5mJ-tSA==/109951168930652373.jpg', '一寸光年', '2023-09-19', 'Single', '录音室版', 2, '', '');
INSERT INTO `music_album` VALUES ('0', '0', 'system_sync', '2026-06-12 20:20:44.712998', '', '2026-06-12 20:20:44.712998', NULL, 5, '伶人', '[]', '175000980', '10695', '张远', 'https://p4.music.126.net/ZJc8WlWsXcon_EWozgsktA==/109951168924234393.jpg', 'https://p3.music.126.net/ZJc8WlWsXcon_EWozgsktA==/109951168924234393.jpg', '武汉一寸光年文化传播有限公司', '2023-09-16', 'Single', '录音室版', 2, '', '');
INSERT INTO `music_album` VALUES ('0', '0', 'system_sync', '2026-06-12 20:20:44.715578', '', '2026-06-12 20:20:44.715578', NULL, 6, '捻秋花', '[]', '148403524', '5929', '徐良', 'https://p3.music.126.net/3tCxqV3JA3yxZXnTyV75KQ==/109951167696738023.jpg', 'https://p4.music.126.net/3tCxqV3JA3yxZXnTyV75KQ==/109951167696738023.jpg', '讯通诒合', '2022-07-20', 'Single', '录音室版', 2, '', '');
INSERT INTO `music_album` VALUES ('0', '0', 'system_sync', '2026-06-12 20:20:44.718149', '', '2026-06-12 20:20:44.718149', NULL, 7, '爱上特种兵 影视剧音乐原声', '[]', '129954531', '3273', '胡夏', 'https://p3.music.126.net/A42ZbVpJ5pDNz1RIJnyWsA==/109951166150477089.jpg', 'https://p4.music.126.net/A42ZbVpJ5pDNz1RIJnyWsA==/109951166150477089.jpg', '上海郑来君音乐工作室', '2021-07-07', '专辑', '录音室版', 16, '', '');
INSERT INTO `music_album` VALUES ('0', '0', 'system_sync', '2026-06-12 20:20:44.720408', '', '2026-06-12 20:20:44.720408', NULL, 8, '人面桃花', '[]', '99229315', '5929', '徐良', 'https://p4.music.126.net/k-jNOAF_-gL4bBJHl2Nthw==/109951165524736024.jpg', 'https://p3.music.126.net/k-jNOAF_-gL4bBJHl2Nthw==/109951165524736024.jpg', '讯通诒合', '2020-12-07', 'Single', '录音室版', 2, '', '');
INSERT INTO `music_album` VALUES ('0', '0', 'system_sync', '2026-06-12 20:20:44.723141', '', '2026-06-12 20:20:44.723141', NULL, 9, '风清', '[]', '89920313', '5929', '徐良', 'https://p4.music.126.net/Lk5rYn1dq2znDlcT2or97g==/109951165015148255.jpg', 'https://p4.music.126.net/Lk5rYn1dq2znDlcT2or97g==/109951165015148255.jpg', '新律文化', '2020-05-25', 'Single', '录音室版', 2, '', '');
INSERT INTO `music_album` VALUES ('0', '0', 'system_sync', '2026-06-12 20:20:44.725224', '', '2026-06-12 20:20:44.725224', NULL, 10, '凡尘', '[]', '87154192', '7481', '崔子格', 'https://p4.music.126.net/5NbAyPENKHkDUBLE0byXkw==/109951164856234852.jpg', 'https://p4.music.126.net/5NbAyPENKHkDUBLE0byXkw==/109951164856234852.jpg', '新律文化', '2020-03-29', 'Single', '录音室版', 2, '', '');
INSERT INTO `music_album` VALUES ('0', '0', 'system_sync', '2026-06-12 20:20:44.727173', '', '2026-06-12 20:20:44.727173', NULL, 11, '逍遥辞', '[]', '84241544', '5929', '徐良', 'https://p3.music.126.net/06jnuN2soFln3BCBd6z-Fw==/109951164569330580.jpg', 'https://p4.music.126.net/06jnuN2soFln3BCBd6z-Fw==/109951164569330580.jpg', '讯通诒合', '2019-12-23', 'Single', '录音室版', 1, '', '');
INSERT INTO `music_album` VALUES ('0', '0', 'system_sync', '2026-06-12 20:20:44.728828', '', '2026-06-12 20:20:44.728828', NULL, 12, '学戏', '[]', '80584954', '5929', '徐良', 'https://p4.music.126.net/Uwe4aGnxIeMXqV9Rhy7v1A==/109951164235835158.jpg', 'https://p3.music.126.net/Uwe4aGnxIeMXqV9Rhy7v1A==/109951164235835158.jpg', '大象无形', '2019-07-25', 'Single', '录音室版', 2, '', '');
INSERT INTO `music_album` VALUES ('0', '0', 'system_sync', '2026-06-12 20:20:44.731034', '', '2026-06-12 20:20:44.731034', NULL, 13, '黑白相纸', '[]', '75816535', '5929', '徐良', 'https://p3.music.126.net/FsbclcxglTVCpJv9IrT2Vg==/109951167610816906.jpg', 'https://p4.music.126.net/FsbclcxglTVCpJv9IrT2Vg==/109951167610816906.jpg', '大象无形', '2019-06-05', 'Single', '录音室版', 1, '', '');
INSERT INTO `music_album` VALUES ('0', '0', 'system_sync', '2026-06-12 20:20:44.733306', '', '2026-06-12 20:20:44.733306', NULL, 14, '莫再提', '[]', '78953472', '5929', '徐良', 'https://p3.music.126.net/kDuBhsEnrcV7g5_1bGNKXg==/109951164053967592.jpg', 'https://p4.music.126.net/kDuBhsEnrcV7g5_1bGNKXg==/109951164053967592.jpg', '大象无形', '2019-05-07', 'Single', '录音室版', 2, '', '');
INSERT INTO `music_album` VALUES ('0', '0', 'system_sync', '2026-06-12 20:20:44.737924', '', '2026-06-12 20:20:44.737924', NULL, 15, '盗御马', '[]', '78544747', '5929', '徐良', 'https://p4.music.126.net/QoS4D0FHc_K4WS6U7GMhqw==/109951164007363593.jpg', 'https://p4.music.126.net/QoS4D0FHc_K4WS6U7GMhqw==/109951164007363593.jpg', '大象无形', '2019-04-17', 'Single', '录音室版', 2, '', '');
INSERT INTO `music_album` VALUES ('0', '0', 'system_sync', '2026-06-12 20:20:44.740428', '', '2026-06-12 20:20:44.740428', NULL, 16, '触电', '[]', '74266463', '5929', '徐良', 'https://p4.music.126.net/wIFAQ4fUPsUElhemF08EuA==/109951163694965059.jpg', 'https://p3.music.126.net/wIFAQ4fUPsUElhemF08EuA==/109951163694965059.jpg', '大象无形', '2018-11-30', 'Single', '录音室版', 1, '', '');
INSERT INTO `music_album` VALUES ('0', '0', 'system_sync', '2026-06-12 20:20:44.742406', '', '2026-06-12 20:20:44.742406', NULL, 17, '玩所未玩', '[]', '74151895', '5929', '徐良', 'https://p3.music.126.net/MTkhw1whWW0NoQYakDufUQ==/109951163648342530.jpg', 'https://p3.music.126.net/MTkhw1whWW0NoQYakDufUQ==/109951163648342530.jpg', '芝麻无限传媒', '2018-11-06', 'Single', '录音室版', 2, '', '');
INSERT INTO `music_album` VALUES ('0', '0', 'system_sync', '2026-06-12 20:20:44.744243', '', '2026-06-12 20:20:44.744243', NULL, 18, '考虑到可能再也见不到你', '[]', '73470775', '5929', '徐良', 'https://p3.music.126.net/CKumVHRBsIFExQoK1Y77aQ==/109951163569789624.jpg', 'https://p4.music.126.net/CKumVHRBsIFExQoK1Y77aQ==/109951163569789624.jpg', '大象无形', '2018-09-26', '专辑', '录音室版', 20, '', '');
INSERT INTO `music_album` VALUES ('0', '0', 'system_sync', '2026-06-12 20:20:44.746247', '', '2026-06-12 20:20:44.746247', NULL, 19, '劫', '[]', '73479878', '5929', '徐良', 'https://p4.music.126.net/GYj_Z799QPk99ZS-5olwIg==/109951163569833569.jpg', 'https://p4.music.126.net/GYj_Z799QPk99ZS-5olwIg==/109951163569833569.jpg', '浣沙文化', '2018-09-25', 'Single', '录音室版', 2, '', '');
INSERT INTO `music_album` VALUES ('0', '0', 'system_sync', '2026-06-12 20:20:44.749151', '', '2026-06-12 20:20:44.749151', NULL, 20, '写给妹妹的歌', '[\"电影《快把我哥带走》主题曲\"]', '71723086', '5538', '汪苏泷', 'https://p3.music.126.net/peo5xEbELOeF8Nh3WXzm4Q==/109951163403165629.jpg', 'https://p3.music.126.net/peo5xEbELOeF8Nh3WXzm4Q==/109951163403165629.jpg', '乐加音乐', '2018-07-12', 'Single', '录音室版', 1, '', '');
INSERT INTO `music_album` VALUES ('0', '0', 'system_sync', '2026-06-12 20:20:44.751525', '', '2026-06-12 20:20:44.751525', NULL, 21, '再见啦同学', '[]', '39723112', '5929', '徐良', 'https://p3.music.126.net/xOZSS8qc-T9JRjm98aDcHQ==/109951163366898116.jpg', 'https://p4.music.126.net/xOZSS8qc-T9JRjm98aDcHQ==/109951163366898116.jpg', '大象无形', '2018-06-20', 'Single', '录音室版', 1, '', '');
INSERT INTO `music_album` VALUES ('0', '0', 'system_sync', '2026-06-12 20:20:44.753749', '', '2026-06-12 20:20:44.753749', NULL, 22, '还是想念', '[\"电视剧《路从今夜白之遇见青春》片尾曲\"]', '36702056', '5929', '徐良', 'https://p4.music.126.net/Ljq1EeAYQV1rI8UK8trZUw==/109951163054803929.jpg', 'https://p3.music.126.net/Ljq1EeAYQV1rI8UK8trZUw==/109951163054803929.jpg', '听见时代', '2017-10-31', 'Single', '录音室版', 1, '', '');
INSERT INTO `music_album` VALUES ('0', '0', 'system_sync', '2026-06-12 20:20:44.755668', '', '2026-06-12 20:20:44.755668', NULL, 23, '上火星球', '[]', '36097044', '5929', '徐良', 'https://p4.music.126.net/tA-f373dwQvrQxK6zvDIbw==/109951163016446043.jpg', 'https://p4.music.126.net/tA-f373dwQvrQxK6zvDIbw==/109951163016446043.jpg', '唐羽文化', '2017-09-01', 'Single', '录音室版', 1, '', '');
INSERT INTO `music_album` VALUES ('0', '0', 'system_sync', '2026-06-12 20:20:44.757684', '', '2026-06-12 20:20:44.757684', NULL, 24, '东西世界', '[]', '78584295', '5929', '徐良', 'https://p3.music.126.net/bF-B1GTIlowbLLHwo4Tu8w==/109951168750495471.jpg', 'https://p4.music.126.net/bF-B1GTIlowbLLHwo4Tu8w==/109951168750495471.jpg', '大象无形', '2017-06-30', '专辑', '录音室版', 10, '', '');
INSERT INTO `music_album` VALUES ('0', '0', 'system_sync', '2026-06-12 20:20:44.760228', '', '2026-06-12 20:20:44.760228', NULL, 25, '简单的温热', '[\"电视剧《不一样的美男子2》插曲\"]', '35261243', '5929', '徐良', 'https://p3.music.126.net/jZzzFb6wePikvxhdvWNW6Q==/18600438208927246.jpg', 'https://p3.music.126.net/jZzzFb6wePikvxhdvWNW6Q==/18600438208927246.jpg', '听见时代', '2017-03-14', 'Single', '录音室版', 1, '', '');
INSERT INTO `music_album` VALUES ('0', '0', 'system_sync', '2026-06-12 20:20:44.763292', '', '2026-06-12 20:20:44.763292', NULL, 26, '请在哔声后留言 (Dark Version)', '[]', '34869225', '5929', '徐良', 'https://p3.music.126.net/hLpRBTMHqQI791EoBOcWbQ==/3412884120543505.jpg', 'https://p3.music.126.net/hLpRBTMHqQI791EoBOcWbQ==/3412884120543505.jpg', '大象音乐', '2016-09-12', 'Single', '录音室版', 1, '', '');
INSERT INTO `music_album` VALUES ('0', '0', 'system_sync', '2026-06-12 20:20:44.766169', '', '2026-06-12 20:20:44.766169', NULL, 27, '心跳时光', '[]', '34796281', '5929', '徐良', 'https://p4.music.126.net/DbGxygvg0AC5En9l24H-uA==/1422768059836356.jpg', 'https://p3.music.126.net/DbGxygvg0AC5En9l24H-uA==/1422768059836356.jpg', '大象音乐', '2016-07-29', 'Single', '录音室版', 1, '', '');
INSERT INTO `music_album` VALUES ('0', '0', 'system_sync', '2026-06-12 20:20:44.768679', '', '2026-06-12 20:20:44.768679', NULL, 28, '请在哔声后留言', '[]', '34783081', '5929', '徐良', 'https://p4.music.126.net/KjXQR3P-zuzC0IhZo_PV4Q==/1386484175539505.jpg', 'https://p4.music.126.net/KjXQR3P-zuzC0IhZo_PV4Q==/1386484175539505.jpg', '海蝶', '2016-07-15', '专辑', '录音室版', 11, '', '');
INSERT INTO `music_album` VALUES ('0', '0', 'system_sync', '2026-06-12 20:20:44.771253', '', '2026-06-12 20:20:44.771253', NULL, 29, '华生', '[]', '3420231', '5929', '徐良', 'https://p3.music.126.net/-j8zDJVosBgPC2AIQYR75Q==/3262251006320943.jpg', 'https://p4.music.126.net/-j8zDJVosBgPC2AIQYR75Q==/3262251006320943.jpg', '海蝶', '2015-12-01', 'Single', '录音室版', 1, '', '');
INSERT INTO `music_album` VALUES ('0', '0', 'system_sync', '2026-06-12 20:20:44.773149', '', '2026-06-12 20:20:44.773149', NULL, 30, '创作者', '[]', '36784288', '5929', '徐良', 'https://p4.music.126.net/hpGWjjwtZWoZVrdENOD9hw==/109951163063957989.jpg', 'https://p3.music.126.net/hpGWjjwtZWoZVrdENOD9hw==/109951163063957989.jpg', '大象无形', '2015-08-19', 'Single', '录音室版', 1, '', '');
INSERT INTO `music_album` VALUES ('0', '0', 'system_sync', '2026-06-12 20:20:44.774978', '', '2026-06-12 20:20:44.774978', NULL, 31, '我', '[]', '3084709', '5929', '徐良', 'https://p4.music.126.net/nIQYLt0uG-o5bUNkVRrk1g==/109951164006894277.jpg', 'https://p4.music.126.net/nIQYLt0uG-o5bUNkVRrk1g==/109951164006894277.jpg', '海蝶', '2014-12-25', '专辑', '录音室版', 10, '', '');
INSERT INTO `music_album` VALUES ('0', '0', 'system_sync', '2026-06-12 20:20:44.776810', '', '2026-06-12 20:20:44.776810', NULL, 32, '星座恋人', '[]', '3070833', '5929', '徐良', 'https://p3.music.126.net/xOlsbymXEb1Omfd1-sqBLg==/6647647302654194.jpg', 'https://p3.music.126.net/xOlsbymXEb1Omfd1-sqBLg==/6647647302654194.jpg', '海蝶', '2014-11-25', 'Single', '录音室版', 1, '', '');
INSERT INTO `music_album` VALUES ('0', '0', 'system_sync', '2026-06-12 20:20:44.778947', '', '2026-06-12 20:20:44.778947', NULL, 33, 'I will be OK', '[]', '3066127', '5929', '徐良', 'https://p4.music.126.net/aKA2pMNgmT_NcUVqQnT1ww==/3243559302539106.jpg', 'https://p3.music.126.net/aKA2pMNgmT_NcUVqQnT1ww==/3243559302539106.jpg', '海蝶', '2014-11-11', 'Single', '录音室版', 1, '', '');
INSERT INTO `music_album` VALUES ('0', '0', 'system_sync', '2026-06-12 20:20:44.781159', '', '2026-06-12 20:20:44.781159', NULL, 34, '邂逅', '[]', '2891217', '5929', '徐良', 'https://p4.music.126.net/05Nn_sIjdnv351HXEqtnyg==/109951168750506105.jpg', 'https://p4.music.126.net/05Nn_sIjdnv351HXEqtnyg==/109951168750506105.jpg', '海蝶', '2014-07-08', 'Single', '录音室版', 1, '', '');
INSERT INTO `music_album` VALUES ('0', '0', 'system_sync', '2026-06-12 20:20:44.783343', '', '2026-06-12 20:20:44.783343', NULL, 35, '情话', '[]', '2449015', '5929', '徐良', 'https://p4.music.126.net/Eiq_XiRNqiXJEwmFzLTtow==/109951172050975516.jpg', 'https://p3.music.126.net/Eiq_XiRNqiXJEwmFzLTtow==/109951172050975516.jpg', '美妙音乐', '2013-11-18', '专辑', '录音室版', 13, '', '');
INSERT INTO `music_album` VALUES ('0', '0', 'system_sync', '2026-06-12 20:20:44.785186', '', '2026-06-12 20:20:44.785186', NULL, 36, '北京巷弄', '[]', '2532348', '5929', '徐良', 'https://p4.music.126.net/7zWOgeB5pu8iVE7tmhtWjw==/109951164187964072.jpg', 'https://p3.music.126.net/7zWOgeB5pu8iVE7tmhtWjw==/109951164187964072.jpg', '美妙音乐', '2013-07-11', 'EP', '录音室版', 6, '', '');
INSERT INTO `music_album` VALUES ('0', '0', 'system_sync', '2026-06-12 20:20:44.786916', '', '2026-06-12 20:20:44.786916', NULL, 37, '那时雨', '[]', '2342012', '5929', '徐良', 'https://p3.music.126.net/ecSWETjwzJuM47qaIm3ExA==/2279287604395078.jpg', 'https://p3.music.126.net/ecSWETjwzJuM47qaIm3ExA==/2279287604395078.jpg', '美妙音乐', '2013-03-14', 'Single', '录音室版', 2, '', '');
INSERT INTO `music_album` VALUES ('0', '0', 'system_sync', '2026-06-12 20:20:44.788588', '', '2026-06-12 20:20:44.788588', NULL, 38, '天堂岛 游戏原声带', '[]', '154397567', '5929', '徐良', 'https://p4.music.126.net/NgxiJNGoUEXyVN07w0ZZbg==/109951168030025421.jpg', 'https://p4.music.126.net/NgxiJNGoUEXyVN07w0ZZbg==/109951168030025421.jpg', '唐羽文化', '2013-01-14', 'Single', '录音室版', 1, '', '');
INSERT INTO `music_album` VALUES ('0', '0', 'system_sync', '2026-06-12 20:20:44.790127', '', '2026-06-12 20:20:44.790127', NULL, 39, '无颜女', '[]', '17593', '5929', '徐良', 'https://p4.music.126.net/OCwY9sl-w3y-lzYf_bi1FA==/124244813944437.jpg', 'https://p3.music.126.net/OCwY9sl-w3y-lzYf_bi1FA==/124244813944437.jpg', '美妙音乐', '2012-06-07', 'Single', '录音室版', 1, '', '');
INSERT INTO `music_album` VALUES ('0', '0', 'system_sync', '2026-06-12 20:20:44.791842', '', '2026-06-12 20:20:44.791842', NULL, 40, '不良少年', '[]', '17594', '5929', '徐良', 'https://p4.music.126.net/a82aXr_eNkbFX0BkXuKvgg==/109951172050962571.jpg', 'https://p3.music.126.net/a82aXr_eNkbFX0BkXuKvgg==/109951172050962571.jpg', '美妙音乐', '2011-12-26', '专辑', '录音室版', 9, '', '');
INSERT INTO `music_album` VALUES ('0', '0', 'system_sync', '2026-06-12 20:20:44.793605', '', '2026-06-12 20:20:44.793605', NULL, 41, '飞机场', '[]', '17597', '5929', '徐良', 'https://p4.music.126.net/DvlrxSN0CLxVtfo7XaNa0g==/24189255823169.jpg', 'https://p3.music.126.net/DvlrxSN0CLxVtfo7XaNa0g==/24189255823169.jpg', '金船文化', '2011-06-12', 'Single', '录音室版', 2, '', '');
INSERT INTO `music_album` VALUES ('0', '0', 'system_sync', '2026-06-12 20:20:44.795378', '', '2026-06-12 20:20:44.795378', NULL, 42, '羞红的夏天', '[]', '75815402', '5929', '徐良', 'https://p4.music.126.net/yLvE_yo2HgW7nv0xUBo2ng==/109951167611561286.jpg', 'https://p3.music.126.net/yLvE_yo2HgW7nv0xUBo2ng==/109951167611561286.jpg', '大象无形', '2011-03-11', 'Single', '录音室版', 1, '', '');
INSERT INTO `music_album` VALUES ('0', '0', 'system_sync', '2026-06-12 20:20:44.797125', '', '2026-06-12 20:20:44.797125', NULL, 43, '犯贱', '[]', '17598', '5929', '徐良', 'https://p3.music.126.net/ImNPIBQmUdqCjdeAs6mr6A==/28587302323242.jpg', 'https://p4.music.126.net/ImNPIBQmUdqCjdeAs6mr6A==/28587302323242.jpg', '大象无形', '2010-12-24', '专辑', '录音室版', 17, '', '');
INSERT INTO `music_album` VALUES ('0', '0', 'system_sync', '2026-06-12 20:20:44.799425', '', '2026-06-12 20:20:44.799425', NULL, 44, '徐良原创合集', '[]', '2533032', '5929', '徐良', 'https://p3.music.126.net/fc__RxMAdr_pX2fTubeZLg==/4456320627390033.jpg', 'https://p3.music.126.net/fc__RxMAdr_pX2fTubeZLg==/4456320627390033.jpg', '大象无形', '2010-12-24', '合集', '录音室版', 41, '', '');

-- ----------------------------
-- Table structure for music_song
-- ----------------------------
DROP TABLE IF EXISTS `music_song`;
CREATE TABLE `music_song`  (
  `del_flag` char(1) CHARACTER SET utf8mb4 COLLATE utf8mb4_zh_0900_as_cs NOT NULL DEFAULT '0' COMMENT '删除标志',
  `status` char(1) CHARACTER SET utf8mb4 COLLATE utf8mb4_zh_0900_as_cs NOT NULL DEFAULT '0' COMMENT '状态',
  `create_by` varchar(64) CHARACTER SET utf8mb4 COLLATE utf8mb4_zh_0900_as_cs NOT NULL DEFAULT '' COMMENT '创建者',
  `create_time` datetime(6) NULL DEFAULT CURRENT_TIMESTAMP(6) COMMENT '创建时间',
  `update_by` varchar(64) CHARACTER SET utf8mb4 COLLATE utf8mb4_zh_0900_as_cs NOT NULL DEFAULT '' COMMENT '更新者',
  `update_time` datetime(6) NULL DEFAULT CURRENT_TIMESTAMP(6) ON UPDATE CURRENT_TIMESTAMP(6) COMMENT '更新时间',
  `remark` varchar(500) CHARACTER SET utf8mb4 COLLATE utf8mb4_zh_0900_as_cs NULL DEFAULT NULL COMMENT '备注',
  `song_id` int NOT NULL AUTO_INCREMENT COMMENT '歌曲ID',
  `name` varchar(128) CHARACTER SET utf8mb4 COLLATE utf8mb4_zh_0900_as_cs NOT NULL COMMENT '歌曲名称',
  `alias` json NULL COMMENT '歌曲别名',
  `album_id` varchar(32) CHARACTER SET utf8mb4 COLLATE utf8mb4_zh_0900_as_cs NOT NULL COMMENT '关联的专辑ID',
  `album_name` varchar(128) CHARACTER SET utf8mb4 COLLATE utf8mb4_zh_0900_as_cs NOT NULL COMMENT '专辑名称',
  `album_cover` varchar(512) CHARACTER SET utf8mb4 COLLATE utf8mb4_zh_0900_as_cs NULL DEFAULT NULL COMMENT '专辑封面URL',
  `audio_url` varchar(512) CHARACTER SET utf8mb4 COLLATE utf8mb4_zh_0900_as_cs NULL DEFAULT NULL COMMENT '自建/永久音频流直链',
  `netease_song_id` varchar(64) CHARACTER SET utf8mb4 COLLATE utf8mb4_zh_0900_as_cs NULL DEFAULT NULL COMMENT '关联第三方网易云歌曲ID',
  `qq_song_id` varchar(64) CHARACTER SET utf8mb4 COLLATE utf8mb4_zh_0900_as_cs NULL DEFAULT NULL COMMENT '关联第三方QQ音乐歌曲ID',
  `duration_ms` int NOT NULL DEFAULT 0 COMMENT '歌曲时长（单位：毫秒）',
  `audio_size` bigint NOT NULL DEFAULT 0 COMMENT '音频文件大小(字节)',
  `audio_type` varchar(16) CHARACTER SET utf8mb4 COLLATE utf8mb4_zh_0900_as_cs NOT NULL DEFAULT 'mp3' COMMENT '音频格式',
  `bitrate` int NOT NULL DEFAULT 128000 COMMENT '音频码率',
  `tags` json NULL COMMENT '歌曲标签/流派',
  `release_date` date NULL DEFAULT NULL COMMENT '发行日期',
  `lyrics` text CHARACTER SET utf8mb4 COLLATE utf8mb4_zh_0900_as_cs NULL COMMENT 'LRC标准歌词',
  `has_translation` tinyint NOT NULL DEFAULT 0 COMMENT '是否有歌词翻译（0无 1有）',
  `qq_music_page` varchar(512) CHARACTER SET utf8mb4 COLLATE utf8mb4_zh_0900_as_cs NULL DEFAULT NULL COMMENT 'QQ音乐网页链接',
  `netease_page` varchar(512) CHARACTER SET utf8mb4 COLLATE utf8mb4_zh_0900_as_cs NULL DEFAULT NULL COMMENT '网易云网页链接',
  `mv_url` varchar(512) CHARACTER SET utf8mb4 COLLATE utf8mb4_zh_0900_as_cs NULL DEFAULT NULL COMMENT 'MV播放链接',
  `play_count` int NOT NULL DEFAULT 0 COMMENT '累计播放次数',
  `like_count` int NOT NULL DEFAULT 0 COMMENT '累计收藏数',
  `share_count` int NOT NULL DEFAULT 0 COMMENT '累计分享数',
  `sort_order` int NOT NULL DEFAULT 0 COMMENT '排序权重',
  PRIMARY KEY (`song_id`) USING BTREE
) ENGINE = InnoDB AUTO_INCREMENT = 390 CHARACTER SET = utf8mb4 COLLATE = utf8mb4_zh_0900_as_cs COMMENT = '音乐歌曲表' ROW_FORMAT = Dynamic;

-- ----------------------------
-- Records of music_song
-- ----------------------------
INSERT INTO `music_song` VALUES ('0', '0', 'system_sync', '2026-06-12 20:40:07.324201', '', '2026-06-12 20:40:07.324201', NULL, 1, '坏女孩', '[]', '17594', '不良少年', 'https://p4.music.126.net/a82aXr_eNkbFX0BkXuKvgg==/109951172050962571.jpg', 'https://music-1329039788.cos.ap-chengdu.myqcloud.com/songs/%E5%9D%8F%E5%A5%B3%E5%AD%A9.mp3', '174956', NULL, 242426, 3879959, 'mp3', 128000, '[]', NULL, NULL, 0, NULL, NULL, NULL, 0, 0, 0, 0);
INSERT INTO `music_song` VALUES ('0', '0', 'system_sync', '2026-06-12 20:40:09.078346', '', '2026-06-12 20:40:09.078346', NULL, 2, '那时雨', '[]', '2449015', '情话', 'https://p3.music.126.net/Eiq_XiRNqiXJEwmFzLTtow==/109951172050975516.jpg', 'https://music-1329039788.cos.ap-chengdu.myqcloud.com/songs/%E9%82%A3%E6%97%B6%E9%9B%A8.mp3', '27965209', NULL, 214400, 3431488, 'mp3', 128000, '[]', NULL, NULL, 0, NULL, NULL, NULL, 0, 0, 0, 0);
INSERT INTO `music_song` VALUES ('0', '0', 'system_sync', '2026-06-12 20:40:10.809706', '', '2026-06-12 20:40:10.809706', NULL, 3, '后会无期', '[]', '17594', '不良少年', 'https://p4.music.126.net/a82aXr_eNkbFX0BkXuKvgg==/109951172050962571.jpg', 'https://music-1329039788.cos.ap-chengdu.myqcloud.com/songs/%E5%90%8E%E4%BC%9A%E6%97%A0%E6%9C%9F.mp3', '174944', NULL, 206186, 3300249, 'mp3', 128000, '[]', NULL, NULL, 0, NULL, NULL, NULL, 0, 0, 0, 0);
INSERT INTO `music_song` VALUES ('0', '0', 'system_sync', '2026-06-12 20:40:12.777122', '', '2026-06-12 20:40:12.777122', NULL, 4, '无颜女', '[]', '17593', '无颜女', 'https://p4.music.126.net/OCwY9sl-w3y-lzYf_bi1FA==/124244813944437.jpg', 'https://music-1329039788.cos.ap-chengdu.myqcloud.com/songs/%E6%97%A0%E9%A2%9C%E5%A5%B3.mp3', '174934', NULL, 214046, 3425637, 'mp3', 128000, '[]', NULL, NULL, 0, NULL, NULL, NULL, 0, 0, 0, 0);
INSERT INTO `music_song` VALUES ('0', '0', 'system_sync', '2026-06-12 20:40:14.650255', '', '2026-06-12 20:40:14.650255', NULL, 5, '客官不可以', '[]', '17598', '犯贱', 'https://p3.music.126.net/ImNPIBQmUdqCjdeAs6mr6A==/28587302323242.jpg', 'https://music-1329039788.cos.ap-chengdu.myqcloud.com/songs/%E5%AE%A2%E5%AE%98%E4%B8%8D%E5%8F%AF%E4%BB%A5.mp3', '174963', NULL, 230853, 3694803, 'mp3', 128000, '[]', NULL, NULL, 0, NULL, NULL, NULL, 0, 0, 0, 0);
INSERT INTO `music_song` VALUES ('0', '0', 'system_sync', '2026-06-12 20:40:16.481155', '', '2026-06-12 20:40:16.481155', NULL, 6, '七秒钟的记忆', '[]', '2449015', '情话', 'https://p4.music.126.net/Eiq_XiRNqiXJEwmFzLTtow==/109951172050975516.jpg', 'https://music-1329039788.cos.ap-chengdu.myqcloud.com/songs/%E4%B8%83%E7%A7%92%E9%92%9F%E7%9A%84%E8%AE%B0%E5%BF%86.mp3', '26145112', NULL, 202056, 3233794, 'mp3', 128002, '[]', NULL, NULL, 0, NULL, NULL, NULL, 0, 0, 0, 0);
INSERT INTO `music_song` VALUES ('0', '0', 'system_sync', '2026-06-12 20:40:18.250699', '', '2026-06-12 20:40:18.250699', NULL, 7, '红装', '[]', '17598', '犯贱', 'https://p3.music.126.net/ImNPIBQmUdqCjdeAs6mr6A==/28587302323242.jpg', 'https://music-1329039788.cos.ap-chengdu.myqcloud.com/songs/%E7%BA%A2%E8%A3%85.mp3', '174961', NULL, 246505, 3945261, 'mp3', 128000, '[]', NULL, NULL, 0, NULL, NULL, NULL, 0, 0, 0, 0);
INSERT INTO `music_song` VALUES ('0', '0', 'system_sync', '2026-06-12 20:40:20.053730', '', '2026-06-12 20:40:20.053730', NULL, 8, '犯贱', '[]', '17598', '犯贱', 'https://p3.music.126.net/ImNPIBQmUdqCjdeAs6mr6A==/28587302323242.jpg', 'https://music-1329039788.cos.ap-chengdu.myqcloud.com/songs/%E7%8A%AF%E8%B4%B1.mp3', '174960', NULL, 227413, 3639632, 'mp3', 128000, '[]', NULL, NULL, 0, NULL, NULL, NULL, 0, 0, 0, 0);
INSERT INTO `music_song` VALUES ('0', '0', 'system_sync', '2026-06-12 20:40:21.798006', '', '2026-06-12 20:40:21.798006', NULL, 9, '北京巷弄', '[]', '2532348', '北京巷弄', 'https://p4.music.126.net/7zWOgeB5pu8iVE7tmhtWjw==/109951164187964072.jpg', 'https://music-1329039788.cos.ap-chengdu.myqcloud.com/songs/%E5%8C%97%E4%BA%AC%E5%B7%B7%E5%BC%84.mp3', '26609875', NULL, 233608, 3738688, 'mp3', 128000, '[]', NULL, NULL, 0, NULL, NULL, NULL, 0, 0, 0, 0);
INSERT INTO `music_song` VALUES ('0', '0', 'system_sync', '2026-06-12 20:40:23.723029', '', '2026-06-12 20:40:23.723029', NULL, 10, '抽离', '[]', '2449015', '情话', 'https://p3.music.126.net/Eiq_XiRNqiXJEwmFzLTtow==/109951172050975516.jpg', 'https://music-1329039788.cos.ap-chengdu.myqcloud.com/songs/%E6%8A%BD%E7%A6%BB.mp3', '27890395', NULL, 258946, 4144109, 'mp3', 128000, '[]', NULL, NULL, 0, NULL, NULL, NULL, 0, 0, 0, 0);
INSERT INTO `music_song` VALUES ('0', '0', 'system_sync', '2026-06-12 20:40:25.457462', '', '2026-06-12 20:40:25.457462', NULL, 11, '飞机场', '[]', '17597', '飞机场', 'https://p4.music.126.net/DvlrxSN0CLxVtfo7XaNa0g==/24189255823169.jpg', 'https://music-1329039788.cos.ap-chengdu.myqcloud.com/songs/%E9%A3%9E%E6%9C%BA%E5%9C%BA.mp3', '174958', NULL, 221362, 3542829, 'mp3', 128000, '[]', NULL, NULL, 0, NULL, NULL, NULL, 0, 0, 0, 0);
INSERT INTO `music_song` VALUES ('0', '0', 'system_sync', '2026-06-12 20:40:27.356050', '', '2026-06-12 20:40:27.356050', NULL, 12, '他的猫', '[]', '2449015', '情话', 'https://p3.music.126.net/Eiq_XiRNqiXJEwmFzLTtow==/109951172050975516.jpg', 'https://music-1329039788.cos.ap-chengdu.myqcloud.com/songs/%E4%BB%96%E7%9A%84%E7%8C%AB.mp3', '26353161', NULL, 218893, 3503377, 'mp3', 128000, '[]', NULL, NULL, 0, NULL, NULL, NULL, 0, 0, 0, 0);
INSERT INTO `music_song` VALUES ('0', '0', 'system_sync', '2026-06-12 20:40:29.090338', '', '2026-06-12 20:40:29.090338', NULL, 13, '我会等', '[]', '366638392', '我会等', 'https://p3.music.126.net/-B4pU9scvWlO58QRR_xGgA==/109951172899827810.jpg', 'https://music-1329039788.cos.ap-chengdu.myqcloud.com/songs/%E6%88%91%E4%BC%9A%E7%AD%89.mp3', '3360100205', NULL, 211605, 3386541, 'mp3', 128000, '[]', NULL, NULL, 0, NULL, NULL, NULL, 0, 0, 0, 0);
INSERT INTO `music_song` VALUES ('0', '0', 'system_sync', '2026-06-12 20:40:30.932645', '', '2026-06-12 20:40:30.932645', NULL, 14, '见字如面', '[]', '175255161', '见字如面', 'https://p3.music.126.net/MAkjN-rUqXyuf5t5mJ-tSA==/109951168930652373.jpg', 'https://music-1329039788.cos.ap-chengdu.myqcloud.com/songs/%E8%A7%81%E5%AD%97%E5%A6%82%E9%9D%A2.mp3', '2084054352', NULL, 245717, 3932589, 'mp3', 128000, '[]', NULL, NULL, 0, NULL, NULL, NULL, 0, 0, 0, 0);
INSERT INTO `music_song` VALUES ('0', '0', 'system_sync', '2026-06-12 20:40:32.760812', '', '2026-06-12 20:40:32.760812', NULL, 15, '和平分手', '[]', '17598', '犯贱', 'https://p3.music.126.net/ImNPIBQmUdqCjdeAs6mr6A==/28587302323242.jpg', 'https://music-1329039788.cos.ap-chengdu.myqcloud.com/songs/%E5%92%8C%E5%B9%B3%E5%88%86%E6%89%8B.mp3', '174962', NULL, 234786, 3757497, 'mp3', 128000, '[]', NULL, NULL, 0, NULL, NULL, NULL, 0, 0, 0, 0);
INSERT INTO `music_song` VALUES ('0', '0', 'system_sync', '2026-06-12 20:40:34.550761', '', '2026-06-12 20:40:34.550761', NULL, 16, '情话', '[]', '2532348', '北京巷弄', 'https://p4.music.126.net/7zWOgeB5pu8iVE7tmhtWjw==/109951164187964072.jpg', 'https://music-1329039788.cos.ap-chengdu.myqcloud.com/songs/%E6%83%85%E8%AF%9D.mp3', '26609879', NULL, 238598, 3818541, 'mp3', 128000, '[]', NULL, NULL, 0, NULL, NULL, NULL, 0, 0, 0, 0);
INSERT INTO `music_song` VALUES ('0', '0', 'system_sync', '2026-06-12 20:40:36.349867', '', '2026-06-12 20:40:36.349867', NULL, 17, '悲伤的李白', '[]', '2449015', '情话', 'https://p4.music.126.net/Eiq_XiRNqiXJEwmFzLTtow==/109951172050975516.jpg', 'https://music-1329039788.cos.ap-chengdu.myqcloud.com/songs/%E6%82%B2%E4%BC%A4%E7%9A%84%E6%9D%8E%E7%99%BD.mp3', '27890394', NULL, 211720, 3388439, 'mp3', 128000, '[]', NULL, NULL, 0, NULL, NULL, NULL, 0, 0, 0, 0);
INSERT INTO `music_song` VALUES ('0', '0', 'system_sync', '2026-06-12 20:40:39.387294', '', '2026-06-12 20:40:39.387294', NULL, 18, '不好听', '[]', '17597', '飞机场', 'https://p3.music.126.net/DvlrxSN0CLxVtfo7XaNa0g==/24189255823169.jpg', 'https://music-1329039788.cos.ap-chengdu.myqcloud.com/songs/%E4%B8%8D%E5%A5%BD%E5%90%AC.mp3', '174959', NULL, 230400, 3687279, 'mp3', 128000, '[]', NULL, NULL, 0, NULL, NULL, NULL, 0, 0, 0, 0);
INSERT INTO `music_song` VALUES ('0', '0', 'system_sync', '2026-06-12 20:40:42.117374', '', '2026-06-12 20:40:42.117374', NULL, 19, '电话里的秘密', '[]', '17594', '不良少年', 'https://p3.music.126.net/a82aXr_eNkbFX0BkXuKvgg==/109951172050962571.jpg', 'https://music-1329039788.cos.ap-chengdu.myqcloud.com/songs/%E7%94%B5%E8%AF%9D%E9%87%8C%E7%9A%84%E7%A7%98%E5%AF%86.mp3', '174941', NULL, 235800, 3773797, 'mp3', 128000, '[]', NULL, NULL, 0, NULL, NULL, NULL, 0, 0, 0, 0);
INSERT INTO `music_song` VALUES ('0', '0', 'system_sync', '2026-06-12 20:40:44.332123', '', '2026-06-12 20:40:44.332123', NULL, 20, '虐心', '[]', '2342012', '那时雨', 'https://p4.music.126.net/ecSWETjwzJuM47qaIm3ExA==/2279287604395078.jpg', 'https://music-1329039788.cos.ap-chengdu.myqcloud.com/songs/%E8%99%90%E5%BF%83.mp3', '26145111', NULL, 257089, 4114605, 'mp3', 128001, '[]', NULL, NULL, 0, NULL, NULL, NULL, 0, 0, 0, 0);
INSERT INTO `music_song` VALUES ('0', '0', 'system_sync', '2026-06-12 20:40:47.523179', '', '2026-06-12 20:40:47.523179', NULL, 21, '天真', '[]', '17598', '犯贱', 'https://p4.music.126.net/ImNPIBQmUdqCjdeAs6mr6A==/28587302323242.jpg', 'https://music-1329039788.cos.ap-chengdu.myqcloud.com/songs/%E5%A4%A9%E7%9C%9F.mp3', '174964', NULL, 225837, 3614555, 'mp3', 128000, '[]', NULL, NULL, 0, NULL, NULL, NULL, 0, 0, 0, 0);
INSERT INTO `music_song` VALUES ('0', '0', 'system_sync', '2026-06-12 20:40:49.853509', '', '2026-06-12 20:40:49.853509', NULL, 22, '友情出演', '[]', '17594', '不良少年', 'https://p4.music.126.net/a82aXr_eNkbFX0BkXuKvgg==/109951172050962571.jpg', 'https://music-1329039788.cos.ap-chengdu.myqcloud.com/songs/%E5%8F%8B%E6%83%85%E5%87%BA%E6%BC%94.mp3', '174947', NULL, 199733, 3197013, 'mp3', 128000, '[]', NULL, NULL, 0, NULL, NULL, NULL, 0, 0, 0, 0);
INSERT INTO `music_song` VALUES ('0', '0', 'system_sync', '2026-06-12 20:40:52.936698', '', '2026-06-12 20:40:52.936698', NULL, 23, '月光', '[]', '17598', '犯贱', 'https://p3.music.126.net/ImNPIBQmUdqCjdeAs6mr6A==/28587302323242.jpg', 'https://music-1329039788.cos.ap-chengdu.myqcloud.com/songs/%E6%9C%88%E5%85%89.mp3', '174966', NULL, 254406, 4071384, 'mp3', 128000, '[]', NULL, NULL, 0, NULL, NULL, NULL, 0, 0, 0, 0);
INSERT INTO `music_song` VALUES ('0', '0', 'system_sync', '2026-06-12 20:40:54.736428', '', '2026-06-12 20:40:54.736428', NULL, 24, '创作者', '[]', '36784288', '创作者', 'https://p3.music.126.net/hpGWjjwtZWoZVrdENOD9hw==/109951163063957989.jpg', 'https://music-1329039788.cos.ap-chengdu.myqcloud.com/songs/%E5%88%9B%E4%BD%9C%E8%80%85.mp3', '518863916', NULL, 248164, 3971910, 'mp3', 128000, '[]', NULL, NULL, 0, NULL, NULL, NULL, 0, 0, 0, 0);
INSERT INTO `music_song` VALUES ('0', '0', 'system_sync', '2026-06-12 20:40:57.357181', '', '2026-06-12 20:40:57.357181', NULL, 25, '女骑士', '[]', '2449015', '情话', 'https://p3.music.126.net/Eiq_XiRNqiXJEwmFzLTtow==/109951172050975516.jpg', 'https://music-1329039788.cos.ap-chengdu.myqcloud.com/songs/%E5%A5%B3%E9%AA%91%E5%A3%AB.mp3', '27890397', NULL, 253853, 4062607, 'mp3', 128000, '[]', NULL, NULL, 0, NULL, NULL, NULL, 0, 0, 0, 0);
INSERT INTO `music_song` VALUES ('0', '0', 'system_sync', '2026-06-12 20:40:59.223521', '', '2026-06-12 20:40:59.223521', NULL, 26, '何慕卿', '[]', '251851577', '何慕卿', 'https://p3.music.126.net/fKHMCHorYUaed0hf2fKt1g==/109951170073894248.jpg', 'https://music-1329039788.cos.ap-chengdu.myqcloud.com/songs/%E4%BD%95%E6%85%95%E5%8D%BF.mp3', '2639970409', NULL, 219000, 3504813, 'mp3', 128002, '[]', NULL, NULL, 0, NULL, NULL, NULL, 0, 0, 0, 0);
INSERT INTO `music_song` VALUES ('0', '0', 'system_sync', '2026-06-12 20:41:01.402948', '', '2026-06-12 20:41:01.402948', NULL, 27, '美瞳', '[]', '2533032', '徐良原创合集', 'https://p3.music.126.net/fc__RxMAdr_pX2fTubeZLg==/4456320627390033.jpg', 'https://music-1329039788.cos.ap-chengdu.myqcloud.com/songs/%E7%BE%8E%E7%9E%B3.mp3', '26600766', NULL, 239448, 3832311, 'mp3', 128000, '[]', NULL, NULL, 0, NULL, NULL, NULL, 0, 0, 0, 0);
INSERT INTO `music_song` VALUES ('0', '0', 'system_sync', '2026-06-12 20:41:03.455446', '', '2026-06-12 20:41:03.455446', NULL, 28, '在回忆中死去', '[]', '17598', '犯贱', 'https://p4.music.126.net/ImNPIBQmUdqCjdeAs6mr6A==/28587302323242.jpg', 'https://music-1329039788.cos.ap-chengdu.myqcloud.com/songs/%E5%9C%A8%E5%9B%9E%E5%BF%86%E4%B8%AD%E6%AD%BB%E5%8E%BB.mp3', '174969', NULL, 214528, 3433578, 'mp3', 128000, '[]', NULL, NULL, 0, NULL, NULL, NULL, 0, 0, 0, 0);
INSERT INTO `music_song` VALUES ('0', '0', 'system_sync', '2026-06-12 20:41:06.242260', '', '2026-06-12 20:41:06.242260', NULL, 29, '即使说抱歉', '[]', '17598', '犯贱', 'https://p4.music.126.net/ImNPIBQmUdqCjdeAs6mr6A==/28587302323242.jpg', 'https://music-1329039788.cos.ap-chengdu.myqcloud.com/songs/%E5%8D%B3%E4%BD%BF%E8%AF%B4%E6%8A%B1%E6%AD%89.mp3', '174967', NULL, 287345, 4598431, 'mp3', 128000, '[]', NULL, NULL, 0, NULL, NULL, NULL, 0, 0, 0, 0);
INSERT INTO `music_song` VALUES ('0', '0', 'system_sync', '2026-06-12 20:41:08.773199', '', '2026-06-12 20:41:08.773199', NULL, 30, '不良', '[]', '17594', '不良少年', 'https://p4.music.126.net/a82aXr_eNkbFX0BkXuKvgg==/109951172050962571.jpg', 'https://music-1329039788.cos.ap-chengdu.myqcloud.com/songs/%E4%B8%8D%E8%89%AF.mp3', '174951', NULL, 218933, 3504213, 'mp3', 128000, '[]', NULL, NULL, 0, NULL, NULL, NULL, 0, 0, 0, 0);
INSERT INTO `music_song` VALUES ('0', '0', 'system_sync', '2026-06-12 20:41:10.530573', '', '2026-06-12 20:41:10.530573', NULL, 31, '小恋曲', '[]', '17598', '犯贱', 'https://p4.music.126.net/ImNPIBQmUdqCjdeAs6mr6A==/28587302323242.jpg', 'https://music-1329039788.cos.ap-chengdu.myqcloud.com/songs/%E5%B0%8F%E6%81%8B%E6%9B%B2.mp3', '174968', NULL, 195290, 3125542, 'mp3', 128000, '[]', NULL, NULL, 0, NULL, NULL, NULL, 0, 0, 0, 0);
INSERT INTO `music_song` VALUES ('0', '0', 'system_sync', '2026-06-12 20:41:12.882429', '', '2026-06-12 20:41:12.882429', NULL, 32, '披荆斩棘', '[]', '172610594', '披荆斩棘', 'https://p4.music.126.net/Y_UMQz3prrk991HO29PySg==/109951168847568396.jpg', 'https://music-1329039788.cos.ap-chengdu.myqcloud.com/songs/%E6%8A%AB%E8%8D%86%E6%96%A9%E6%A3%98.mp3', '2074099995', NULL, 280110, 4482861, 'mp3', 128001, '[]', NULL, NULL, 0, NULL, NULL, NULL, 0, 0, 0, 0);
INSERT INTO `music_song` VALUES ('0', '0', 'system_sync', '2026-06-12 20:41:14.562588', '', '2026-06-12 20:41:14.562588', NULL, 33, '坏女孩 remix版', '[]', '2533032', '徐良原创合集', 'https://p3.music.126.net/fc__RxMAdr_pX2fTubeZLg==/4456320627390033.jpg', 'https://music-1329039788.cos.ap-chengdu.myqcloud.com/songs/%E5%9D%8F%E5%A5%B3%E5%AD%A9%20remix%E7%89%88.mp3', '26600584', NULL, 242426, 3879959, 'mp3', 128000, '[]', NULL, NULL, 0, NULL, NULL, NULL, 0, 0, 0, 0);
INSERT INTO `music_song` VALUES ('0', '0', 'system_sync', '2026-06-12 20:41:17.536784', '', '2026-06-12 20:41:17.536784', NULL, 34, '歌手', '[]', '34783081', '请在哔声后留言', 'https://p3.music.126.net/KjXQR3P-zuzC0IhZo_PV4Q==/1386484175539505.jpg', 'https://music-1329039788.cos.ap-chengdu.myqcloud.com/songs/%E6%AD%8C%E6%89%8B.mp3', '415792310', NULL, 248770, 3981523, 'mp3', 128000, '[]', NULL, NULL, 0, NULL, NULL, NULL, 0, 0, 0, 0);
INSERT INTO `music_song` VALUES ('0', '0', 'system_sync', '2026-06-12 20:41:19.384393', '', '2026-06-12 20:41:19.384393', NULL, 35, '邂逅', '[]', '2891217', '邂逅', 'https://p3.music.126.net/05Nn_sIjdnv351HXEqtnyg==/109951168750506105.jpg', 'https://music-1329039788.cos.ap-chengdu.myqcloud.com/songs/%E9%82%82%E9%80%85.mp3', '28773451', NULL, 192442, 3079985, 'mp3', 128000, '[]', NULL, NULL, 0, NULL, NULL, NULL, 0, 0, 0, 0);
INSERT INTO `music_song` VALUES ('0', '0', 'system_sync', '2026-06-12 20:41:21.177949', '', '2026-06-12 20:41:21.177949', NULL, 36, '至尊宝', '[]', '73470775', '考虑到可能再也见不到你', 'https://p3.music.126.net/CKumVHRBsIFExQoK1Y77aQ==/109951163569789624.jpg', 'https://music-1329039788.cos.ap-chengdu.myqcloud.com/songs/%E8%87%B3%E5%B0%8A%E5%AE%9D.mp3', '1301575218', NULL, 231817, 3710253, 'mp3', 128000, '[]', NULL, NULL, 0, NULL, NULL, NULL, 0, 0, 0, 0);
INSERT INTO `music_song` VALUES ('0', '0', 'system_sync', '2026-06-12 20:41:22.939328', '', '2026-06-12 20:41:22.939328', NULL, 37, '犯贱 remix版', '[]', '2533032', '徐良原创合集', 'https://p4.music.126.net/fc__RxMAdr_pX2fTubeZLg==/4456320627390033.jpg', 'https://music-1329039788.cos.ap-chengdu.myqcloud.com/songs/%E7%8A%AF%E8%B4%B1%20remix%E7%89%88.mp3', '26600601', NULL, 227413, 3639632, 'mp3', 128000, '[]', NULL, NULL, 0, NULL, NULL, NULL, 0, 0, 0, 0);
INSERT INTO `music_song` VALUES ('0', '0', 'system_sync', '2026-06-12 20:41:24.669865', '', '2026-06-12 20:41:24.669865', NULL, 38, '花魁', '[]', '73470775', '考虑到可能再也见不到你', 'https://p3.music.126.net/CKumVHRBsIFExQoK1Y77aQ==/109951163569789624.jpg', 'https://music-1329039788.cos.ap-chengdu.myqcloud.com/songs/%E8%8A%B1%E9%AD%81.mp3', '553753244', NULL, 232033, 3713709, 'mp3', 128002, '[]', NULL, NULL, 0, NULL, NULL, NULL, 0, 0, 0, 0);
INSERT INTO `music_song` VALUES ('0', '0', 'system_sync', '2026-06-12 20:41:26.484655', '', '2026-06-12 20:41:26.484655', NULL, 39, '学戏', '[]', '80584954', '学戏', 'https://p4.music.126.net/Uwe4aGnxIeMXqV9Rhy7v1A==/109951164235835158.jpg', 'https://music-1329039788.cos.ap-chengdu.myqcloud.com/songs/%E5%AD%A6%E6%88%8F.mp3', '1379837697', NULL, 188424, 3015981, 'mp3', 128000, '[]', NULL, NULL, 0, NULL, NULL, NULL, 0, 0, 0, 0);
INSERT INTO `music_song` VALUES ('0', '0', 'system_sync', '2026-06-12 20:41:28.189553', '', '2026-06-12 20:41:28.189553', NULL, 40, '心跳时光', '[]', '34796281', '心跳时光', 'https://p3.music.126.net/DbGxygvg0AC5En9l24H-uA==/1422768059836356.jpg', 'https://music-1329039788.cos.ap-chengdu.myqcloud.com/songs/%E5%BF%83%E8%B7%B3%E6%97%B6%E5%85%89.mp3', '423228350', NULL, 184059, 2946093, 'mp3', 128002, '[]', NULL, NULL, 0, NULL, NULL, NULL, 0, 0, 0, 0);
INSERT INTO `music_song` VALUES ('0', '0', 'system_sync', '2026-06-12 20:41:29.941457', '', '2026-06-12 20:41:29.941457', NULL, 41, '胸前', '[]', '2533032', '徐良原创合集', 'https://p4.music.126.net/fc__RxMAdr_pX2fTubeZLg==/4456320627390033.jpg', 'https://music-1329039788.cos.ap-chengdu.myqcloud.com/songs/%E8%83%B8%E5%89%8D.mp3', '26600779', NULL, 206444, 3304011, 'mp3', 128000, '[]', NULL, NULL, 0, NULL, NULL, NULL, 0, 0, 0, 0);
INSERT INTO `music_song` VALUES ('0', '0', 'system_sync', '2026-06-12 20:41:31.684542', '', '2026-06-12 20:41:31.684542', NULL, 42, '如此懦弱的我', '[]', '2449015', '情话', 'https://p3.music.126.net/Eiq_XiRNqiXJEwmFzLTtow==/109951172050975516.jpg', 'https://music-1329039788.cos.ap-chengdu.myqcloud.com/songs/%E5%A6%82%E6%AD%A4%E6%87%A6%E5%BC%B1%E7%9A%84%E6%88%91.mp3', '27566713', NULL, 189920, 3039861, 'mp3', 128000, '[]', NULL, NULL, 0, NULL, NULL, NULL, 0, 0, 0, 0);
INSERT INTO `music_song` VALUES ('0', '0', 'system_sync', '2026-06-12 20:41:33.775231', '', '2026-06-12 20:41:33.775231', NULL, 43, '把你留住(Live版)', '[]', '368328265', '2026时间折叠巡回演唱会', 'https://p4.music.126.net/FBJjIJ_vHGhlkNtcDlxJzg==/109951173184214317.jpg', 'https://music-1329039788.cos.ap-chengdu.myqcloud.com/songs/%E6%8A%8A%E4%BD%A0%E7%95%99%E4%BD%8F(Live%E7%89%88).mp3', '3364336200', NULL, 349182, 5588013, 'mp3', 128000, '[]', NULL, NULL, 0, NULL, NULL, NULL, 0, 0, 0, 0);
INSERT INTO `music_song` VALUES ('0', '0', 'system_sync', '2026-06-12 20:41:36.206026', '', '2026-06-12 20:41:36.206026', NULL, 44, '苏三起解', '[]', '3084709', '我', 'https://p3.music.126.net/nIQYLt0uG-o5bUNkVRrk1g==/109951164006894277.jpg', 'https://music-1329039788.cos.ap-chengdu.myqcloud.com/songs/%E8%8B%8F%E4%B8%89%E8%B5%B7%E8%A7%A3.mp3', '29822691', NULL, 238000, 3819354, 'mp3', 128000, '[]', NULL, NULL, 0, NULL, NULL, NULL, 0, 0, 0, 0);
INSERT INTO `music_song` VALUES ('0', '0', 'system_sync', '2026-06-12 20:41:37.938704', '', '2026-06-12 20:41:37.938704', NULL, 45, '莫再提', '[]', '78953472', '莫再提', 'https://p4.music.126.net/kDuBhsEnrcV7g5_1bGNKXg==/109951164053967592.jpg', 'https://music-1329039788.cos.ap-chengdu.myqcloud.com/songs/%E8%8E%AB%E5%86%8D%E6%8F%90.mp3', '1363550350', NULL, 188890, 3023277, 'mp3', 128000, '[]', NULL, NULL, 0, NULL, NULL, NULL, 0, 0, 0, 0);
INSERT INTO `music_song` VALUES ('0', '0', 'system_sync', '2026-06-12 20:41:40.713387', '', '2026-06-12 20:41:40.713387', NULL, 46, '烂人', '[]', '3084709', '我', 'https://p3.music.126.net/nIQYLt0uG-o5bUNkVRrk1g==/109951164006894277.jpg', 'https://music-1329039788.cos.ap-chengdu.myqcloud.com/songs/%E7%83%82%E4%BA%BA.mp3', '29822695', NULL, 249000, 3999912, 'mp3', 128000, '[]', NULL, NULL, 0, NULL, NULL, NULL, 0, 0, 0, 0);
INSERT INTO `music_song` VALUES ('0', '0', 'system_sync', '2026-06-12 20:41:43.304067', '', '2026-06-12 20:41:43.304067', NULL, 47, '星座恋人', '[]', '3070833', '星座恋人', 'https://p4.music.126.net/xOlsbymXEb1Omfd1-sqBLg==/6647647302654194.jpg', 'https://music-1329039788.cos.ap-chengdu.myqcloud.com/songs/%E6%98%9F%E5%BA%A7%E6%81%8B%E4%BA%BA.mp3', '29755139', NULL, 236000, 3789314, 'mp3', 128000, '[]', NULL, NULL, 0, NULL, NULL, NULL, 0, 0, 0, 0);
INSERT INTO `music_song` VALUES ('0', '0', 'system_sync', '2026-06-12 20:41:45.121310', '', '2026-06-12 20:41:45.121310', NULL, 48, '盗御马', '[]', '78544747', '盗御马', 'https://p3.music.126.net/QoS4D0FHc_K4WS6U7GMhqw==/109951164007363593.jpg', 'https://music-1329039788.cos.ap-chengdu.myqcloud.com/songs/%E7%9B%97%E5%BE%A1%E9%A9%AC.mp3', '1359113323', NULL, 225767, 3613101, 'mp3', 128000, '[]', NULL, NULL, 0, NULL, NULL, NULL, 0, 0, 0, 0);
INSERT INTO `music_song` VALUES ('0', '0', 'system_sync', '2026-06-12 20:41:48.140656', '', '2026-06-12 20:41:48.140656', NULL, 49, '广寒光', '[\"影视剧《明月曾照江东寒》插曲\"]', '96780694', '明月曾照江东寒 影视原声带', 'https://p3.music.126.net/LifWzvkh2jjo6moBpdcF8Q==/109951165389664227.jpg', 'https://music-1329039788.cos.ap-chengdu.myqcloud.com/songs/%E5%B9%BF%E5%AF%92%E5%85%89.mp3', '1485661414', NULL, 273754, 4381101, 'mp3', 128000, '[]', NULL, NULL, 0, NULL, NULL, NULL, 0, 0, 0, 0);
INSERT INTO `music_song` VALUES ('0', '0', 'system_sync', '2026-06-12 20:41:50.002408', '', '2026-06-12 20:41:50.002408', NULL, 50, '去往深圳的车票 (Live版)', '[]', '368328265', '2026时间折叠巡回演唱会', 'https://p4.music.126.net/FBJjIJ_vHGhlkNtcDlxJzg==/109951173184214317.jpg', 'https://music-1329039788.cos.ap-chengdu.myqcloud.com/songs/%E5%8E%BB%E5%BE%80%E6%B7%B1%E5%9C%B3%E7%9A%84%E8%BD%A6%E7%A5%A8%20(Live%E7%89%88).mp3', '3364884497', NULL, 232727, 3724461, 'mp3', 128000, '[]', NULL, NULL, 0, NULL, NULL, NULL, 0, 0, 0, 0);
INSERT INTO `music_song` VALUES ('0', '0', 'system_sync', '2026-06-12 20:41:51.508777', '', '2026-06-12 20:41:51.508777', NULL, 51, '那时雨', '[]', '2342012', '那时雨', 'https://p4.music.126.net/ecSWETjwzJuM47qaIm3ExA==/2279287604395078.jpg', 'https://music-1329039788.cos.ap-chengdu.myqcloud.com/songs/%E9%82%A3%E6%97%B6%E9%9B%A8.mp3', '25918133', NULL, 214400, 3431488, 'mp3', 128000, '[]', NULL, NULL, 0, NULL, NULL, NULL, 0, 0, 0, 0);
INSERT INTO `music_song` VALUES ('0', '0', 'system_sync', '2026-06-12 20:41:51.514245', '', '2026-06-12 20:41:51.514245', NULL, 52, '那时雨', '[]', '2532348', '北京巷弄', 'https://p3.music.126.net/7zWOgeB5pu8iVE7tmhtWjw==/109951164187964072.jpg', 'https://music-1329039788.cos.ap-chengdu.myqcloud.com/songs/%E9%82%A3%E6%97%B6%E9%9B%A8.mp3', '26609876', NULL, 216106, 3431488, 'mp3', 128000, '[]', NULL, NULL, 0, NULL, NULL, NULL, 0, 0, 0, 0);
INSERT INTO `music_song` VALUES ('0', '0', 'system_sync', '2026-06-12 20:41:51.516353', '', '2026-06-12 20:41:51.516353', NULL, 53, '七秒钟的记忆', '[]', '2532348', '北京巷弄', 'https://p4.music.126.net/7zWOgeB5pu8iVE7tmhtWjw==/109951164187964072.jpg', 'https://music-1329039788.cos.ap-chengdu.myqcloud.com/songs/%E4%B8%83%E7%A7%92%E9%92%9F%E7%9A%84%E8%AE%B0%E5%BF%86.mp3', '26609877', NULL, 202520, 3233794, 'mp3', 128000, '[]', NULL, NULL, 0, NULL, NULL, NULL, 0, 0, 0, 0);
INSERT INTO `music_song` VALUES ('0', '0', 'system_sync', '2026-06-12 20:41:51.518140', '', '2026-06-12 20:41:51.518140', NULL, 54, '坏女孩', '[]', '2533032', '徐良原创合集', 'https://p3.music.126.net/fc__RxMAdr_pX2fTubeZLg==/4456320627390033.jpg', 'https://music-1329039788.cos.ap-chengdu.myqcloud.com/songs/%E5%9D%8F%E5%A5%B3%E5%AD%A9.mp3', '26599239', NULL, 242426, 3879959, 'mp3', 128000, '[]', NULL, NULL, 0, NULL, NULL, NULL, 0, 0, 0, 0);
INSERT INTO `music_song` VALUES ('0', '0', 'system_sync', '2026-06-12 20:41:51.519790', '', '2026-06-12 20:41:51.519790', NULL, 55, '无颜女', '[]', '2533032', '徐良原创合集', 'https://p3.music.126.net/fc__RxMAdr_pX2fTubeZLg==/4456320627390033.jpg', 'https://music-1329039788.cos.ap-chengdu.myqcloud.com/songs/%E6%97%A0%E9%A2%9C%E5%A5%B3.mp3', '26601235', NULL, 214046, 3425637, 'mp3', 128000, '[]', NULL, NULL, 0, NULL, NULL, NULL, 0, 0, 0, 0);
INSERT INTO `music_song` VALUES ('0', '0', 'system_sync', '2026-06-12 20:41:51.778200', '', '2026-06-12 20:41:51.778200', NULL, 56, '后会无期 (Remix)', '[]', '', '未知专辑', 'https://p3.music.126.net/MGbhQdIoXWSgSuG1g0_1bQ==/109951168030055261.jpg', 'https://music-1329039788.cos.ap-chengdu.myqcloud.com/songs/%E5%90%8E%E4%BC%9A%E6%97%A0%E6%9C%9F%20(Remix).mp3', '1995475831', NULL, 206186, 3300249, 'mp3', 128000, '[]', NULL, NULL, 0, NULL, NULL, NULL, 0, 0, 0, 0);
INSERT INTO `music_song` VALUES ('0', '0', 'system_sync', '2026-06-12 20:41:53.293752', '', '2026-06-12 20:41:53.293752', NULL, 57, '情话', '[]', '2449015', '情话', 'https://p4.music.126.net/Eiq_XiRNqiXJEwmFzLTtow==/109951172050975516.jpg', 'https://music-1329039788.cos.ap-chengdu.myqcloud.com/songs/%E6%83%85%E8%AF%9D.mp3', '26304123', NULL, 238598, 3818541, 'mp3', 128000, '[]', NULL, NULL, 0, NULL, NULL, NULL, 0, 0, 0, 0);
INSERT INTO `music_song` VALUES ('0', '0', 'system_sync', '2026-06-12 20:41:53.295785', '', '2026-06-12 20:41:53.295785', NULL, 58, '犯贱', '[]', '2533032', '徐良原创合集', 'https://p3.music.126.net/fc__RxMAdr_pX2fTubeZLg==/4456320627390033.jpg', 'https://music-1329039788.cos.ap-chengdu.myqcloud.com/songs/%E7%8A%AF%E8%B4%B1.mp3', '26599833', NULL, 213916, 3639632, 'mp3', 128000, '[]', NULL, NULL, 0, NULL, NULL, NULL, 0, 0, 0, 0);
INSERT INTO `music_song` VALUES ('0', '0', 'system_sync', '2026-06-12 20:41:58.422181', '', '2026-06-12 20:41:58.422181', NULL, 59, '和平分手', '[]', '2533032', '徐良原创合集', 'https://p4.music.126.net/fc__RxMAdr_pX2fTubeZLg==/4456320627390033.jpg', 'https://music-1329039788.cos.ap-chengdu.myqcloud.com/songs/%E5%92%8C%E5%B9%B3%E5%88%86%E6%89%8B.mp3', '26599427', NULL, 234786, 3757497, 'mp3', 128000, '[]', NULL, NULL, 0, NULL, NULL, NULL, 0, 0, 0, 0);
INSERT INTO `music_song` VALUES ('0', '0', 'system_sync', '2026-06-12 20:41:58.424516', '', '2026-06-12 20:41:58.424516', NULL, 60, '红装', '[]', '2533032', '徐良原创合集', 'https://p4.music.126.net/fc__RxMAdr_pX2fTubeZLg==/4456320627390033.jpg', 'https://music-1329039788.cos.ap-chengdu.myqcloud.com/songs/%E7%BA%A2%E8%A3%85.mp3', '26599440', NULL, 246505, 3945261, 'mp3', 128000, '[]', NULL, NULL, 0, NULL, NULL, NULL, 0, 0, 0, 0);
INSERT INTO `music_song` VALUES ('0', '0', 'system_sync', '2026-06-12 20:41:58.426141', '', '2026-06-12 20:41:58.426141', NULL, 61, '他的猫', '[]', '2532348', '北京巷弄', 'https://p4.music.126.net/7zWOgeB5pu8iVE7tmhtWjw==/109951164187964072.jpg', 'https://music-1329039788.cos.ap-chengdu.myqcloud.com/songs/%E4%BB%96%E7%9A%84%E7%8C%AB.mp3', '26609880', NULL, 219493, 3503377, 'mp3', 128000, '[]', NULL, NULL, 0, NULL, NULL, NULL, 0, 0, 0, 0);
INSERT INTO `music_song` VALUES ('0', '0', 'system_sync', '2026-06-12 20:41:58.800959', '', '2026-06-12 20:41:58.800959', NULL, 62, '客官不可以(Remix)', '[]', '17594', '不良少年', 'https://p4.music.126.net/a82aXr_eNkbFX0BkXuKvgg==/109951172050962571.jpg', 'https://music-1329039788.cos.ap-chengdu.myqcloud.com/songs/%E5%AE%A2%E5%AE%98%E4%B8%8D%E5%8F%AF%E4%BB%A5(Remix).mp3', '174954', NULL, 227342, 3638378, 'mp3', 128000, '[]', NULL, NULL, 0, NULL, NULL, NULL, 0, 0, 0, 0);
INSERT INTO `music_song` VALUES ('0', '0', 'system_sync', '2026-06-12 20:42:00.732115', '', '2026-06-12 20:42:00.732115', NULL, 63, '再见啦同学', '[]', '39723112', '再见啦同学', 'https://p4.music.126.net/xOZSS8qc-T9JRjm98aDcHQ==/109951163366898116.jpg', 'https://music-1329039788.cos.ap-chengdu.myqcloud.com/songs/%E5%86%8D%E8%A7%81%E5%95%A6%E5%90%8C%E5%AD%A6.mp3', '574505192', NULL, 266617, 4266989, 'mp3', 128000, '[]', NULL, NULL, 0, NULL, NULL, NULL, 0, 0, 0, 0);
INSERT INTO `music_song` VALUES ('0', '0', 'system_sync', '2026-06-12 20:42:02.726260', '', '2026-06-12 20:42:02.726260', NULL, 64, '今天见了前女友', '[]', '73470775', '考虑到可能再也见不到你', 'https://p3.music.126.net/CKumVHRBsIFExQoK1Y77aQ==/109951163569789624.jpg', 'https://music-1329039788.cos.ap-chengdu.myqcloud.com/songs/%E4%BB%8A%E5%A4%A9%E8%A7%81%E4%BA%86%E5%89%8D%E5%A5%B3%E5%8F%8B.mp3', '562597327', NULL, 215999, 3456813, 'mp3', 128002, '[]', NULL, NULL, 0, NULL, NULL, NULL, 0, 0, 0, 0);
INSERT INTO `music_song` VALUES ('0', '0', 'system_sync', '2026-06-12 20:42:09.729627', '', '2026-06-12 20:42:09.729627', NULL, 65, '你轻轻遮住我的眼睛 (Live版)', '[]', '368328265', '2026时间折叠巡回演唱会', 'https://p3.music.126.net/FBJjIJ_vHGhlkNtcDlxJzg==/109951173184214317.jpg', 'https://music-1329039788.cos.ap-chengdu.myqcloud.com/songs/%E4%BD%A0%E8%BD%BB%E8%BD%BB%E9%81%AE%E4%BD%8F%E6%88%91%E7%9A%84%E7%9C%BC%E7%9D%9B%20(Live%E7%89%88).mp3', '3374219912', NULL, 221162, 3539757, 'mp3', 128000, '[]', NULL, NULL, 0, NULL, NULL, NULL, 0, 0, 0, 0);
INSERT INTO `music_song` VALUES ('0', '0', 'system_sync', '2026-06-12 20:42:11.244468', '', '2026-06-12 20:42:11.244468', NULL, 66, '虐心', '[]', '2532348', '北京巷弄', 'https://p3.music.126.net/7zWOgeB5pu8iVE7tmhtWjw==/109951164187964072.jpg', 'https://music-1329039788.cos.ap-chengdu.myqcloud.com/songs/%E8%99%90%E5%BF%83.mp3', '26609878', NULL, 257089, 4114605, 'mp3', 128000, '[]', NULL, NULL, 0, NULL, NULL, NULL, 0, 0, 0, 0);
INSERT INTO `music_song` VALUES ('0', '0', 'system_sync', '2026-06-12 20:42:11.246278', '', '2026-06-12 20:42:11.246278', NULL, 67, '飞机场', '[]', '2533032', '徐良原创合集', 'https://p3.music.126.net/fc__RxMAdr_pX2fTubeZLg==/4456320627390033.jpg', 'https://music-1329039788.cos.ap-chengdu.myqcloud.com/songs/%E9%A3%9E%E6%9C%BA%E5%9C%BA.mp3', '26599078', NULL, 221362, 3542829, 'mp3', 128000, '[]', NULL, NULL, 0, NULL, NULL, NULL, 0, 0, 0, 0);
INSERT INTO `music_song` VALUES ('0', '0', 'system_sync', '2026-06-12 20:42:13.975181', '', '2026-06-12 20:42:13.975181', NULL, 68, '何慕卿 (Live版)', '[]', '368328265', '2026时间折叠巡回演唱会', 'https://p3.music.126.net/FBJjIJ_vHGhlkNtcDlxJzg==/109951173184214317.jpg', 'https://music-1329039788.cos.ap-chengdu.myqcloud.com/songs/%E4%BD%95%E6%85%95%E5%8D%BF%20(Live%E7%89%88).mp3', '3369671672', NULL, 252000, 4032813, 'mp3', 128001, '[]', NULL, NULL, 0, NULL, NULL, NULL, 0, 0, 0, 0);
INSERT INTO `music_song` VALUES ('0', '0', 'system_sync', '2026-06-12 20:42:15.720149', '', '2026-06-12 20:42:15.720149', NULL, 69, '两个傻瓜', '[]', '17594', '不良少年', 'https://p4.music.126.net/a82aXr_eNkbFX0BkXuKvgg==/109951172050962571.jpg', 'https://music-1329039788.cos.ap-chengdu.myqcloud.com/songs/%E4%B8%A4%E4%B8%AA%E5%82%BB%E7%93%9C.mp3', '174952', NULL, 183560, 2937879, 'mp3', 128000, '[]', NULL, NULL, 0, NULL, NULL, NULL, 0, 0, 0, 0);
INSERT INTO `music_song` VALUES ('0', '0', 'system_sync', '2026-06-12 20:42:17.228599', '', '2026-06-12 20:42:17.228599', NULL, 70, '红装', '[]', '2533032', '徐良原创合集', 'https://p4.music.126.net/fc__RxMAdr_pX2fTubeZLg==/4456320627390033.jpg', 'https://music-1329039788.cos.ap-chengdu.myqcloud.com/songs/%E7%BA%A2%E8%A3%85.mp3', '26599065', NULL, 246505, 3945261, 'mp3', 128000, '[]', NULL, NULL, 0, NULL, NULL, NULL, 0, 0, 0, 0);
INSERT INTO `music_song` VALUES ('0', '0', 'system_sync', '2026-06-12 20:42:18.476038', '', '2026-06-12 20:42:18.476038', NULL, 71, '触电', '[]', '74266463', '触电', 'https://p3.music.126.net/wIFAQ4fUPsUElhemF08EuA==/109951163694965059.jpg', 'https://music-1329039788.cos.ap-chengdu.myqcloud.com/songs/%E8%A7%A6%E7%94%B5.mp3', '1329129059', NULL, 192991, 3088941, 'mp3', 128002, '[]', NULL, NULL, 0, NULL, NULL, NULL, 0, 0, 0, 0);
INSERT INTO `music_song` VALUES ('0', '0', 'system_sync', '2026-06-12 20:42:19.981682', '', '2026-06-12 20:42:19.981682', NULL, 72, '不好听', '[]', '2533032', '徐良原创合集', 'https://p4.music.126.net/fc__RxMAdr_pX2fTubeZLg==/4456320627390033.jpg', 'https://music-1329039788.cos.ap-chengdu.myqcloud.com/songs/%E4%B8%8D%E5%A5%BD%E5%90%AC.mp3', '26599867', NULL, 230400, 3687279, 'mp3', 128000, '[]', NULL, NULL, 0, NULL, NULL, NULL, 0, 0, 0, 0);
INSERT INTO `music_song` VALUES ('0', '0', 'system_sync', '2026-06-12 20:42:20.293604', '', '2026-06-12 20:42:20.293604', NULL, 73, '飞机场 remix版', '[]', '2533032', '徐良原创合集', 'https://p4.music.126.net/fc__RxMAdr_pX2fTubeZLg==/4456320627390033.jpg', 'https://music-1329039788.cos.ap-chengdu.myqcloud.com/songs/%E9%A3%9E%E6%9C%BA%E5%9C%BA%20remix%E7%89%88.mp3', '26600621', NULL, 224960, 3600344, 'mp3', 128000, '[]', NULL, NULL, 0, NULL, NULL, NULL, 0, 0, 0, 0);
INSERT INTO `music_song` VALUES ('0', '0', 'system_sync', '2026-06-12 20:42:21.806294', '', '2026-06-12 20:42:21.806294', NULL, 74, '和平分手', '[]', '2533032', '徐良原创合集', 'https://p4.music.126.net/fc__RxMAdr_pX2fTubeZLg==/4456320627390033.jpg', 'https://music-1329039788.cos.ap-chengdu.myqcloud.com/songs/%E5%92%8C%E5%B9%B3%E5%88%86%E6%89%8B.mp3', '26599663', NULL, 232906, 3757497, 'mp3', 128000, '[]', NULL, NULL, 0, NULL, NULL, NULL, 0, 0, 0, 0);
INSERT INTO `music_song` VALUES ('0', '0', 'system_sync', '2026-06-12 20:42:22.205427', '', '2026-06-12 20:42:22.205427', NULL, 75, '考虑到可能再也见不到你', '[]', '73470775', '考虑到可能再也见不到你', 'https://p3.music.126.net/CKumVHRBsIFExQoK1Y77aQ==/109951163569789624.jpg', 'https://music-1329039788.cos.ap-chengdu.myqcloud.com/songs/%E8%80%83%E8%99%91%E5%88%B0%E5%8F%AF%E8%83%BD%E5%86%8D%E4%B9%9F%E8%A7%81%E4%B8%8D%E5%88%B0%E4%BD%A0.mp3', '1311346598', NULL, 249514, 3993226, 'mp3', 128000, '[]', NULL, NULL, 0, NULL, NULL, NULL, 0, 0, 0, 0);
INSERT INTO `music_song` VALUES ('0', '0', 'system_sync', '2026-06-12 20:42:25.292382', '', '2026-06-12 20:42:25.292382', NULL, 76, '飞机场(Remix)', '[]', '17594', '不良少年', 'https://p4.music.126.net/a82aXr_eNkbFX0BkXuKvgg==/109951172050962571.jpg', 'https://music-1329039788.cos.ap-chengdu.myqcloud.com/songs/%E9%A3%9E%E6%9C%BA%E5%9C%BA(Remix).mp3', '174955', NULL, 222405, 3559384, 'mp3', 128000, '[]', NULL, NULL, 0, NULL, NULL, NULL, 0, 0, 0, 0);
INSERT INTO `music_song` VALUES ('0', '0', 'system_sync', '2026-06-12 20:42:28.199179', '', '2026-06-12 20:42:28.199179', NULL, 77, '写给妹妹的歌', '[\"电影《快把我哥带走》主题曲\"]', '71723086', '写给妹妹的歌', 'https://p4.music.126.net/peo5xEbELOeF8Nh3WXzm4Q==/109951163403165629.jpg', 'https://music-1329039788.cos.ap-chengdu.myqcloud.com/songs/%E5%86%99%E7%BB%99%E5%A6%B9%E5%A6%B9%E7%9A%84%E6%AD%8C.mp3', '864639748', NULL, 196846, 3150620, 'mp3', 128000, '[]', NULL, NULL, 0, NULL, NULL, NULL, 0, 0, 0, 0);
INSERT INTO `music_song` VALUES ('0', '0', 'system_sync', '2026-06-12 20:42:29.703692', '', '2026-06-12 20:42:29.703692', NULL, 78, '天真', '[]', '2533032', '徐良原创合集', 'https://p4.music.126.net/fc__RxMAdr_pX2fTubeZLg==/4456320627390033.jpg', 'https://music-1329039788.cos.ap-chengdu.myqcloud.com/songs/%E5%A4%A9%E7%9C%9F.mp3', '26599971', NULL, 225775, 3614555, 'mp3', 128000, '[]', NULL, NULL, 0, NULL, NULL, NULL, 0, 0, 0, 0);
INSERT INTO `music_song` VALUES ('0', '0', 'system_sync', '2026-06-12 20:42:30.007155', '', '2026-06-12 20:42:30.007155', NULL, 79, '犯贱(Remix)', '[]', '17594', '不良少年', 'https://p4.music.126.net/a82aXr_eNkbFX0BkXuKvgg==/109951172050962571.jpg', 'https://music-1329039788.cos.ap-chengdu.myqcloud.com/songs/%E7%8A%AF%E8%B4%B1(Remix).mp3', '174953', NULL, 227413, 3639632, 'mp3', 128000, '[]', NULL, NULL, 0, NULL, NULL, NULL, 0, 0, 0, 0);
INSERT INTO `music_song` VALUES ('0', '0', 'system_sync', '2026-06-12 20:42:31.516186', '', '2026-06-12 20:42:31.516186', NULL, 80, '胸前', '[]', '17598', '犯贱', 'https://p3.music.126.net/ImNPIBQmUdqCjdeAs6mr6A==/28587302323242.jpg', 'https://music-1329039788.cos.ap-chengdu.myqcloud.com/songs/%E8%83%B8%E5%89%8D.mp3', '420125536', NULL, 206444, 3304011, 'mp3', 128000, '[]', NULL, NULL, 0, NULL, NULL, NULL, 0, 0, 0, 0);
INSERT INTO `music_song` VALUES ('0', '0', 'system_sync', '2026-06-12 20:42:31.518390', '', '2026-06-12 20:42:31.518390', NULL, 81, '星座恋人', '[]', '3084709', '我', 'https://p4.music.126.net/nIQYLt0uG-o5bUNkVRrk1g==/109951164006894277.jpg', 'https://music-1329039788.cos.ap-chengdu.myqcloud.com/songs/%E6%98%9F%E5%BA%A7%E6%81%8B%E4%BA%BA.mp3', '29822697', NULL, 240000, 3789314, 'mp3', 128000, '[]', NULL, NULL, 0, NULL, NULL, NULL, 0, 0, 0, 0);
INSERT INTO `music_song` VALUES ('0', '0', 'system_sync', '2026-06-12 20:42:31.853240', '', '2026-06-12 20:42:31.853240', NULL, 82, '天堂岛乐园', '[]', '154397567', '天堂岛 游戏原声带', 'https://p4.music.126.net/NgxiJNGoUEXyVN07w0ZZbg==/109951168030025421.jpg', 'https://music-1329039788.cos.ap-chengdu.myqcloud.com/songs/%E5%A4%A9%E5%A0%82%E5%B2%9B%E4%B9%90%E5%9B%AD.mp3', '28643278', NULL, 196097, 3138499, 'mp3', 128002, '[]', NULL, NULL, 0, NULL, NULL, NULL, 0, 0, 0, 0);
INSERT INTO `music_song` VALUES ('0', '0', 'system_sync', '2026-06-12 20:42:33.361963', '', '2026-06-12 20:42:33.361963', NULL, 83, '电话里的秘密', '[]', '2533032', '徐良原创合集', 'https://p4.music.126.net/fc__RxMAdr_pX2fTubeZLg==/4456320627390033.jpg', 'https://music-1329039788.cos.ap-chengdu.myqcloud.com/songs/%E7%94%B5%E8%AF%9D%E9%87%8C%E7%9A%84%E7%A7%98%E5%AF%86.mp3', '26600611', NULL, 235800, 3773797, 'mp3', 128000, '[]', NULL, NULL, 0, NULL, NULL, NULL, 0, 0, 0, 0);
INSERT INTO `music_song` VALUES ('0', '0', 'system_sync', '2026-06-12 20:42:34.020768', '', '2026-06-12 20:42:34.020768', NULL, 84, '明天有雨', '[]', '73470775', '考虑到可能再也见不到你', 'https://p4.music.126.net/CKumVHRBsIFExQoK1Y77aQ==/109951163569789624.jpg', 'https://music-1329039788.cos.ap-chengdu.myqcloud.com/songs/%E6%98%8E%E5%A4%A9%E6%9C%89%E9%9B%A8.mp3', '1311347583', NULL, 240128, 3843117, 'mp3', 128002, '[]', NULL, NULL, 0, NULL, NULL, NULL, 0, 0, 0, 0);
INSERT INTO `music_song` VALUES ('0', '0', 'system_sync', '2026-06-12 20:42:35.529455', '', '2026-06-12 20:42:35.529455', NULL, 85, '在回忆中死去', '[]', '2533032', '徐良原创合集', 'https://p4.music.126.net/fc__RxMAdr_pX2fTubeZLg==/4456320627390033.jpg', 'https://music-1329039788.cos.ap-chengdu.myqcloud.com/songs/%E5%9C%A8%E5%9B%9E%E5%BF%86%E4%B8%AD%E6%AD%BB%E5%8E%BB.mp3', '26599125', NULL, 214528, 3433578, 'mp3', 128000, '[]', NULL, NULL, 0, NULL, NULL, NULL, 0, 0, 0, 0);
INSERT INTO `music_song` VALUES ('0', '0', 'system_sync', '2026-06-12 20:42:35.532178', '', '2026-06-12 20:42:35.532178', NULL, 86, '友情出演', '[]', '2533032', '徐良原创合集', 'https://p3.music.126.net/fc__RxMAdr_pX2fTubeZLg==/4456320627390033.jpg', 'https://music-1329039788.cos.ap-chengdu.myqcloud.com/songs/%E5%8F%8B%E6%83%85%E5%87%BA%E6%BC%94.mp3', '26600574', NULL, 199733, 3197013, 'mp3', 128000, '[]', NULL, NULL, 0, NULL, NULL, NULL, 0, 0, 0, 0);
INSERT INTO `music_song` VALUES ('0', '0', 'system_sync', '2026-06-12 20:42:36.210561', '', '2026-06-12 20:42:36.210561', NULL, 87, '夏天 (Live版)', '[]', '173356917', '披荆斩棘3 第1期初舞台', 'https://p3.music.126.net/PLVJckNNR8fc9umowiG26g==/109951168869538663.jpg', 'https://music-1329039788.cos.ap-chengdu.myqcloud.com/songs/%E5%A4%8F%E5%A4%A9%20(Live%E7%89%88).mp3', '2076711646', NULL, 172059, 2753977, 'mp3', 128002, '[]', NULL, NULL, 0, NULL, NULL, NULL, 0, 0, 0, 0);
INSERT INTO `music_song` VALUES ('0', '0', 'system_sync', '2026-06-12 20:42:38.389687', '', '2026-06-12 20:42:38.389687', NULL, 88, '风雨萧瑟', '[\"电视剧《醉玲珑》插曲\"]', '35864430', '醉玲珑 影视原声带', 'https://p4.music.126.net/aBstqio9Mx4snZ_rpUU_uQ==/19171084742174409.jpg', 'https://music-1329039788.cos.ap-chengdu.myqcloud.com/songs/%E9%A3%8E%E9%9B%A8%E8%90%A7%E7%91%9F.mp3', '494858414', NULL, 235978, 3776685, 'mp3', 128000, '[]', NULL, NULL, 0, NULL, NULL, NULL, 0, 0, 0, 0);
INSERT INTO `music_song` VALUES ('0', '0', 'system_sync', '2026-06-12 20:42:41.504098', '', '2026-06-12 20:42:41.504098', NULL, 89, '还是想念', '[\"电视剧《路从今夜白之遇见青春》片尾曲\"]', '36702056', '还是想念', 'https://p3.music.126.net/Ljq1EeAYQV1rI8UK8trZUw==/109951163054803929.jpg', 'https://music-1329039788.cos.ap-chengdu.myqcloud.com/songs/%E8%BF%98%E6%98%AF%E6%83%B3%E5%BF%B5.mp3', '516320210', NULL, 248025, 3969453, 'mp3', 128001, '[]', NULL, NULL, 0, NULL, NULL, NULL, 0, 0, 0, 0);
INSERT INTO `music_song` VALUES ('0', '0', 'system_sync', '2026-06-12 20:42:44.262088', '', '2026-06-12 20:42:44.262088', NULL, 90, '那年夏天我学会了在被子里抱紧自己', '[]', '3084709', '我', 'https://p4.music.126.net/nIQYLt0uG-o5bUNkVRrk1g==/109951164006894277.jpg', 'https://music-1329039788.cos.ap-chengdu.myqcloud.com/songs/%E9%82%A3%E5%B9%B4%E5%A4%8F%E5%A4%A9%E6%88%91%E5%AD%A6%E4%BC%9A%E4%BA%86%E5%9C%A8%E8%A2%AB%E5%AD%90%E9%87%8C%E6%8A%B1%E7%B4%A7%E8%87%AA%E5%B7%B1.mp3', '29822690', NULL, 259000, 4145362, 'mp3', 128000, '[]', NULL, NULL, 0, NULL, NULL, NULL, 0, 0, 0, 0);
INSERT INTO `music_song` VALUES ('0', '0', 'system_sync', '2026-06-12 20:42:46.709596', '', '2026-06-12 20:42:46.709596', NULL, 91, '我会等 (伴奏)', '[]', '366638392', '我会等', 'https://p4.music.126.net/-B4pU9scvWlO58QRR_xGgA==/109951172899827810.jpg', 'https://music-1329039788.cos.ap-chengdu.myqcloud.com/songs/%E6%88%91%E4%BC%9A%E7%AD%89%20(%E4%BC%B4%E5%A5%8F).mp3', '3360100204', NULL, 211605, 3386541, 'mp3', 128000, '[]', NULL, NULL, 0, NULL, NULL, NULL, 0, 0, 0, 0);
INSERT INTO `music_song` VALUES ('0', '0', 'system_sync', '2026-06-12 20:42:49.899406', '', '2026-06-12 20:42:49.899406', NULL, 92, '御龙无双', '[\"网游《御龙在天》主题曲\"]', '2533032', '徐良原创合集', 'https://p4.music.126.net/fc__RxMAdr_pX2fTubeZLg==/4456320627390033.jpg', 'https://music-1329039788.cos.ap-chengdu.myqcloud.com/songs/%E5%BE%A1%E9%BE%99%E6%97%A0%E5%8F%8C.mp3', '28971278', NULL, 215974, 3456566, 'mp3', 128000, '[]', NULL, NULL, 0, NULL, NULL, NULL, 0, 0, 0, 0);
INSERT INTO `music_song` VALUES ('0', '0', 'system_sync', '2026-06-12 20:42:52.457866', '', '2026-06-12 20:42:52.457866', NULL, 93, '梦', '[]', '17598', '犯贱', 'https://p4.music.126.net/ImNPIBQmUdqCjdeAs6mr6A==/28587302323242.jpg', 'https://music-1329039788.cos.ap-chengdu.myqcloud.com/songs/%E6%A2%A6.mp3', '420134487', NULL, 253177, 4051740, 'mp3', 128000, '[]', NULL, NULL, 0, NULL, NULL, NULL, 0, 0, 0, 0);
INSERT INTO `music_song` VALUES ('0', '0', 'system_sync', '2026-06-12 20:42:54.315395', '', '2026-06-12 20:42:54.315395', NULL, 94, '幻灭', '[]', '2449015', '情话', 'https://p4.music.126.net/Eiq_XiRNqiXJEwmFzLTtow==/109951172050975516.jpg', 'https://music-1329039788.cos.ap-chengdu.myqcloud.com/songs/%E5%B9%BB%E7%81%AD.mp3', '27890396', NULL, 285200, 4564158, 'mp3', 128000, '[]', NULL, NULL, 0, NULL, NULL, NULL, 0, 0, 0, 0);
INSERT INTO `music_song` VALUES ('0', '0', 'system_sync', '2026-06-12 20:42:57.616859', '', '2026-06-12 20:42:57.616859', NULL, 95, '不写情歌', '[]', '2533032', '徐良原创合集', 'https://p3.music.126.net/fc__RxMAdr_pX2fTubeZLg==/4456320627390033.jpg', 'https://music-1329039788.cos.ap-chengdu.myqcloud.com/songs/%E4%B8%8D%E5%86%99%E6%83%85%E6%AD%8C.mp3', '26600543', NULL, 187061, 2993885, 'mp3', 128000, '[]', NULL, NULL, 0, NULL, NULL, NULL, 0, 0, 0, 0);
INSERT INTO `music_song` VALUES ('0', '0', 'system_sync', '2026-06-12 20:42:59.124458', '', '2026-06-12 20:42:59.124458', NULL, 96, '御龙无双', '[\"网游《御龙在天》主题曲\"]', '2967027', '御龙在天 游戏原声集', 'https://p3.music.126.net/hMYMkI6hKDAZzz9QRXfluw==/18633423557755176.jpg', 'https://music-1329039788.cos.ap-chengdu.myqcloud.com/songs/%E5%BE%A1%E9%BE%99%E6%97%A0%E5%8F%8C.mp3', '28971243', NULL, 215974, 3456566, 'mp3', 128000, '[]', NULL, NULL, 0, NULL, NULL, NULL, 0, 0, 0, 0);
INSERT INTO `music_song` VALUES ('0', '0', 'system_sync', '2026-06-12 20:42:59.127451', '', '2026-06-12 20:42:59.127451', NULL, 97, '客官不可以', '[]', '2533032', '徐良原创合集', 'https://p4.music.126.net/fc__RxMAdr_pX2fTubeZLg==/4456320627390033.jpg', 'https://music-1329039788.cos.ap-chengdu.myqcloud.com/songs/%E5%AE%A2%E5%AE%98%E4%B8%8D%E5%8F%AF%E4%BB%A5.mp3', '26599449', NULL, 225000, 3694803, 'mp3', 128000, '[]', NULL, NULL, 0, NULL, NULL, NULL, 0, 0, 0, 0);
INSERT INTO `music_song` VALUES ('0', '0', 'system_sync', '2026-06-12 20:43:00.681216', '', '2026-06-12 20:43:00.681216', NULL, 98, '一公里的幸福', '[]', '2449015', '情话', 'https://p4.music.126.net/Eiq_XiRNqiXJEwmFzLTtow==/109951172050975516.jpg', 'https://music-1329039788.cos.ap-chengdu.myqcloud.com/songs/%E4%B8%80%E5%85%AC%E9%87%8C%E7%9A%84%E5%B9%B8%E7%A6%8F.mp3', '27890399', NULL, 280986, 4496866, 'mp3', 128000, '[]', NULL, NULL, 0, NULL, NULL, NULL, 0, 0, 0, 0);
INSERT INTO `music_song` VALUES ('0', '0', 'system_sync', '2026-06-12 20:43:02.656656', '', '2026-06-12 20:43:02.656656', NULL, 99, '拿着烟斗的男孩', '[]', '2449015', '情话', 'https://p4.music.126.net/Eiq_XiRNqiXJEwmFzLTtow==/109951172050975516.jpg', 'https://music-1329039788.cos.ap-chengdu.myqcloud.com/songs/%E6%8B%BF%E7%9D%80%E7%83%9F%E6%96%97%E7%9A%84%E7%94%B7%E5%AD%A9.mp3', '27566711', NULL, 259146, 4147453, 'mp3', 128000, '[]', NULL, NULL, 0, NULL, NULL, NULL, 0, 0, 0, 0);
INSERT INTO `music_song` VALUES ('0', '0', 'system_sync', '2026-06-12 20:43:05.501016', '', '2026-06-12 20:43:05.501016', NULL, 100, '华生', '[]', '3420231', '华生', 'https://p4.music.126.net/-j8zDJVosBgPC2AIQYR75Q==/3262251006320943.jpg', 'https://music-1329039788.cos.ap-chengdu.myqcloud.com/songs/%E5%8D%8E%E7%94%9F.mp3', '37239951', NULL, 251842, 4030424, 'mp3', 128000, '[]', NULL, NULL, 0, NULL, NULL, NULL, 0, 0, 0, 0);
INSERT INTO `music_song` VALUES ('0', '0', 'system_sync', '2026-06-12 20:43:08.814371', '', '2026-06-12 20:43:08.814371', NULL, 101, '写词的人', '[]', '34783081', '请在哔声后留言', 'https://p4.music.126.net/KjXQR3P-zuzC0IhZo_PV4Q==/1386484175539505.jpg', 'https://music-1329039788.cos.ap-chengdu.myqcloud.com/songs/%E5%86%99%E8%AF%8D%E7%9A%84%E4%BA%BA.mp3', '417250755', NULL, 263228, 4212654, 'mp3', 128000, '[]', NULL, NULL, 0, NULL, NULL, NULL, 0, 0, 0, 0);
INSERT INTO `music_song` VALUES ('0', '0', 'system_sync', '2026-06-12 20:43:12.896711', '', '2026-06-12 20:43:12.896711', NULL, 102, '大步大步', '[]', '2449015', '情话', 'https://p4.music.126.net/Eiq_XiRNqiXJEwmFzLTtow==/109951172050975516.jpg', 'https://music-1329039788.cos.ap-chengdu.myqcloud.com/songs/%E5%A4%A7%E6%AD%A5%E5%A4%A7%E6%AD%A5.mp3', '27566712', NULL, 283453, 4536155, 'mp3', 128000, '[]', NULL, NULL, 0, NULL, NULL, NULL, 0, 0, 0, 0);
INSERT INTO `music_song` VALUES ('0', '0', 'system_sync', '2026-06-12 20:43:14.769811', '', '2026-06-12 20:43:14.769811', NULL, 103, '风清', '[\"网剧《传闻中的陈芊芊》插曲\"]', '164395053', '网剧 传闻中的陈芊芊 原声大碟', 'https://p3.music.126.net/EVxrx5NZjz82GuiWSw7QOw==/109951168569892909.jpg', 'https://music-1329039788.cos.ap-chengdu.myqcloud.com/songs/%E9%A3%8E%E6%B8%85.mp3', '2042349202', NULL, 273813, 4381928, 'mp3', 128000, '[]', NULL, NULL, 0, NULL, NULL, NULL, 0, 0, 0, 0);
INSERT INTO `music_song` VALUES ('0', '0', 'system_sync', '2026-06-12 20:43:16.667760', '', '2026-06-12 20:43:16.667760', NULL, 104, '乳臭未干', '[]', '73470775', '考虑到可能再也见不到你', 'https://p3.music.126.net/CKumVHRBsIFExQoK1Y77aQ==/109951163569789624.jpg', 'https://music-1329039788.cos.ap-chengdu.myqcloud.com/songs/%E4%B9%B3%E8%87%AD%E6%9C%AA%E5%B9%B2.mp3', '1311345599', NULL, 185578, 2970285, 'mp3', 128000, '[]', NULL, NULL, 0, NULL, NULL, NULL, 0, 0, 0, 0);
INSERT INTO `music_song` VALUES ('0', '0', 'system_sync', '2026-06-12 20:43:18.460331', '', '2026-06-12 20:43:18.460331', NULL, 105, '靠近', '[]', '2533032', '徐良原创合集', 'https://p3.music.126.net/fc__RxMAdr_pX2fTubeZLg==/4456320627390033.jpg', 'https://music-1329039788.cos.ap-chengdu.myqcloud.com/songs/%E9%9D%A0%E8%BF%91.mp3', '26600798', NULL, 205661, 3291472, 'mp3', 128000, '[]', NULL, NULL, 0, NULL, NULL, NULL, 0, 0, 0, 0);
INSERT INTO `music_song` VALUES ('0', '0', 'system_sync', '2026-06-12 20:43:19.964664', '', '2026-06-12 20:43:19.964664', NULL, 106, '即使说抱歉', '[]', '2533032', '徐良原创合集', 'https://p3.music.126.net/fc__RxMAdr_pX2fTubeZLg==/4456320627390033.jpg', 'https://music-1329039788.cos.ap-chengdu.myqcloud.com/songs/%E5%8D%B3%E4%BD%BF%E8%AF%B4%E6%8A%B1%E6%AD%89.mp3', '26599269', NULL, 287345, 4598431, 'mp3', 128000, '[]', NULL, NULL, 0, NULL, NULL, NULL, 0, 0, 0, 0);
INSERT INTO `music_song` VALUES ('0', '0', 'system_sync', '2026-06-12 20:43:20.290355', '', '2026-06-12 20:43:20.290355', NULL, 107, 'I will be OK', '[]', '3066127', 'I will be OK', 'https://p3.music.126.net/aKA2pMNgmT_NcUVqQnT1ww==/3243559302539106.jpg', 'https://music-1329039788.cos.ap-chengdu.myqcloud.com/songs/I%20will%20be%20OK.mp3', '29719783', NULL, 218000, 3494652, 'mp3', 128000, '[]', NULL, NULL, 0, NULL, NULL, NULL, 0, 0, 0, 0);
INSERT INTO `music_song` VALUES ('0', '0', 'system_sync', '2026-06-12 20:43:22.122267', '', '2026-06-12 20:43:22.122267', NULL, 108, '心痛', '[]', '34783081', '请在哔声后留言', 'https://p4.music.126.net/KjXQR3P-zuzC0IhZo_PV4Q==/1386484175539505.jpg', 'https://music-1329039788.cos.ap-chengdu.myqcloud.com/songs/%E5%BF%83%E7%97%9B.mp3', '421148494', NULL, 215426, 3447789, 'mp3', 128000, '[]', NULL, NULL, 0, NULL, NULL, NULL, 0, 0, 0, 0);
INSERT INTO `music_song` VALUES ('0', '0', 'system_sync', '2026-06-12 20:43:24.027548', '', '2026-06-12 20:43:24.027548', NULL, 109, '106步', '[]', '78584295', '东西世界', 'https://p4.music.126.net/bF-B1GTIlowbLLHwo4Tu8w==/109951168750495471.jpg', 'https://music-1329039788.cos.ap-chengdu.myqcloud.com/songs/106%E6%AD%A5.mp3', '487190994', NULL, 284187, 4548275, 'mp3', 128000, '[]', NULL, NULL, 0, NULL, NULL, NULL, 0, 0, 0, 0);
INSERT INTO `music_song` VALUES ('0', '0', 'system_sync', '2026-06-12 20:43:25.534462', '', '2026-06-12 20:43:25.534462', NULL, 110, '小恋曲', '[]', '2533032', '徐良原创合集', 'https://p4.music.126.net/fc__RxMAdr_pX2fTubeZLg==/4456320627390033.jpg', 'https://music-1329039788.cos.ap-chengdu.myqcloud.com/songs/%E5%B0%8F%E6%81%8B%E6%9B%B2.mp3', '26600461', NULL, 195290, 3125542, 'mp3', 128000, '[]', NULL, NULL, 0, NULL, NULL, NULL, 0, 0, 0, 0);
INSERT INTO `music_song` VALUES ('0', '0', 'system_sync', '2026-06-12 20:43:27.084488', '', '2026-06-12 20:43:27.084488', NULL, 111, '指环', '[]', '73470775', '考虑到可能再也见不到你', 'https://p3.music.126.net/CKumVHRBsIFExQoK1Y77aQ==/109951163569789624.jpg', 'https://music-1329039788.cos.ap-chengdu.myqcloud.com/songs/%E6%8C%87%E7%8E%AF.mp3', '1311345602', NULL, 235413, 3767469, 'mp3', 128000, '[]', NULL, NULL, 0, NULL, NULL, NULL, 0, 0, 0, 0);
INSERT INTO `music_song` VALUES ('0', '0', 'system_sync', '2026-06-12 20:43:28.879264', '', '2026-06-12 20:43:28.879264', NULL, 112, '捻秋花', '[]', '148403524', '捻秋花', 'https://p3.music.126.net/3tCxqV3JA3yxZXnTyV75KQ==/109951167696738023.jpg', 'https://music-1329039788.cos.ap-chengdu.myqcloud.com/songs/%E6%8D%BB%E7%A7%8B%E8%8A%B1.mp3', '1965612989', NULL, 218568, 3497517, 'mp3', 128000, '[]', NULL, NULL, 0, NULL, NULL, NULL, 0, 0, 0, 0);
INSERT INTO `music_song` VALUES ('0', '0', 'system_sync', '2026-06-12 20:43:30.798696', '', '2026-06-12 20:43:30.798696', NULL, 113, '天然淋浴器', '[]', '34783081', '请在哔声后留言', 'https://p3.music.126.net/KjXQR3P-zuzC0IhZo_PV4Q==/1386484175539505.jpg', 'https://music-1329039788.cos.ap-chengdu.myqcloud.com/songs/%E5%A4%A9%E7%84%B6%E6%B7%8B%E6%B5%B4%E5%99%A8.mp3', '421160377', NULL, 222440, 3560220, 'mp3', 128000, '[]', NULL, NULL, 0, NULL, NULL, NULL, 0, 0, 0, 0);
INSERT INTO `music_song` VALUES ('0', '0', 'system_sync', '2026-06-12 20:43:35.897593', '', '2026-06-12 20:43:35.897593', NULL, 114, '披荆斩棘 (Live版)', '[]', '178692067', '披荆斩棘3 第12期', 'https://p4.music.126.net/yIh1OqBx9Fz2Lnb16Ram5w==/109951169043048216.jpg', 'https://music-1329039788.cos.ap-chengdu.myqcloud.com/songs/%E6%8A%AB%E8%8D%86%E6%96%A9%E6%A3%98%20(Live%E7%89%88).mp3', '2098200148', NULL, 298282, 4773555, 'mp3', 128000, '[]', NULL, NULL, 0, NULL, NULL, NULL, 0, 0, 0, 0);
INSERT INTO `music_song` VALUES ('0', '0', 'system_sync', '2026-06-12 20:43:37.830778', '', '2026-06-12 20:43:37.830778', NULL, 115, '山姆大婶', '[]', '3084709', '我', 'https://p3.music.126.net/nIQYLt0uG-o5bUNkVRrk1g==/109951164006894277.jpg', 'https://music-1329039788.cos.ap-chengdu.myqcloud.com/songs/%E5%B1%B1%E5%A7%86%E5%A4%A7%E5%A9%B6.mp3', '29822696', NULL, 202000, 3245078, 'mp3', 128000, '[]', NULL, NULL, 0, NULL, NULL, NULL, 0, 0, 0, 0);
INSERT INTO `music_song` VALUES ('0', '0', 'system_sync', '2026-06-12 20:43:40.630490', '', '2026-06-12 20:43:40.630490', NULL, 116, '你不是我', '[]', '2533032', '徐良原创合集', 'https://p3.music.126.net/fc__RxMAdr_pX2fTubeZLg==/4456320627390033.jpg', 'https://music-1329039788.cos.ap-chengdu.myqcloud.com/songs/%E4%BD%A0%E4%B8%8D%E6%98%AF%E6%88%91.mp3', '26600747', NULL, 212140, 3395126, 'mp3', 128000, '[]', NULL, NULL, 0, NULL, NULL, NULL, 0, 0, 0, 0);
INSERT INTO `music_song` VALUES ('0', '0', 'system_sync', '2026-06-12 20:43:42.140062', '', '2026-06-12 20:43:42.140062', NULL, 117, '不良', '[]', '2533032', '徐良原创合集', 'https://p3.music.126.net/fc__RxMAdr_pX2fTubeZLg==/4456320627390033.jpg', 'https://music-1329039788.cos.ap-chengdu.myqcloud.com/songs/%E4%B8%8D%E8%89%AF.mp3', '26600553', NULL, 218933, 3504213, 'mp3', 128000, '[]', NULL, NULL, 0, NULL, NULL, NULL, 0, 0, 0, 0);
INSERT INTO `music_song` VALUES ('0', '0', 'system_sync', '2026-06-12 20:43:44.411032', '', '2026-06-12 20:43:44.411032', NULL, 118, '写曲的人', '[]', '34783081', '请在哔声后留言', 'https://p4.music.126.net/KjXQR3P-zuzC0IhZo_PV4Q==/1386484175539505.jpg', 'https://music-1329039788.cos.ap-chengdu.myqcloud.com/songs/%E5%86%99%E6%9B%B2%E7%9A%84%E4%BA%BA.mp3', '417247873', NULL, 236687, 3788008, 'mp3', 128000, '[]', NULL, NULL, 0, NULL, NULL, NULL, 0, 0, 0, 0);
INSERT INTO `music_song` VALUES ('0', '0', 'system_sync', '2026-06-12 20:43:46.894242', '', '2026-06-12 20:43:46.894242', NULL, 119, '自由', '[]', '2533032', '徐良原创合集', 'https://p3.music.126.net/fc__RxMAdr_pX2fTubeZLg==/4456320627390033.jpg', 'https://music-1329039788.cos.ap-chengdu.myqcloud.com/songs/%E8%87%AA%E7%94%B1.mp3', '26600791', NULL, 206627, 3306937, 'mp3', 128000, '[]', NULL, NULL, 0, NULL, NULL, NULL, 0, 0, 0, 0);
INSERT INTO `music_song` VALUES ('0', '0', 'system_sync', '2026-06-12 20:43:49.476931', '', '2026-06-12 20:43:49.476931', NULL, 120, '犯贱(DJ版)', '[]', '17598', '犯贱', 'https://p3.music.126.net/ImNPIBQmUdqCjdeAs6mr6A==/28587302323242.jpg', 'https://music-1329039788.cos.ap-chengdu.myqcloud.com/songs/%E7%8A%AF%E8%B4%B1(DJ%E7%89%88).mp3', '174970', NULL, 204823, 3278097, 'mp3', 128000, '[]', NULL, NULL, 0, NULL, NULL, NULL, 0, 0, 0, 0);
INSERT INTO `music_song` VALUES ('0', '0', 'system_sync', '2026-06-12 20:43:50.988644', '', '2026-06-12 20:43:50.988644', NULL, 121, '梦', '[]', '2982254', '热门华语238', 'https://p4.music.126.net/cpoUinrExafBHL5Nv5iDHQ==/109951166361218466.jpg', 'https://music-1329039788.cos.ap-chengdu.myqcloud.com/songs/%E6%A2%A6.mp3', '29122400', NULL, 253177, 4051740, 'mp3', 128000, '[]', NULL, NULL, 0, NULL, NULL, NULL, 0, 0, 0, 0);
INSERT INTO `music_song` VALUES ('0', '0', 'system_sync', '2026-06-12 20:43:51.416324', '', '2026-06-12 20:43:51.416324', NULL, 122, 'Goodbye My Love', '[]', '2693055', '热门华语93', 'https://p3.music.126.net/cpoUinrExafBHL5Nv5iDHQ==/109951166361218466.jpg', 'https://music-1329039788.cos.ap-chengdu.myqcloud.com/songs/Goodbye%20My%20Love.mp3', '27906849', NULL, 198478, 3176533, 'mp3', 128000, '[]', NULL, NULL, 0, NULL, NULL, NULL, 0, 0, 0, 0);
INSERT INTO `music_song` VALUES ('0', '0', 'system_sync', '2026-06-12 20:43:54.104920', '', '2026-06-12 20:43:54.104920', NULL, 123, 'Mr.Rainbow', '[]', '3084709', '我', 'https://p4.music.126.net/nIQYLt0uG-o5bUNkVRrk1g==/109951164006894277.jpg', 'https://music-1329039788.cos.ap-chengdu.myqcloud.com/songs/Mr.Rainbow.mp3', '29822694', NULL, 238000, 3810158, 'mp3', 128000, '[]', NULL, NULL, 0, NULL, NULL, NULL, 0, 0, 0, 0);
INSERT INTO `music_song` VALUES ('0', '0', 'system_sync', '2026-06-12 20:43:56.698803', '', '2026-06-12 20:43:56.698803', NULL, 124, '笑着哭', '[]', '2696049', '热门华语155', 'https://p3.music.126.net/cpoUinrExafBHL5Nv5iDHQ==/109951166361218466.jpg', 'https://music-1329039788.cos.ap-chengdu.myqcloud.com/songs/%E7%AC%91%E7%9D%80%E5%93%AD.mp3', '27927853', NULL, 250488, 4008690, 'mp3', 128000, '[]', NULL, NULL, 0, NULL, NULL, NULL, 0, 0, 0, 0);
INSERT INTO `music_song` VALUES ('0', '0', 'system_sync', '2026-06-12 20:43:58.779867', '', '2026-06-12 20:43:58.779867', NULL, 125, '客官不可以 remix版', '[]', '2533032', '徐良原创合集', 'https://p4.music.126.net/fc__RxMAdr_pX2fTubeZLg==/4456320627390033.jpg', 'https://music-1329039788.cos.ap-chengdu.myqcloud.com/songs/%E5%AE%A2%E5%AE%98%E4%B8%8D%E5%8F%AF%E4%BB%A5%20remix%E7%89%88.mp3', '26600594', NULL, 230853, 3694803, 'mp3', 128000, '[]', NULL, NULL, 0, NULL, NULL, NULL, 0, 0, 0, 0);
INSERT INTO `music_song` VALUES ('0', '0', 'system_sync', '2026-06-12 20:44:00.626543', '', '2026-06-12 20:44:00.626543', NULL, 126, '高跟鞋', '[]', '34783081', '请在哔声后留言', 'https://p3.music.126.net/KjXQR3P-zuzC0IhZo_PV4Q==/1386484175539505.jpg', 'https://music-1329039788.cos.ap-chengdu.myqcloud.com/songs/%E9%AB%98%E8%B7%9F%E9%9E%8B.mp3', '421148491', NULL, 216333, 3462417, 'mp3', 128000, '[]', NULL, NULL, 0, NULL, NULL, NULL, 0, 0, 0, 0);
INSERT INTO `music_song` VALUES ('0', '0', 'system_sync', '2026-06-12 20:44:03.945497', '', '2026-06-12 20:44:03.945497', NULL, 127, '简单的温热', '[\"电视剧《不一样的美男子2》插曲\"]', '35261243', '简单的温热', 'https://p3.music.126.net/jZzzFb6wePikvxhdvWNW6Q==/18600438208927246.jpg', 'https://music-1329039788.cos.ap-chengdu.myqcloud.com/songs/%E7%AE%80%E5%8D%95%E7%9A%84%E6%B8%A9%E7%83%AD.mp3', '464674975', NULL, 229848, 3678502, 'mp3', 128000, '[]', NULL, NULL, 0, NULL, NULL, NULL, 0, 0, 0, 0);
INSERT INTO `music_song` VALUES ('0', '0', 'system_sync', '2026-06-12 20:44:08.088506', '', '2026-06-12 20:44:08.088506', NULL, 128, '表演的人', '[]', '34783081', '请在哔声后留言', 'https://p4.music.126.net/KjXQR3P-zuzC0IhZo_PV4Q==/1386484175539505.jpg', 'https://music-1329039788.cos.ap-chengdu.myqcloud.com/songs/%E8%A1%A8%E6%BC%94%E7%9A%84%E4%BA%BA.mp3', '417247874', NULL, 206478, 3304847, 'mp3', 128000, '[]', NULL, NULL, 0, NULL, NULL, NULL, 0, 0, 0, 0);
INSERT INTO `music_song` VALUES ('0', '0', 'system_sync', '2026-06-12 20:44:09.601558', '', '2026-06-12 20:44:09.601558', NULL, 129, 'I Will Be OK', '[]', '3084709', '我', 'https://p4.music.126.net/nIQYLt0uG-o5bUNkVRrk1g==/109951164006894277.jpg', 'https://music-1329039788.cos.ap-chengdu.myqcloud.com/songs/I%20Will%20Be%20OK.mp3', '29822692', NULL, 224000, 3494652, 'mp3', 128000, '[]', NULL, NULL, 0, NULL, NULL, NULL, 0, 0, 0, 0);
INSERT INTO `music_song` VALUES ('0', '0', 'system_sync', '2026-06-12 20:44:26.555040', '', '2026-06-12 20:44:26.555040', NULL, 130, 'Bee', '[]', '3084709', '我', 'https://p4.music.126.net/nIQYLt0uG-o5bUNkVRrk1g==/109951164006894277.jpg', 'https://music-1329039788.cos.ap-chengdu.myqcloud.com/songs/Bee.mp3', '29822699', NULL, 200000, 3214985, 'mp3', 128000, '[]', NULL, NULL, 0, NULL, NULL, NULL, 0, 0, 0, 0);
INSERT INTO `music_song` VALUES ('0', '0', 'system_sync', '2026-06-12 20:44:37.395346', '', '2026-06-12 20:44:37.395346', NULL, 131, '一三七', '[]', '34783081', '请在哔声后留言', 'https://p4.music.126.net/KjXQR3P-zuzC0IhZo_PV4Q==/1386484175539505.jpg', 'https://music-1329039788.cos.ap-chengdu.myqcloud.com/songs/%E4%B8%80%E4%B8%89%E4%B8%83.mp3', '421148492', NULL, 217573, 3482062, 'mp3', 128000, '[]', NULL, NULL, 0, NULL, NULL, NULL, 0, 0, 0, 0);
INSERT INTO `music_song` VALUES ('0', '0', 'system_sync', '2026-06-12 20:44:39.201106', '', '2026-06-12 20:44:39.201106', NULL, 132, '红装(DJ版)', '[]', '17598', '犯贱', 'https://p4.music.126.net/ImNPIBQmUdqCjdeAs6mr6A==/28587302323242.jpg', 'https://music-1329039788.cos.ap-chengdu.myqcloud.com/songs/%E7%BA%A2%E8%A3%85(DJ%E7%89%88).mp3', '174971', NULL, 104463, 1671880, 'mp3', 128000, '[]', NULL, NULL, 0, NULL, NULL, NULL, 0, 0, 0, 0);
INSERT INTO `music_song` VALUES ('0', '0', 'system_sync', '2026-06-12 20:44:41.267061', '', '2026-06-12 20:44:41.267061', NULL, 133, '黑白相纸', '[]', '75816535', '黑白相纸', 'https://p4.music.126.net/FsbclcxglTVCpJv9IrT2Vg==/109951167610816906.jpg', 'https://music-1329039788.cos.ap-chengdu.myqcloud.com/songs/%E9%BB%91%E7%99%BD%E7%9B%B8%E7%BA%B8.mp3', '1351253205', NULL, 214021, 3425219, 'mp3', 128000, '[]', NULL, NULL, 0, NULL, NULL, NULL, 0, 0, 0, 0);
INSERT INTO `music_song` VALUES ('0', '0', 'system_sync', '2026-06-12 20:44:45.166290', '', '2026-06-12 20:44:45.166290', NULL, 134, '自画像', '[]', '2449015', '情话', 'https://p4.music.126.net/Eiq_XiRNqiXJEwmFzLTtow==/109951172050975516.jpg', 'https://music-1329039788.cos.ap-chengdu.myqcloud.com/songs/%E8%87%AA%E7%94%BB%E5%83%8F.mp3', '27890398', NULL, 224653, 3595746, 'mp3', 128000, '[]', NULL, NULL, 0, NULL, NULL, NULL, 0, 0, 0, 0);
INSERT INTO `music_song` VALUES ('0', '0', 'system_sync', '2026-06-12 20:44:46.675279', '', '2026-06-12 20:44:46.675279', NULL, 135, '后会无期', '[]', '2533032', '徐良原创合集', 'https://p3.music.126.net/fc__RxMAdr_pX2fTubeZLg==/4456320627390033.jpg', 'https://music-1329039788.cos.ap-chengdu.myqcloud.com/songs/%E5%90%8E%E4%BC%9A%E6%97%A0%E6%9C%9F.mp3', '26600633', NULL, 211760, 3300249, 'mp3', 128000, '[]', NULL, NULL, 0, NULL, NULL, NULL, 0, 0, 0, 0);
INSERT INTO `music_song` VALUES ('0', '0', 'system_sync', '2026-06-12 20:44:47.522427', '', '2026-06-12 20:44:47.522427', NULL, 136, '依赖', '[\"影视剧《爱上特种兵》情感主题曲\"]', '129954531', '爱上特种兵 影视剧音乐原声', 'https://p3.music.126.net/A42ZbVpJ5pDNz1RIJnyWsA==/109951166150477089.jpg', 'https://music-1329039788.cos.ap-chengdu.myqcloud.com/songs/%E4%BE%9D%E8%B5%96.mp3', '1853884576', NULL, 214272, 3429399, 'mp3', 128000, '[]', NULL, NULL, 0, NULL, NULL, NULL, 0, 0, 0, 0);
INSERT INTO `music_song` VALUES ('0', '0', 'system_sync', '2026-06-12 20:44:52.809217', '', '2026-06-12 20:44:52.809217', NULL, 137, 'Bonus 请在哔声后留言', '[\"Bonus Track\"]', '34783081', '请在哔声后留言', 'https://p4.music.126.net/KjXQR3P-zuzC0IhZo_PV4Q==/1386484175539505.jpg', 'https://music-1329039788.cos.ap-chengdu.myqcloud.com/songs/Bonus%20%E8%AF%B7%E5%9C%A8%E5%93%94%E5%A3%B0%E5%90%8E%E7%95%99%E8%A8%80.mp3', '421148495', NULL, 377680, 6044151, 'mp3', 128000, '[]', NULL, NULL, 0, NULL, NULL, NULL, 0, 0, 0, 0);
INSERT INTO `music_song` VALUES ('0', '0', 'system_sync', '2026-06-12 20:44:55.798469', '', '2026-06-12 20:44:55.798469', NULL, 138, '帮忙', '[]', '3084709', '我', 'https://p4.music.126.net/nIQYLt0uG-o5bUNkVRrk1g==/109951164006894277.jpg', 'https://music-1329039788.cos.ap-chengdu.myqcloud.com/songs/%E5%B8%AE%E5%BF%99.mp3', '29822693', NULL, 255000, 4083086, 'mp3', 128000, '[]', NULL, NULL, 0, NULL, NULL, NULL, 0, 0, 0, 0);
INSERT INTO `music_song` VALUES ('0', '0', 'system_sync', '2026-06-12 20:44:57.307103', '', '2026-06-12 20:44:57.307103', NULL, 139, '简单的温热', '[\"电视剧《不一样的美男子2》插曲\"]', '35292269', '不一样的美男子2 电视剧原声带', 'https://p3.music.126.net/F4RkCEuqpynRYeeYUaPqiQ==/18863221486163079.jpg', 'https://music-1329039788.cos.ap-chengdu.myqcloud.com/songs/%E7%AE%80%E5%8D%95%E7%9A%84%E6%B8%A9%E7%83%AD.mp3', '466795204', NULL, 229848, 3678502, 'mp3', 128000, '[]', NULL, NULL, 0, NULL, NULL, NULL, 0, 0, 0, 0);
INSERT INTO `music_song` VALUES ('0', '0', 'system_sync', '2026-06-12 20:44:58.108518', '', '2026-06-12 20:44:58.108518', NULL, 140, '电梯', '[]', '73470775', '考虑到可能再也见不到你', 'https://p4.music.126.net/CKumVHRBsIFExQoK1Y77aQ==/109951163569789624.jpg', 'https://music-1329039788.cos.ap-chengdu.myqcloud.com/songs/%E7%94%B5%E6%A2%AF.mp3', '1311319656', NULL, 240810, 3853869, 'mp3', 128000, '[]', NULL, NULL, 0, NULL, NULL, NULL, 0, 0, 0, 0);
INSERT INTO `music_song` VALUES ('0', '0', 'system_sync', '2026-06-12 20:45:00.279523', '', '2026-06-12 20:45:00.279523', NULL, 141, '也许', '[]', '2696049', '热门华语155', 'https://p3.music.126.net/cpoUinrExafBHL5Nv5iDHQ==/109951166361218466.jpg', 'https://music-1329039788.cos.ap-chengdu.myqcloud.com/songs/%E4%B9%9F%E8%AE%B8.mp3', '27927854', NULL, 248006, 3968984, 'mp3', 128000, '[]', NULL, NULL, 0, NULL, NULL, NULL, 0, 0, 0, 0);
INSERT INTO `music_song` VALUES ('0', '0', 'system_sync', '2026-06-12 20:45:02.195269', '', '2026-06-12 20:45:02.195269', NULL, 142, '一人一井', '[]', '3084709', '我', 'https://p3.music.126.net/nIQYLt0uG-o5bUNkVRrk1g==/109951164006894277.jpg', 'https://music-1329039788.cos.ap-chengdu.myqcloud.com/songs/%E4%B8%80%E4%BA%BA%E4%B8%80%E4%BA%95.mp3', '29822698', NULL, 213000, 3424382, 'mp3', 128000, '[]', NULL, NULL, 0, NULL, NULL, NULL, 0, 0, 0, 0);
INSERT INTO `music_song` VALUES ('0', '0', 'system_sync', '2026-06-12 20:45:04.272929', '', '2026-06-12 20:45:04.272929', NULL, 143, '徐侦探', '[]', '73470775', '考虑到可能再也见不到你', 'https://p4.music.126.net/CKumVHRBsIFExQoK1Y77aQ==/109951163569789624.jpg', 'https://music-1329039788.cos.ap-chengdu.myqcloud.com/songs/%E5%BE%90%E4%BE%A6%E6%8E%A2.mp3', '1311345600', NULL, 213781, 3421485, 'mp3', 128000, '[]', NULL, NULL, 0, NULL, NULL, NULL, 0, 0, 0, 0);
INSERT INTO `music_song` VALUES ('0', '0', 'system_sync', '2026-06-12 20:45:06.606549', '', '2026-06-12 20:45:06.606549', NULL, 144, '羞红的夏天', '[]', '75815402', '羞红的夏天', 'https://p4.music.126.net/yLvE_yo2HgW7nv0xUBo2ng==/109951167611561286.jpg', 'https://music-1329039788.cos.ap-chengdu.myqcloud.com/songs/%E7%BE%9E%E7%BA%A2%E7%9A%84%E5%A4%8F%E5%A4%A9.mp3', '1351230041', NULL, 160104, 2562551, 'mp3', 128000, '[]', NULL, NULL, 0, NULL, NULL, NULL, 0, 0, 0, 0);
INSERT INTO `music_song` VALUES ('0', '0', 'system_sync', '2026-06-12 20:45:08.489649', '', '2026-06-12 20:45:08.489649', NULL, 145, '微笑', '[]', '2696049', '热门华语155', 'https://p3.music.126.net/cpoUinrExafBHL5Nv5iDHQ==/109951166361218466.jpg', 'https://music-1329039788.cos.ap-chengdu.myqcloud.com/songs/%E5%BE%AE%E7%AC%91.mp3', '27927851', NULL, 149315, 2389934, 'mp3', 128000, '[]', NULL, NULL, 0, NULL, NULL, NULL, 0, 0, 0, 0);
INSERT INTO `music_song` VALUES ('0', '0', 'system_sync', '2026-06-12 20:45:10.650408', '', '2026-06-12 20:45:10.650408', NULL, 146, '躁', '[]', '73470775', '考虑到可能再也见不到你', 'https://p4.music.126.net/CKumVHRBsIFExQoK1Y77aQ==/109951163569789624.jpg', 'https://music-1329039788.cos.ap-chengdu.myqcloud.com/songs/%E8%BA%81.mp3', '1311345601', NULL, 236288, 3781677, 'mp3', 128000, '[]', NULL, NULL, 0, NULL, NULL, NULL, 0, 0, 0, 0);
INSERT INTO `music_song` VALUES ('0', '0', 'system_sync', '2026-06-12 20:45:12.493430', '', '2026-06-12 20:45:12.493430', NULL, 147, '上火星球', '[]', '36097044', '上火星球', 'https://p3.music.126.net/tA-f373dwQvrQxK6zvDIbw==/109951163016446043.jpg', 'https://music-1329039788.cos.ap-chengdu.myqcloud.com/songs/%E4%B8%8A%E7%81%AB%E6%98%9F%E7%90%83.mp3', '503020174', NULL, 134986, 2160813, 'mp3', 128003, '[]', NULL, NULL, 0, NULL, NULL, NULL, 0, 0, 0, 0);
INSERT INTO `music_song` VALUES ('0', '0', 'system_sync', '2026-06-12 20:45:15.398073', '', '2026-06-12 20:45:15.398073', NULL, 148, '话题', '[]', '34783081', '请在哔声后留言', 'https://p4.music.126.net/KjXQR3P-zuzC0IhZo_PV4Q==/1386484175539505.jpg', 'https://music-1329039788.cos.ap-chengdu.myqcloud.com/songs/%E8%AF%9D%E9%A2%98.mp3', '421148493', NULL, 220093, 3522604, 'mp3', 128000, '[]', NULL, NULL, 0, NULL, NULL, NULL, 0, 0, 0, 0);
INSERT INTO `music_song` VALUES ('0', '0', 'system_sync', '2026-06-12 20:45:18.442519', '', '2026-06-12 20:45:18.442519', NULL, 149, '林中夫人', '[]', '78584295', '东西世界', 'https://p4.music.126.net/bF-B1GTIlowbLLHwo4Tu8w==/109951168750495471.jpg', 'https://music-1329039788.cos.ap-chengdu.myqcloud.com/songs/%E6%9E%97%E4%B8%AD%E5%A4%AB%E4%BA%BA.mp3', '487190993', NULL, 265035, 4241493, 'mp3', 128001, '[]', NULL, NULL, 0, NULL, NULL, NULL, 0, 0, 0, 0);
INSERT INTO `music_song` VALUES ('0', '0', 'system_sync', '2026-06-12 20:45:21.801380', '', '2026-06-12 20:45:21.801380', NULL, 150, '请在哔声后留言 (Dark Version)', '[]', '34869225', '请在哔声后留言 (Dark Version)', 'https://p4.music.126.net/hLpRBTMHqQI791EoBOcWbQ==/3412884120543505.jpg', 'https://music-1329039788.cos.ap-chengdu.myqcloud.com/songs/%E8%AF%B7%E5%9C%A8%E5%93%94%E5%A3%B0%E5%90%8E%E7%95%99%E8%A8%80%20(Dark%20Version).mp3', '429450985', NULL, 378565, 6057944, 'mp3', 128000, '[]', NULL, NULL, 0, NULL, NULL, NULL, 0, 0, 0, 0);
INSERT INTO `music_song` VALUES ('0', '0', 'system_sync', '2026-06-12 20:45:23.512499', '', '2026-06-12 20:45:23.512499', NULL, 151, '客官不可以 (演奏版)', '[]', '2533032', '徐良原创合集', 'https://p4.music.126.net/fc__RxMAdr_pX2fTubeZLg==/4456320627390033.jpg', 'https://music-1329039788.cos.ap-chengdu.myqcloud.com/songs/%E5%AE%A2%E5%AE%98%E4%B8%8D%E5%8F%AF%E4%BB%A5%20(%E6%BC%94%E5%A5%8F%E7%89%88).mp3', '31563864', NULL, 225000, 3602015, 'mp3', 128000, '[]', NULL, NULL, 0, NULL, NULL, NULL, 0, 0, 0, 0);
INSERT INTO `music_song` VALUES ('0', '0', 'system_sync', '2026-06-12 20:45:26.083199', '', '2026-06-12 20:45:26.083199', NULL, 152, '关灯时候', '[]', '2533032', '徐良原创合集', 'https://p3.music.126.net/fc__RxMAdr_pX2fTubeZLg==/4456320627390033.jpg', 'https://music-1329039788.cos.ap-chengdu.myqcloud.com/songs/%E5%85%B3%E7%81%AF%E6%97%B6%E5%80%99.mp3', '26600755', NULL, 163918, 2623573, 'mp3', 128000, '[]', NULL, NULL, 0, NULL, NULL, NULL, 0, 0, 0, 0);
INSERT INTO `music_song` VALUES ('0', '0', 'system_sync', '2026-06-12 20:45:28.721922', '', '2026-06-12 20:45:28.721922', NULL, 153, '灯关时候', '[]', '2533032', '徐良原创合集', 'https://p3.music.126.net/fc__RxMAdr_pX2fTubeZLg==/4456320627390033.jpg', 'https://music-1329039788.cos.ap-chengdu.myqcloud.com/songs/%E7%81%AF%E5%85%B3%E6%97%B6%E5%80%99.mp3', '26601448', NULL, 163979, 2624827, 'mp3', 128000, '[]', NULL, NULL, 0, NULL, NULL, NULL, 0, 0, 0, 0);
INSERT INTO `music_song` VALUES ('0', '0', 'system_sync', '2026-06-12 20:45:32.192526', '', '2026-06-12 20:45:32.192526', NULL, 154, 'Candy Knife', '[]', '78584295', '东西世界', 'https://p3.music.126.net/bF-B1GTIlowbLLHwo4Tu8w==/109951168750495471.jpg', 'https://music-1329039788.cos.ap-chengdu.myqcloud.com/songs/Candy%20Knife.mp3', '484732935', NULL, 299628, 4795289, 'mp3', 128000, '[]', NULL, NULL, 0, NULL, NULL, NULL, 0, 0, 0, 0);
INSERT INTO `music_song` VALUES ('0', '0', 'system_sync', '2026-06-12 20:45:35.669857', '', '2026-06-12 20:45:35.669857', NULL, 155, '谜语', '[]', '78584295', '东西世界', 'https://p3.music.126.net/bF-B1GTIlowbLLHwo4Tu8w==/109951168750495471.jpg', 'https://music-1329039788.cos.ap-chengdu.myqcloud.com/songs/%E8%B0%9C%E8%AF%AD.mp3', '1359507282', NULL, 217923, 3487913, 'mp3', 128000, '[]', NULL, NULL, 0, NULL, NULL, NULL, 0, 0, 0, 0);
INSERT INTO `music_song` VALUES ('0', '0', 'system_sync', '2026-06-12 20:45:38.142216', '', '2026-06-12 20:45:38.142216', NULL, 156, '恋爱小说', '[]', '2696049', '热门华语155', 'https://p3.music.126.net/cpoUinrExafBHL5Nv5iDHQ==/109951166361218466.jpg', 'https://music-1329039788.cos.ap-chengdu.myqcloud.com/songs/%E6%81%8B%E7%88%B1%E5%B0%8F%E8%AF%B4.mp3', '27927848', NULL, 120790, 1933523, 'mp3', 128000, '[]', NULL, NULL, 0, NULL, NULL, NULL, 0, 0, 0, 0);
INSERT INTO `music_song` VALUES ('0', '0', 'system_sync', '2026-06-12 20:45:39.647287', '', '2026-06-12 20:45:39.647287', NULL, 157, '两个傻瓜', '[]', '2533032', '徐良原创合集', 'https://p4.music.126.net/fc__RxMAdr_pX2fTubeZLg==/4456320627390033.jpg', 'https://music-1329039788.cos.ap-chengdu.myqcloud.com/songs/%E4%B8%A4%E4%B8%AA%E5%82%BB%E7%93%9C.mp3', '26600565', NULL, 183560, 2937879, 'mp3', 128000, '[]', NULL, NULL, 0, NULL, NULL, NULL, 0, 0, 0, 0);
INSERT INTO `music_song` VALUES ('0', '0', 'system_sync', '2026-06-12 20:45:40.215124', '', '2026-06-12 20:45:40.215124', NULL, 158, '红叶狩', '[]', '78584295', '东西世界', 'https://p3.music.126.net/bF-B1GTIlowbLLHwo4Tu8w==/109951168750495471.jpg', 'https://music-1329039788.cos.ap-chengdu.myqcloud.com/songs/%E7%BA%A2%E5%8F%B6%E7%8B%A9.mp3', '484730968', NULL, 238262, 3813085, 'mp3', 128000, '[]', NULL, NULL, 0, NULL, NULL, NULL, 0, 0, 0, 0);
INSERT INTO `music_song` VALUES ('0', '0', 'system_sync', '2026-06-12 20:45:42.443498', '', '2026-06-12 20:45:42.443498', NULL, 159, '凡尘', '[\"电视剧《成化十四年》片尾曲\"]', '164395867', '超级网剧 成化十四年 影视原声带', 'https://p4.music.126.net/OCu-oVOi-HZaObdNX2Symw==/109951168570011515.jpg', 'https://music-1329039788.cos.ap-chengdu.myqcloud.com/songs/%E5%87%A1%E5%B0%98.mp3', '2042362275', NULL, 228320, 3654261, 'mp3', 128000, '[]', NULL, NULL, 0, NULL, NULL, NULL, 0, 0, 0, 0);
INSERT INTO `music_song` VALUES ('0', '0', 'system_sync', '2026-06-12 20:45:45.598204', '', '2026-06-12 20:45:45.598204', NULL, 160, '玩所未玩', '[]', '74151895', '玩所未玩', 'https://p4.music.126.net/MTkhw1whWW0NoQYakDufUQ==/109951163648342530.jpg', 'https://music-1329039788.cos.ap-chengdu.myqcloud.com/songs/%E7%8E%A9%E6%89%80%E6%9C%AA%E7%8E%A9.mp3', '1321392754', NULL, 210432, 3367959, 'mp3', 128000, '[]', NULL, NULL, 0, NULL, NULL, NULL, 0, 0, 0, 0);
INSERT INTO `music_song` VALUES ('0', '0', 'system_sync', '2026-06-12 20:45:47.468203', '', '2026-06-12 20:45:47.468203', NULL, 161, '日出印象', '[]', '2696049', '热门华语155', 'https://p4.music.126.net/cpoUinrExafBHL5Nv5iDHQ==/109951166361218466.jpg', 'https://music-1329039788.cos.ap-chengdu.myqcloud.com/songs/%E6%97%A5%E5%87%BA%E5%8D%B0%E8%B1%A1.mp3', '27927849', NULL, 203389, 3255110, 'mp3', 128000, '[]', NULL, NULL, 0, NULL, NULL, NULL, 0, 0, 0, 0);
INSERT INTO `music_song` VALUES ('0', '0', 'system_sync', '2026-06-12 20:45:55.084953', '', '2026-06-12 20:45:55.084953', NULL, 162, '自由(DJ版)', '[]', '17598', '犯贱', 'https://p4.music.126.net/ImNPIBQmUdqCjdeAs6mr6A==/28587302323242.jpg', 'https://music-1329039788.cos.ap-chengdu.myqcloud.com/songs/%E8%87%AA%E7%94%B1(DJ%E7%89%88).mp3', '174974', NULL, 183693, 2939968, 'mp3', 128000, '[]', NULL, NULL, 0, NULL, NULL, NULL, 0, 0, 0, 0);
INSERT INTO `music_song` VALUES ('0', '0', 'system_sync', '2026-06-12 20:45:58.370058', '', '2026-06-12 20:45:58.370058', NULL, 163, '我们的承诺', '[]', '2696049', '热门华语155', 'https://p4.music.126.net/cpoUinrExafBHL5Nv5iDHQ==/109951166361218466.jpg', 'https://music-1329039788.cos.ap-chengdu.myqcloud.com/songs/%E6%88%91%E4%BB%AC%E7%9A%84%E6%89%BF%E8%AF%BA.mp3', '27927852', NULL, 250984, 4016631, 'mp3', 128000, '[]', NULL, NULL, 0, NULL, NULL, NULL, 0, 0, 0, 0);
INSERT INTO `music_song` VALUES ('0', '0', 'system_sync', '2026-06-12 20:46:01.428442', '', '2026-06-12 20:46:01.428442', NULL, 164, '边境记号', '[]', '78584295', '东西世界', 'https://p4.music.126.net/bF-B1GTIlowbLLHwo4Tu8w==/109951168750495471.jpg', 'https://music-1329039788.cos.ap-chengdu.myqcloud.com/songs/%E8%BE%B9%E5%A2%83%E8%AE%B0%E5%8F%B7.mp3', '1359507286', NULL, 222288, 3557712, 'mp3', 128000, '[]', NULL, NULL, 0, NULL, NULL, NULL, 0, 0, 0, 0);
INSERT INTO `music_song` VALUES ('0', '0', 'system_sync', '2026-06-12 20:46:04.162220', '', '2026-06-12 20:46:04.162220', NULL, 165, '井底之囚', '[]', '78584295', '东西世界', 'https://p4.music.126.net/bF-B1GTIlowbLLHwo4Tu8w==/109951168750495471.jpg', 'https://music-1329039788.cos.ap-chengdu.myqcloud.com/songs/%E4%BA%95%E5%BA%95%E4%B9%8B%E5%9B%9A.mp3', '1359507285', NULL, 196496, 3145186, 'mp3', 128000, '[]', NULL, NULL, 0, NULL, NULL, NULL, 0, 0, 0, 0);
INSERT INTO `music_song` VALUES ('0', '0', 'system_sync', '2026-06-12 20:46:06.295226', '', '2026-06-12 20:46:06.295226', NULL, 166, '小恋曲(DJ版)', '[]', '17598', '犯贱', 'https://p3.music.126.net/ImNPIBQmUdqCjdeAs6mr6A==/28587302323242.jpg', 'https://music-1329039788.cos.ap-chengdu.myqcloud.com/songs/%E5%B0%8F%E6%81%8B%E6%9B%B2(DJ%E7%89%88).mp3', '174973', NULL, 153337, 2454300, 'mp3', 128000, '[]', NULL, NULL, 0, NULL, NULL, NULL, 0, 0, 0, 0);
INSERT INTO `music_song` VALUES ('0', '0', 'system_sync', '2026-06-12 20:46:08.065912', '', '2026-06-12 20:46:08.065912', NULL, 167, '再见慕斯唐', '[]', '2696049', '热门华语155', 'https://p3.music.126.net/cpoUinrExafBHL5Nv5iDHQ==/109951166361218466.jpg', 'https://music-1329039788.cos.ap-chengdu.myqcloud.com/songs/%E5%86%8D%E8%A7%81%E6%85%95%E6%96%AF%E5%94%90.mp3', '27927855', NULL, 210599, 3370466, 'mp3', 128000, '[]', NULL, NULL, 0, NULL, NULL, NULL, 0, 0, 0, 0);
INSERT INTO `music_song` VALUES ('0', '0', 'system_sync', '2026-06-12 20:46:10.023469', '', '2026-06-12 20:46:10.023469', NULL, 168, '伊人曰', '[]', '2696049', '热门华语155', 'https://p4.music.126.net/cpoUinrExafBHL5Nv5iDHQ==/109951166361218466.jpg', 'https://music-1329039788.cos.ap-chengdu.myqcloud.com/songs/%E4%BC%8A%E4%BA%BA%E6%9B%B0.mp3', '557581333', NULL, 150543, 2409578, 'mp3', 128000, '[]', NULL, NULL, 0, NULL, NULL, NULL, 0, 0, 0, 0);
INSERT INTO `music_song` VALUES ('0', '0', 'system_sync', '2026-06-12 20:46:15.580481', '', '2026-06-12 20:46:15.580481', NULL, 169, '红装(remix版)', '[]', '2533032', '徐良原创合集', 'https://p4.music.126.net/fc__RxMAdr_pX2fTubeZLg==/4456320627390033.jpg', 'https://music-1329039788.cos.ap-chengdu.myqcloud.com/songs/%E7%BA%A2%E8%A3%85(remix%E7%89%88).mp3', '26600982', NULL, 137392, 2199345, 'mp3', 128000, '[]', NULL, NULL, 0, NULL, NULL, NULL, 0, 0, 0, 0);
INSERT INTO `music_song` VALUES ('0', '0', 'system_sync', '2026-06-12 20:46:22.744383', '', '2026-06-12 20:46:22.744383', NULL, 170, '关于你的回忆', '[]', '2696049', '热门华语155', 'https://p4.music.126.net/cpoUinrExafBHL5Nv5iDHQ==/109951166361218466.jpg', 'https://music-1329039788.cos.ap-chengdu.myqcloud.com/songs/%E5%85%B3%E4%BA%8E%E4%BD%A0%E7%9A%84%E5%9B%9E%E5%BF%86.mp3', '27927847', NULL, 256235, 4100641, 'mp3', 128000, '[]', NULL, NULL, 0, NULL, NULL, NULL, 0, 0, 0, 0);
INSERT INTO `music_song` VALUES ('0', '0', 'system_sync', '2026-06-12 20:46:24.535062', '', '2026-06-12 20:46:24.535062', NULL, 171, '拉的眼睛', '[]', '78584295', '东西世界', 'https://p3.music.126.net/bF-B1GTIlowbLLHwo4Tu8w==/109951168750495471.jpg', 'https://music-1329039788.cos.ap-chengdu.myqcloud.com/songs/%E6%8B%89%E7%9A%84%E7%9C%BC%E7%9D%9B.mp3', '1359508238', NULL, 218798, 3501706, 'mp3', 128000, '[]', NULL, NULL, 0, NULL, NULL, NULL, 0, 0, 0, 0);
INSERT INTO `music_song` VALUES ('0', '0', 'system_sync', '2026-06-12 20:46:26.716668', '', '2026-06-12 20:46:26.716668', NULL, 172, '冬妮娅', '[]', '78584295', '东西世界', 'https://p3.music.126.net/bF-B1GTIlowbLLHwo4Tu8w==/109951168750495471.jpg', 'https://music-1329039788.cos.ap-chengdu.myqcloud.com/songs/%E5%86%AC%E5%A6%AE%E5%A8%85.mp3', '1359507287', NULL, 196685, 3148112, 'mp3', 128000, '[]', NULL, NULL, 0, NULL, NULL, NULL, 0, 0, 0, 0);
INSERT INTO `music_song` VALUES ('0', '0', 'system_sync', '2026-06-12 20:46:29.758167', '', '2026-06-12 20:46:29.758167', NULL, 173, '把你留住(Live版伴奏)', '[]', '368328265', '2026时间折叠巡回演唱会', 'https://p3.music.126.net/FBJjIJ_vHGhlkNtcDlxJzg==/109951173184214317.jpg', 'https://music-1329039788.cos.ap-chengdu.myqcloud.com/songs/%E6%8A%8A%E4%BD%A0%E7%95%99%E4%BD%8F(Live%E7%89%88%E4%BC%B4%E5%A5%8F).mp3', '3364336201', NULL, 349182, 5588013, 'mp3', 128000, '[]', NULL, NULL, 0, NULL, NULL, NULL, 0, 0, 0, 0);
INSERT INTO `music_song` VALUES ('0', '0', 'system_sync', '2026-06-12 20:46:31.813698', '', '2026-06-12 20:46:31.813698', NULL, 174, '你轻轻遮住我的眼睛（Live版伴奏)', '[]', '368328265', '2026时间折叠巡回演唱会', 'https://p4.music.126.net/FBJjIJ_vHGhlkNtcDlxJzg==/109951173184214317.jpg', 'https://music-1329039788.cos.ap-chengdu.myqcloud.com/songs/%E4%BD%A0%E8%BD%BB%E8%BD%BB%E9%81%AE%E4%BD%8F%E6%88%91%E7%9A%84%E7%9C%BC%E7%9D%9B%EF%BC%88Live%E7%89%88%E4%BC%B4%E5%A5%8F).mp3', '3374219046', NULL, 221162, 3539757, 'mp3', 128000, '[]', NULL, NULL, 0, NULL, NULL, NULL, 0, 0, 0, 0);
INSERT INTO `music_song` VALUES ('0', '0', 'system_sync', '2026-06-12 20:46:34.527058', '', '2026-06-12 20:46:34.527058', NULL, 175, '披荆斩棘 (伴奏)', '[]', '172610594', '披荆斩棘', 'https://p3.music.126.net/Y_UMQz3prrk991HO29PySg==/109951168847568396.jpg', 'https://music-1329039788.cos.ap-chengdu.myqcloud.com/songs/%E6%8A%AB%E8%8D%86%E6%96%A9%E6%A3%98%20(%E4%BC%B4%E5%A5%8F).mp3', '2074101738', NULL, 280110, 4482861, 'mp3', 128001, '[]', NULL, NULL, 0, NULL, NULL, NULL, 0, 0, 0, 0);
INSERT INTO `music_song` VALUES ('0', '0', 'system_sync', '2026-06-12 20:46:36.712476', '', '2026-06-12 20:46:36.712476', NULL, 176, 'Interlude OS', '[]', '34783081', '请在哔声后留言', 'https://p3.music.126.net/KjXQR3P-zuzC0IhZo_PV4Q==/1386484175539505.jpg', 'https://music-1329039788.cos.ap-chengdu.myqcloud.com/songs/Interlude%20OS.mp3', '421148497', NULL, 40466, 648716, 'mp3', 128000, '[]', NULL, NULL, 0, NULL, NULL, NULL, 0, 0, 0, 0);
INSERT INTO `music_song` VALUES ('0', '0', 'system_sync', '2026-06-12 20:46:38.652161', '', '2026-06-12 20:46:38.652161', NULL, 177, '何慕卿 (Live版伴奏)', '[]', '368328265', '2026时间折叠巡回演唱会', 'https://p4.music.126.net/FBJjIJ_vHGhlkNtcDlxJzg==/109951173184214317.jpg', 'https://music-1329039788.cos.ap-chengdu.myqcloud.com/songs/%E4%BD%95%E6%85%95%E5%8D%BF%20(Live%E7%89%88%E4%BC%B4%E5%A5%8F).mp3', '3369671682', NULL, 252000, 4032813, 'mp3', 128001, '[]', NULL, NULL, 0, NULL, NULL, NULL, 0, 0, 0, 0);
INSERT INTO `music_song` VALUES ('0', '0', 'system_sync', '2026-06-12 20:46:40.483561', '', '2026-06-12 20:46:40.483561', NULL, 178, '去往深圳的车票 (Live版伴奏)', '[]', '368328265', '2026时间折叠巡回演唱会', 'https://p3.music.126.net/FBJjIJ_vHGhlkNtcDlxJzg==/109951173184214317.jpg', 'https://music-1329039788.cos.ap-chengdu.myqcloud.com/songs/%E5%8E%BB%E5%BE%80%E6%B7%B1%E5%9C%B3%E7%9A%84%E8%BD%A6%E7%A5%A8%20(Live%E7%89%88%E4%BC%B4%E5%A5%8F).mp3', '3364884514', NULL, 232727, 3724461, 'mp3', 128000, '[]', NULL, NULL, 0, NULL, NULL, NULL, 0, 0, 0, 0);
INSERT INTO `music_song` VALUES ('0', '0', 'system_sync', '2026-06-12 20:46:42.767252', '', '2026-06-12 20:46:42.767252', NULL, 179, '自由(Remix版)', '[]', '2533032', '徐良原创合集', 'https://p4.music.126.net/fc__RxMAdr_pX2fTubeZLg==/4456320627390033.jpg', 'https://music-1329039788.cos.ap-chengdu.myqcloud.com/songs/%E8%87%AA%E7%94%B1(Remix%E7%89%88).mp3', '1351216894', NULL, 183693, 2939968, 'mp3', 128000, '[]', NULL, NULL, 0, NULL, NULL, NULL, 0, 0, 0, 0);
INSERT INTO `music_song` VALUES ('0', '0', 'system_sync', '2026-06-12 20:46:45.368655', '', '2026-06-12 20:46:45.368655', NULL, 180, '永恒之河 (口白)', '[]', '78584295', '东西世界', 'https://p4.music.126.net/bF-B1GTIlowbLLHwo4Tu8w==/109951168750495471.jpg', 'https://music-1329039788.cos.ap-chengdu.myqcloud.com/songs/%E6%B0%B8%E6%81%92%E4%B9%8B%E6%B2%B3%20(%E5%8F%A3%E7%99%BD).mp3', '1359508239', NULL, 288702, 4620164, 'mp3', 128000, '[]', NULL, NULL, 0, NULL, NULL, NULL, 0, 0, 0, 0);
INSERT INTO `music_song` VALUES ('0', '0', 'system_sync', '2026-06-12 20:46:47.768469', '', '2026-06-12 20:46:47.768469', NULL, 181, '靠近(Remix版)', '[]', '2533032', '徐良原创合集', 'https://p3.music.126.net/fc__RxMAdr_pX2fTubeZLg==/4456320627390033.jpg', 'https://music-1329039788.cos.ap-chengdu.myqcloud.com/songs/%E9%9D%A0%E8%BF%91(Remix%E7%89%88).mp3', '1351219490', NULL, 121494, 1944808, 'mp3', 128000, '[]', NULL, NULL, 0, NULL, NULL, NULL, 0, 0, 0, 0);
INSERT INTO `music_song` VALUES ('0', '0', 'system_sync', '2026-06-12 20:46:49.594166', '', '2026-06-12 20:46:49.594166', NULL, 182, '小恋曲 (Remix版)', '[]', '2533032', '徐良原创合集', 'https://p3.music.126.net/fc__RxMAdr_pX2fTubeZLg==/4456320627390033.jpg', 'https://music-1329039788.cos.ap-chengdu.myqcloud.com/songs/%E5%B0%8F%E6%81%8B%E6%9B%B2%20(Remix%E7%89%88).mp3', '1351219480', NULL, 153337, 2454300, 'mp3', 128000, '[]', NULL, NULL, 0, NULL, NULL, NULL, 0, 0, 0, 0);
INSERT INTO `music_song` VALUES ('0', '0', 'system_sync', '2026-06-12 20:46:52.219580', '', '2026-06-12 20:46:52.219580', NULL, 183, '胸前(Remix版)', '[]', '2533032', '徐良原创合集', 'https://p3.music.126.net/fc__RxMAdr_pX2fTubeZLg==/4456320627390033.jpg', 'https://music-1329039788.cos.ap-chengdu.myqcloud.com/songs/%E8%83%B8%E5%89%8D(Remix%E7%89%88).mp3', '1351219465', NULL, 150908, 2415430, 'mp3', 128000, '[]', NULL, NULL, 0, NULL, NULL, NULL, 0, 0, 0, 0);
INSERT INTO `music_song` VALUES ('0', '0', 'system_sync', '2026-06-12 20:46:54.575477', '', '2026-06-12 20:46:54.575477', NULL, 184, '以爱为名', '[]', '2693105', '热门华语112', 'https://p3.music.126.net/cpoUinrExafBHL5Nv5iDHQ==/109951166361218466.jpg', 'https://music-1329039788.cos.ap-chengdu.myqcloud.com/songs/%E4%BB%A5%E7%88%B1%E4%B8%BA%E5%90%8D.mp3', '29744151', NULL, 271000, 4352718, 'mp3', 128000, '[]', NULL, NULL, 0, NULL, NULL, NULL, 0, 0, 0, 0);
INSERT INTO `music_song` VALUES ('0', '0', 'system_sync', '2026-06-12 20:46:56.799837', '', '2026-06-12 20:46:56.799837', NULL, 185, '梦(Remix版)', '[]', '2533032', '徐良原创合集', 'https://p3.music.126.net/fc__RxMAdr_pX2fTubeZLg==/4456320627390033.jpg', 'https://music-1329039788.cos.ap-chengdu.myqcloud.com/songs/%E6%A2%A6(Remix%E7%89%88).mp3', '1351216923', NULL, 211355, 3382587, 'mp3', 128000, '[]', NULL, NULL, 0, NULL, NULL, NULL, 0, 0, 0, 0);
INSERT INTO `music_song` VALUES ('0', '0', 'system_sync', '2026-06-12 20:46:59.268104', '', '2026-06-12 20:46:59.268104', NULL, 186, '灯关时候(Remix版)', '[]', '2533032', '徐良原创合集', 'https://p3.music.126.net/fc__RxMAdr_pX2fTubeZLg==/4456320627390033.jpg', 'https://music-1329039788.cos.ap-chengdu.myqcloud.com/songs/%E7%81%AF%E5%85%B3%E6%97%B6%E5%80%99(Remix%E7%89%88).mp3', '1351219509', NULL, 122016, 1953167, 'mp3', 128000, '[]', NULL, NULL, 0, NULL, NULL, NULL, 0, 0, 0, 0);
INSERT INTO `music_song` VALUES ('0', '0', 'system_sync', '2026-06-12 20:47:01.375633', '', '2026-06-12 20:47:01.375633', NULL, 187, '见字如面 (伴奏)', '[]', '175255161', '见字如面', 'https://p3.music.126.net/MAkjN-rUqXyuf5t5mJ-tSA==/109951168930652373.jpg', 'https://music-1329039788.cos.ap-chengdu.myqcloud.com/songs/%E8%A7%81%E5%AD%97%E5%A6%82%E9%9D%A2%20(%E4%BC%B4%E5%A5%8F).mp3', '2084053401', NULL, 246505, 3945261, 'mp3', 128000, '[]', NULL, NULL, 0, NULL, NULL, NULL, 0, 0, 0, 0);
INSERT INTO `music_song` VALUES ('0', '0', 'system_sync', '2026-06-12 20:47:09.145213', '', '2026-06-12 20:47:09.145213', NULL, 188, '你不是我(Remix版)', '[]', '2533032', '徐良原创合集', 'https://p4.music.126.net/fc__RxMAdr_pX2fTubeZLg==/4456320627390033.jpg', 'https://music-1329039788.cos.ap-chengdu.myqcloud.com/songs/%E4%BD%A0%E4%B8%8D%E6%98%AF%E6%88%91(Remix%E7%89%88).mp3', '1351219483', NULL, 126092, 2018368, 'mp3', 128000, '[]', NULL, NULL, 0, NULL, NULL, NULL, 0, 0, 0, 0);
INSERT INTO `music_song` VALUES ('0', '0', 'system_sync', '2026-06-12 20:47:10.887528', '', '2026-06-12 20:47:10.887528', NULL, 189, '树屋', '[]', '2696049', '热门华语155', 'https://p4.music.126.net/cpoUinrExafBHL5Nv5iDHQ==/109951166361218466.jpg', 'https://music-1329039788.cos.ap-chengdu.myqcloud.com/songs/%E6%A0%91%E5%B1%8B.mp3', '27927850', NULL, 222453, 3560220, 'mp3', 128000, '[]', NULL, NULL, 0, NULL, NULL, NULL, 0, 0, 0, 0);
INSERT INTO `music_song` VALUES ('0', '0', 'system_sync', '2026-06-12 20:47:12.822511', '', '2026-06-12 20:47:12.822511', NULL, 190, '何慕卿（伴奏）', '[]', '251851577', '何慕卿', 'https://p4.music.126.net/fKHMCHorYUaed0hf2fKt1g==/109951170073894248.jpg', 'https://music-1329039788.cos.ap-chengdu.myqcloud.com/songs/%E4%BD%95%E6%85%95%E5%8D%BF%EF%BC%88%E4%BC%B4%E5%A5%8F%EF%BC%89.mp3', '2639970410', NULL, 219000, 3504813, 'mp3', 128002, '[]', NULL, NULL, 0, NULL, NULL, NULL, 0, 0, 0, 0);
INSERT INTO `music_song` VALUES ('0', '0', 'system_sync', '2026-06-12 20:47:14.563155', '', '2026-06-12 20:47:14.563155', NULL, 191, '卜芥', '[]', '2692213', '热门华语54', 'https://p3.music.126.net/cpoUinrExafBHL5Nv5iDHQ==/109951166361218466.jpg', 'https://music-1329039788.cos.ap-chengdu.myqcloud.com/songs/%E5%8D%9C%E8%8A%A5.mp3', '27902865', NULL, 253177, 4051740, 'mp3', 128000, '[]', NULL, NULL, 0, NULL, NULL, NULL, 0, 0, 0, 0);
INSERT INTO `music_song` VALUES ('0', '0', 'system_sync', '2026-06-12 20:47:17.952965', '', '2026-06-12 20:47:17.952965', NULL, 192, '盗御马 (伴奏)', '[]', '78544747', '盗御马', 'https://p3.music.126.net/QoS4D0FHc_K4WS6U7GMhqw==/109951164007363593.jpg', 'https://music-1329039788.cos.ap-chengdu.myqcloud.com/songs/%E7%9B%97%E5%BE%A1%E9%A9%AC%20(%E4%BC%B4%E5%A5%8F).mp3', '1359264877', NULL, 225767, 3613101, 'mp3', 128000, '[]', NULL, NULL, 0, NULL, NULL, NULL, 0, 0, 0, 0);
INSERT INTO `music_song` VALUES ('0', '0', 'system_sync', '2026-06-12 20:47:22.115306', '', '2026-06-12 20:47:22.115306', NULL, 193, '花魁 (伴奏)', '[]', '73470775', '考虑到可能再也见不到你', 'https://p4.music.126.net/CKumVHRBsIFExQoK1Y77aQ==/109951163569789624.jpg', 'https://music-1329039788.cos.ap-chengdu.myqcloud.com/songs/%E8%8A%B1%E9%AD%81%20(%E4%BC%B4%E5%A5%8F).mp3', '1321382508', NULL, 233005, 3729069, 'mp3', 128002, '[]', NULL, NULL, 0, NULL, NULL, NULL, 0, 0, 0, 0);
INSERT INTO `music_song` VALUES ('0', '0', 'system_sync', '2026-06-12 20:47:24.415963', '', '2026-06-12 20:47:24.415963', NULL, 194, '停在昨天', '[]', '2693055', '热门华语93', 'https://p3.music.126.net/cpoUinrExafBHL5Nv5iDHQ==/109951166361218466.jpg', 'https://music-1329039788.cos.ap-chengdu.myqcloud.com/songs/%E5%81%9C%E5%9C%A8%E6%98%A8%E5%A4%A9.mp3', '27906852', NULL, 226638, 3626675, 'mp3', 128000, '[]', NULL, NULL, 0, NULL, NULL, NULL, 0, 0, 0, 0);
INSERT INTO `music_song` VALUES ('0', '0', 'system_sync', '2026-06-12 20:47:33.090549', '', '2026-06-12 20:47:33.090549', NULL, 195, '莫再提 (伴奏)', '[]', '78953472', '莫再提', 'https://p4.music.126.net/kDuBhsEnrcV7g5_1bGNKXg==/109951164053967592.jpg', 'https://music-1329039788.cos.ap-chengdu.myqcloud.com/songs/%E8%8E%AB%E5%86%8D%E6%8F%90%20(%E4%BC%B4%E5%A5%8F).mp3', '1363548785', NULL, 188890, 3023277, 'mp3', 128000, '[]', NULL, NULL, 0, NULL, NULL, NULL, 0, 0, 0, 0);
INSERT INTO `music_song` VALUES ('0', '0', 'system_sync', '2026-06-12 20:55:10.322246', '', '2026-06-12 20:55:10.322246', NULL, 196, '坏女孩', '[]', '17594', '不良少年', 'https://p3.music.126.net/a82aXr_eNkbFX0BkXuKvgg==/109951172050962571.jpg', 'https://music-1329039788.cos.ap-chengdu.myqcloud.com/songs/%E5%9D%8F%E5%A5%B3%E5%AD%A9.mp3', '174956', NULL, 242426, 3879959, 'mp3', 128000, '[]', NULL, NULL, 0, NULL, NULL, NULL, 0, 0, 0, 0);
INSERT INTO `music_song` VALUES ('0', '0', 'system_sync', '2026-06-12 20:55:10.325368', '', '2026-06-12 20:55:10.325368', NULL, 197, '那时雨', '[]', '2449015', '情话', 'https://p4.music.126.net/Eiq_XiRNqiXJEwmFzLTtow==/109951172050975516.jpg', 'https://music-1329039788.cos.ap-chengdu.myqcloud.com/songs/%E9%82%A3%E6%97%B6%E9%9B%A8.mp3', '27965209', NULL, 214400, 3431488, 'mp3', 128000, '[]', NULL, NULL, 0, NULL, NULL, NULL, 0, 0, 0, 0);
INSERT INTO `music_song` VALUES ('0', '0', 'system_sync', '2026-06-12 20:55:10.328069', '', '2026-06-12 20:55:10.328069', NULL, 198, '后会无期', '[]', '17594', '不良少年', 'https://p3.music.126.net/a82aXr_eNkbFX0BkXuKvgg==/109951172050962571.jpg', 'https://music-1329039788.cos.ap-chengdu.myqcloud.com/songs/%E5%90%8E%E4%BC%9A%E6%97%A0%E6%9C%9F.mp3', '174944', NULL, 206186, 3300249, 'mp3', 128000, '[]', NULL, NULL, 0, NULL, NULL, NULL, 0, 0, 0, 0);
INSERT INTO `music_song` VALUES ('0', '0', 'system_sync', '2026-06-12 20:55:10.329791', '', '2026-06-12 20:55:10.329791', NULL, 199, '无颜女', '[]', '17593', '无颜女', 'https://p3.music.126.net/OCwY9sl-w3y-lzYf_bi1FA==/124244813944437.jpg', 'https://music-1329039788.cos.ap-chengdu.myqcloud.com/songs/%E6%97%A0%E9%A2%9C%E5%A5%B3.mp3', '174934', NULL, 214046, 3425637, 'mp3', 128000, '[]', NULL, NULL, 0, NULL, NULL, NULL, 0, 0, 0, 0);
INSERT INTO `music_song` VALUES ('0', '0', 'system_sync', '2026-06-12 20:55:10.331599', '', '2026-06-12 20:55:10.331599', NULL, 200, '客官不可以', '[]', '17598', '犯贱', 'https://p3.music.126.net/ImNPIBQmUdqCjdeAs6mr6A==/28587302323242.jpg', 'https://music-1329039788.cos.ap-chengdu.myqcloud.com/songs/%E5%AE%A2%E5%AE%98%E4%B8%8D%E5%8F%AF%E4%BB%A5.mp3', '174963', NULL, 230853, 3694803, 'mp3', 128000, '[]', NULL, NULL, 0, NULL, NULL, NULL, 0, 0, 0, 0);
INSERT INTO `music_song` VALUES ('0', '0', 'system_sync', '2026-06-12 20:55:10.333485', '', '2026-06-12 20:55:10.333485', NULL, 201, '七秒钟的记忆', '[]', '2449015', '情话', 'https://p4.music.126.net/Eiq_XiRNqiXJEwmFzLTtow==/109951172050975516.jpg', 'https://music-1329039788.cos.ap-chengdu.myqcloud.com/songs/%E4%B8%83%E7%A7%92%E9%92%9F%E7%9A%84%E8%AE%B0%E5%BF%86.mp3', '26145112', NULL, 202056, 3233794, 'mp3', 128000, '[]', NULL, NULL, 0, NULL, NULL, NULL, 0, 0, 0, 0);
INSERT INTO `music_song` VALUES ('0', '0', 'system_sync', '2026-06-12 20:55:10.336011', '', '2026-06-12 20:55:10.336011', NULL, 202, '红装', '[]', '17598', '犯贱', 'https://p4.music.126.net/ImNPIBQmUdqCjdeAs6mr6A==/28587302323242.jpg', 'https://music-1329039788.cos.ap-chengdu.myqcloud.com/songs/%E7%BA%A2%E8%A3%85.mp3', '174961', NULL, 246505, 3945261, 'mp3', 128000, '[]', NULL, NULL, 0, NULL, NULL, NULL, 0, 0, 0, 0);
INSERT INTO `music_song` VALUES ('0', '0', 'system_sync', '2026-06-12 20:55:10.338956', '', '2026-06-12 20:55:10.338956', NULL, 203, '犯贱', '[]', '17598', '犯贱', 'https://p4.music.126.net/ImNPIBQmUdqCjdeAs6mr6A==/28587302323242.jpg', 'https://music-1329039788.cos.ap-chengdu.myqcloud.com/songs/%E7%8A%AF%E8%B4%B1.mp3', '174960', NULL, 227413, 3639632, 'mp3', 128000, '[]', NULL, NULL, 0, NULL, NULL, NULL, 0, 0, 0, 0);
INSERT INTO `music_song` VALUES ('0', '0', 'system_sync', '2026-06-12 20:55:10.341862', '', '2026-06-12 20:55:10.341862', NULL, 204, '北京巷弄', '[]', '2532348', '北京巷弄', 'https://p4.music.126.net/7zWOgeB5pu8iVE7tmhtWjw==/109951164187964072.jpg', 'https://music-1329039788.cos.ap-chengdu.myqcloud.com/songs/%E5%8C%97%E4%BA%AC%E5%B7%B7%E5%BC%84.mp3', '26609875', NULL, 233608, 3738688, 'mp3', 128000, '[]', NULL, NULL, 0, NULL, NULL, NULL, 0, 0, 0, 0);
INSERT INTO `music_song` VALUES ('0', '0', 'system_sync', '2026-06-12 20:55:10.344256', '', '2026-06-12 20:55:10.344256', NULL, 205, '抽离', '[]', '2449015', '情话', 'https://p3.music.126.net/Eiq_XiRNqiXJEwmFzLTtow==/109951172050975516.jpg', 'https://music-1329039788.cos.ap-chengdu.myqcloud.com/songs/%E6%8A%BD%E7%A6%BB.mp3', '27890395', NULL, 258946, 4144109, 'mp3', 128000, '[]', NULL, NULL, 0, NULL, NULL, NULL, 0, 0, 0, 0);
INSERT INTO `music_song` VALUES ('0', '0', 'system_sync', '2026-06-12 20:55:10.346080', '', '2026-06-12 20:55:10.346080', NULL, 206, '飞机场', '[]', '17597', '飞机场', 'https://p3.music.126.net/DvlrxSN0CLxVtfo7XaNa0g==/24189255823169.jpg', 'https://music-1329039788.cos.ap-chengdu.myqcloud.com/songs/%E9%A3%9E%E6%9C%BA%E5%9C%BA.mp3', '174958', NULL, 221362, 3542829, 'mp3', 128000, '[]', NULL, NULL, 0, NULL, NULL, NULL, 0, 0, 0, 0);
INSERT INTO `music_song` VALUES ('0', '0', 'system_sync', '2026-06-12 20:55:10.347742', '', '2026-06-12 20:55:10.347742', NULL, 207, '他的猫', '[]', '2449015', '情话', 'https://p3.music.126.net/Eiq_XiRNqiXJEwmFzLTtow==/109951172050975516.jpg', 'https://music-1329039788.cos.ap-chengdu.myqcloud.com/songs/%E4%BB%96%E7%9A%84%E7%8C%AB.mp3', '26353161', NULL, 218893, 3503377, 'mp3', 128000, '[]', NULL, NULL, 0, NULL, NULL, NULL, 0, 0, 0, 0);
INSERT INTO `music_song` VALUES ('0', '0', 'system_sync', '2026-06-12 20:55:10.349808', '', '2026-06-12 20:55:10.349808', NULL, 208, '我会等', '[]', '366638392', '我会等', 'https://p4.music.126.net/-B4pU9scvWlO58QRR_xGgA==/109951172899827810.jpg', 'https://music-1329039788.cos.ap-chengdu.myqcloud.com/songs/%E6%88%91%E4%BC%9A%E7%AD%89.mp3', '3360100205', NULL, 211605, 3386541, 'mp3', 128000, '[]', NULL, NULL, 0, NULL, NULL, NULL, 0, 0, 0, 0);
INSERT INTO `music_song` VALUES ('0', '0', 'system_sync', '2026-06-12 20:55:10.352452', '', '2026-06-12 20:55:10.352452', NULL, 209, '见字如面', '[]', '175255161', '见字如面', 'https://p4.music.126.net/MAkjN-rUqXyuf5t5mJ-tSA==/109951168930652373.jpg', 'https://music-1329039788.cos.ap-chengdu.myqcloud.com/songs/%E8%A7%81%E5%AD%97%E5%A6%82%E9%9D%A2.mp3', '2084054352', NULL, 245717, 3932589, 'mp3', 128000, '[]', NULL, NULL, 0, NULL, NULL, NULL, 0, 0, 0, 0);
INSERT INTO `music_song` VALUES ('0', '0', 'system_sync', '2026-06-12 20:55:10.354316', '', '2026-06-12 20:55:10.354316', NULL, 210, '和平分手', '[]', '17598', '犯贱', 'https://p4.music.126.net/ImNPIBQmUdqCjdeAs6mr6A==/28587302323242.jpg', 'https://music-1329039788.cos.ap-chengdu.myqcloud.com/songs/%E5%92%8C%E5%B9%B3%E5%88%86%E6%89%8B.mp3', '174962', NULL, 234786, 3757497, 'mp3', 128000, '[]', NULL, NULL, 0, NULL, NULL, NULL, 0, 0, 0, 0);
INSERT INTO `music_song` VALUES ('0', '0', 'system_sync', '2026-06-12 20:55:10.356022', '', '2026-06-12 20:55:10.356022', NULL, 211, '情话', '[]', '2532348', '北京巷弄', 'https://p3.music.126.net/7zWOgeB5pu8iVE7tmhtWjw==/109951164187964072.jpg', 'https://music-1329039788.cos.ap-chengdu.myqcloud.com/songs/%E6%83%85%E8%AF%9D.mp3', '26609879', NULL, 238598, 3818541, 'mp3', 128000, '[]', NULL, NULL, 0, NULL, NULL, NULL, 0, 0, 0, 0);
INSERT INTO `music_song` VALUES ('0', '0', 'system_sync', '2026-06-12 20:55:10.357678', '', '2026-06-12 20:55:10.357678', NULL, 212, '悲伤的李白', '[]', '2449015', '情话', 'https://p3.music.126.net/Eiq_XiRNqiXJEwmFzLTtow==/109951172050975516.jpg', 'https://music-1329039788.cos.ap-chengdu.myqcloud.com/songs/%E6%82%B2%E4%BC%A4%E7%9A%84%E6%9D%8E%E7%99%BD.mp3', '27890394', NULL, 211720, 3388439, 'mp3', 128000, '[]', NULL, NULL, 0, NULL, NULL, NULL, 0, 0, 0, 0);
INSERT INTO `music_song` VALUES ('0', '0', 'system_sync', '2026-06-12 20:55:10.360118', '', '2026-06-12 20:55:10.360118', NULL, 213, '不好听', '[]', '17597', '飞机场', 'https://p4.music.126.net/DvlrxSN0CLxVtfo7XaNa0g==/24189255823169.jpg', 'https://music-1329039788.cos.ap-chengdu.myqcloud.com/songs/%E4%B8%8D%E5%A5%BD%E5%90%AC.mp3', '174959', NULL, 230400, 3687279, 'mp3', 128000, '[]', NULL, NULL, 0, NULL, NULL, NULL, 0, 0, 0, 0);
INSERT INTO `music_song` VALUES ('0', '0', 'system_sync', '2026-06-12 20:55:10.361865', '', '2026-06-12 20:55:10.361865', NULL, 214, '电话里的秘密', '[]', '17594', '不良少年', 'https://p4.music.126.net/a82aXr_eNkbFX0BkXuKvgg==/109951172050962571.jpg', 'https://music-1329039788.cos.ap-chengdu.myqcloud.com/songs/%E7%94%B5%E8%AF%9D%E9%87%8C%E7%9A%84%E7%A7%98%E5%AF%86.mp3', '174941', NULL, 235800, 3773797, 'mp3', 128000, '[]', NULL, NULL, 0, NULL, NULL, NULL, 0, 0, 0, 0);
INSERT INTO `music_song` VALUES ('0', '0', 'system_sync', '2026-06-12 20:55:10.363486', '', '2026-06-12 20:55:10.363486', NULL, 215, '虐心', '[]', '2342012', '那时雨', 'https://p3.music.126.net/ecSWETjwzJuM47qaIm3ExA==/2279287604395078.jpg', 'https://music-1329039788.cos.ap-chengdu.myqcloud.com/songs/%E8%99%90%E5%BF%83.mp3', '26145111', NULL, 257089, 4114605, 'mp3', 128000, '[]', NULL, NULL, 0, NULL, NULL, NULL, 0, 0, 0, 0);
INSERT INTO `music_song` VALUES ('0', '0', 'system_sync', '2026-06-12 20:55:10.365186', '', '2026-06-12 20:55:10.365186', NULL, 216, '天真', '[]', '17598', '犯贱', 'https://p3.music.126.net/ImNPIBQmUdqCjdeAs6mr6A==/28587302323242.jpg', 'https://music-1329039788.cos.ap-chengdu.myqcloud.com/songs/%E5%A4%A9%E7%9C%9F.mp3', '174964', NULL, 225837, 3614555, 'mp3', 128000, '[]', NULL, NULL, 0, NULL, NULL, NULL, 0, 0, 0, 0);
INSERT INTO `music_song` VALUES ('0', '0', 'system_sync', '2026-06-12 20:55:10.367596', '', '2026-06-12 20:55:10.367596', NULL, 217, '友情出演', '[]', '17594', '不良少年', 'https://p3.music.126.net/a82aXr_eNkbFX0BkXuKvgg==/109951172050962571.jpg', 'https://music-1329039788.cos.ap-chengdu.myqcloud.com/songs/%E5%8F%8B%E6%83%85%E5%87%BA%E6%BC%94.mp3', '174947', NULL, 199733, 3197013, 'mp3', 128000, '[]', NULL, NULL, 0, NULL, NULL, NULL, 0, 0, 0, 0);
INSERT INTO `music_song` VALUES ('0', '0', 'system_sync', '2026-06-12 20:55:10.370290', '', '2026-06-12 20:55:10.370290', NULL, 218, '月光', '[]', '17598', '犯贱', 'https://p4.music.126.net/ImNPIBQmUdqCjdeAs6mr6A==/28587302323242.jpg', 'https://music-1329039788.cos.ap-chengdu.myqcloud.com/songs/%E6%9C%88%E5%85%89.mp3', '174966', NULL, 254406, 4071384, 'mp3', 128000, '[]', NULL, NULL, 0, NULL, NULL, NULL, 0, 0, 0, 0);
INSERT INTO `music_song` VALUES ('0', '0', 'system_sync', '2026-06-12 20:55:10.372709', '', '2026-06-12 20:55:10.372709', NULL, 219, '创作者', '[]', '36784288', '创作者', 'https://p4.music.126.net/hpGWjjwtZWoZVrdENOD9hw==/109951163063957989.jpg', 'https://music-1329039788.cos.ap-chengdu.myqcloud.com/songs/%E5%88%9B%E4%BD%9C%E8%80%85.mp3', '518863916', NULL, 248164, 3971910, 'mp3', 128000, '[]', NULL, NULL, 0, NULL, NULL, NULL, 0, 0, 0, 0);
INSERT INTO `music_song` VALUES ('0', '0', 'system_sync', '2026-06-12 20:55:10.374833', '', '2026-06-12 20:55:10.374833', NULL, 220, '女骑士', '[]', '2449015', '情话', 'https://p3.music.126.net/Eiq_XiRNqiXJEwmFzLTtow==/109951172050975516.jpg', 'https://music-1329039788.cos.ap-chengdu.myqcloud.com/songs/%E5%A5%B3%E9%AA%91%E5%A3%AB.mp3', '27890397', NULL, 253853, 4062607, 'mp3', 128000, '[]', NULL, NULL, 0, NULL, NULL, NULL, 0, 0, 0, 0);
INSERT INTO `music_song` VALUES ('0', '0', 'system_sync', '2026-06-12 20:55:10.376722', '', '2026-06-12 20:55:10.376722', NULL, 221, '何慕卿', '[]', '251851577', '何慕卿', 'https://p4.music.126.net/fKHMCHorYUaed0hf2fKt1g==/109951170073894248.jpg', 'https://music-1329039788.cos.ap-chengdu.myqcloud.com/songs/%E4%BD%95%E6%85%95%E5%8D%BF.mp3', '2639970409', NULL, 219000, 3504813, 'mp3', 128000, '[]', NULL, NULL, 0, NULL, NULL, NULL, 0, 0, 0, 0);
INSERT INTO `music_song` VALUES ('0', '0', 'system_sync', '2026-06-12 20:55:10.378335', '', '2026-06-12 20:55:10.378335', NULL, 222, '美瞳', '[]', '2533032', '徐良原创合集', 'https://p3.music.126.net/fc__RxMAdr_pX2fTubeZLg==/4456320627390033.jpg', 'https://music-1329039788.cos.ap-chengdu.myqcloud.com/songs/%E7%BE%8E%E7%9E%B3.mp3', '26600766', NULL, 239448, 3832311, 'mp3', 128000, '[]', NULL, NULL, 0, NULL, NULL, NULL, 0, 0, 0, 0);
INSERT INTO `music_song` VALUES ('0', '0', 'system_sync', '2026-06-12 20:55:10.380022', '', '2026-06-12 20:55:10.380022', NULL, 223, '在回忆中死去', '[]', '17598', '犯贱', 'https://p3.music.126.net/ImNPIBQmUdqCjdeAs6mr6A==/28587302323242.jpg', 'https://music-1329039788.cos.ap-chengdu.myqcloud.com/songs/%E5%9C%A8%E5%9B%9E%E5%BF%86%E4%B8%AD%E6%AD%BB%E5%8E%BB.mp3', '174969', NULL, 214528, 3433578, 'mp3', 128000, '[]', NULL, NULL, 0, NULL, NULL, NULL, 0, 0, 0, 0);
INSERT INTO `music_song` VALUES ('0', '0', 'system_sync', '2026-06-12 20:55:10.381664', '', '2026-06-12 20:55:10.381664', NULL, 224, '即使说抱歉', '[]', '17598', '犯贱', 'https://p4.music.126.net/ImNPIBQmUdqCjdeAs6mr6A==/28587302323242.jpg', 'https://music-1329039788.cos.ap-chengdu.myqcloud.com/songs/%E5%8D%B3%E4%BD%BF%E8%AF%B4%E6%8A%B1%E6%AD%89.mp3', '174967', NULL, 287345, 4598431, 'mp3', 128000, '[]', NULL, NULL, 0, NULL, NULL, NULL, 0, 0, 0, 0);
INSERT INTO `music_song` VALUES ('0', '0', 'system_sync', '2026-06-12 20:55:10.383308', '', '2026-06-12 20:55:10.383308', NULL, 225, '不良', '[]', '17594', '不良少年', 'https://p4.music.126.net/a82aXr_eNkbFX0BkXuKvgg==/109951172050962571.jpg', 'https://music-1329039788.cos.ap-chengdu.myqcloud.com/songs/%E4%B8%8D%E8%89%AF.mp3', '174951', NULL, 218933, 3504213, 'mp3', 128000, '[]', NULL, NULL, 0, NULL, NULL, NULL, 0, 0, 0, 0);
INSERT INTO `music_song` VALUES ('0', '0', 'system_sync', '2026-06-12 20:55:10.385393', '', '2026-06-12 20:55:10.385393', NULL, 226, '小恋曲', '[]', '17598', '犯贱', 'https://p4.music.126.net/ImNPIBQmUdqCjdeAs6mr6A==/28587302323242.jpg', 'https://music-1329039788.cos.ap-chengdu.myqcloud.com/songs/%E5%B0%8F%E6%81%8B%E6%9B%B2.mp3', '174968', NULL, 195290, 3125542, 'mp3', 128000, '[]', NULL, NULL, 0, NULL, NULL, NULL, 0, 0, 0, 0);
INSERT INTO `music_song` VALUES ('0', '0', 'system_sync', '2026-06-12 20:55:10.388696', '', '2026-06-12 20:55:10.388696', NULL, 227, '披荆斩棘', '[]', '172610594', '披荆斩棘', 'https://p3.music.126.net/Y_UMQz3prrk991HO29PySg==/109951168847568396.jpg', 'https://music-1329039788.cos.ap-chengdu.myqcloud.com/songs/%E6%8A%AB%E8%8D%86%E6%96%A9%E6%A3%98.mp3', '2074099995', NULL, 280110, 4482861, 'mp3', 128000, '[]', NULL, NULL, 0, NULL, NULL, NULL, 0, 0, 0, 0);
INSERT INTO `music_song` VALUES ('0', '0', 'system_sync', '2026-06-12 20:55:10.390991', '', '2026-06-12 20:55:10.390991', NULL, 228, '坏女孩 remix版', '[]', '2533032', '徐良原创合集', 'https://p3.music.126.net/fc__RxMAdr_pX2fTubeZLg==/4456320627390033.jpg', 'https://music-1329039788.cos.ap-chengdu.myqcloud.com/songs/%E5%9D%8F%E5%A5%B3%E5%AD%A9%20remix%E7%89%88.mp3', '26600584', NULL, 242426, 3879959, 'mp3', 128000, '[]', NULL, NULL, 0, NULL, NULL, NULL, 0, 0, 0, 0);
INSERT INTO `music_song` VALUES ('0', '0', 'system_sync', '2026-06-12 20:55:10.392690', '', '2026-06-12 20:55:10.392690', NULL, 229, '歌手', '[]', '34783081', '请在哔声后留言', 'https://p4.music.126.net/KjXQR3P-zuzC0IhZo_PV4Q==/1386484175539505.jpg', 'https://music-1329039788.cos.ap-chengdu.myqcloud.com/songs/%E6%AD%8C%E6%89%8B.mp3', '415792310', NULL, 248770, 3981523, 'mp3', 128000, '[]', NULL, NULL, 0, NULL, NULL, NULL, 0, 0, 0, 0);
INSERT INTO `music_song` VALUES ('0', '0', 'system_sync', '2026-06-12 20:55:10.394297', '', '2026-06-12 20:55:10.394297', NULL, 230, '邂逅', '[]', '2891217', '邂逅', 'https://p4.music.126.net/05Nn_sIjdnv351HXEqtnyg==/109951168750506105.jpg', 'https://music-1329039788.cos.ap-chengdu.myqcloud.com/songs/%E9%82%82%E9%80%85.mp3', '28773451', NULL, 192442, 3079985, 'mp3', 128000, '[]', NULL, NULL, 0, NULL, NULL, NULL, 0, 0, 0, 0);
INSERT INTO `music_song` VALUES ('0', '0', 'system_sync', '2026-06-12 20:55:10.396073', '', '2026-06-12 20:55:10.396073', NULL, 231, '至尊宝', '[]', '73470775', '考虑到可能再也见不到你', 'https://p3.music.126.net/CKumVHRBsIFExQoK1Y77aQ==/109951163569789624.jpg', 'https://music-1329039788.cos.ap-chengdu.myqcloud.com/songs/%E8%87%B3%E5%B0%8A%E5%AE%9D.mp3', '1301575218', NULL, 231817, 3710253, 'mp3', 128000, '[]', NULL, NULL, 0, NULL, NULL, NULL, 0, 0, 0, 0);
INSERT INTO `music_song` VALUES ('0', '0', 'system_sync', '2026-06-12 20:55:10.397777', '', '2026-06-12 20:55:10.397777', NULL, 232, '犯贱 remix版', '[]', '2533032', '徐良原创合集', 'https://p3.music.126.net/fc__RxMAdr_pX2fTubeZLg==/4456320627390033.jpg', 'https://music-1329039788.cos.ap-chengdu.myqcloud.com/songs/%E7%8A%AF%E8%B4%B1%20remix%E7%89%88.mp3', '26600601', NULL, 227413, 3639632, 'mp3', 128000, '[]', NULL, NULL, 0, NULL, NULL, NULL, 0, 0, 0, 0);
INSERT INTO `music_song` VALUES ('0', '0', 'system_sync', '2026-06-12 20:55:10.399585', '', '2026-06-12 20:55:10.399585', NULL, 233, '花魁', '[]', '73470775', '考虑到可能再也见不到你', 'https://p4.music.126.net/CKumVHRBsIFExQoK1Y77aQ==/109951163569789624.jpg', 'https://music-1329039788.cos.ap-chengdu.myqcloud.com/songs/%E8%8A%B1%E9%AD%81.mp3', '553753244', NULL, 232033, 3713709, 'mp3', 128000, '[]', NULL, NULL, 0, NULL, NULL, NULL, 0, 0, 0, 0);
INSERT INTO `music_song` VALUES ('0', '0', 'system_sync', '2026-06-12 20:55:10.401676', '', '2026-06-12 20:55:10.401676', NULL, 234, '学戏', '[]', '80584954', '学戏', 'https://p3.music.126.net/Uwe4aGnxIeMXqV9Rhy7v1A==/109951164235835158.jpg', 'https://music-1329039788.cos.ap-chengdu.myqcloud.com/songs/%E5%AD%A6%E6%88%8F.mp3', '1379837697', NULL, 188424, 3015981, 'mp3', 128000, '[]', NULL, NULL, 0, NULL, NULL, NULL, 0, 0, 0, 0);
INSERT INTO `music_song` VALUES ('0', '0', 'system_sync', '2026-06-12 20:55:10.403500', '', '2026-06-12 20:55:10.403500', NULL, 235, '心跳时光', '[]', '34796281', '心跳时光', 'https://p4.music.126.net/DbGxygvg0AC5En9l24H-uA==/1422768059836356.jpg', 'https://music-1329039788.cos.ap-chengdu.myqcloud.com/songs/%E5%BF%83%E8%B7%B3%E6%97%B6%E5%85%89.mp3', '423228350', NULL, 184059, 2946093, 'mp3', 128000, '[]', NULL, NULL, 0, NULL, NULL, NULL, 0, 0, 0, 0);
INSERT INTO `music_song` VALUES ('0', '0', 'system_sync', '2026-06-12 20:55:10.405227', '', '2026-06-12 20:55:10.405227', NULL, 236, '胸前', '[]', '2533032', '徐良原创合集', 'https://p4.music.126.net/fc__RxMAdr_pX2fTubeZLg==/4456320627390033.jpg', 'https://music-1329039788.cos.ap-chengdu.myqcloud.com/songs/%E8%83%B8%E5%89%8D.mp3', '26600779', NULL, 206444, 3304011, 'mp3', 128000, '[]', NULL, NULL, 0, NULL, NULL, NULL, 0, 0, 0, 0);
INSERT INTO `music_song` VALUES ('0', '0', 'system_sync', '2026-06-12 20:55:10.406912', '', '2026-06-12 20:55:10.406912', NULL, 237, '如此懦弱的我', '[]', '2449015', '情话', 'https://p3.music.126.net/Eiq_XiRNqiXJEwmFzLTtow==/109951172050975516.jpg', 'https://music-1329039788.cos.ap-chengdu.myqcloud.com/songs/%E5%A6%82%E6%AD%A4%E6%87%A6%E5%BC%B1%E7%9A%84%E6%88%91.mp3', '27566713', NULL, 189920, 3039861, 'mp3', 128000, '[]', NULL, NULL, 0, NULL, NULL, NULL, 0, 0, 0, 0);
INSERT INTO `music_song` VALUES ('0', '0', 'system_sync', '2026-06-12 20:55:10.408665', '', '2026-06-12 20:55:10.408665', NULL, 238, '把你留住(Live版)', '[]', '368328265', '2026时间折叠巡回演唱会', 'https://p4.music.126.net/FBJjIJ_vHGhlkNtcDlxJzg==/109951173184214317.jpg', 'https://music-1329039788.cos.ap-chengdu.myqcloud.com/songs/%E6%8A%8A%E4%BD%A0%E7%95%99%E4%BD%8F(Live%E7%89%88).mp3', '3364336200', NULL, 349182, 5588013, 'mp3', 128000, '[]', NULL, NULL, 0, NULL, NULL, NULL, 0, 0, 0, 0);
INSERT INTO `music_song` VALUES ('0', '0', 'system_sync', '2026-06-12 20:55:10.410468', '', '2026-06-12 20:55:10.410468', NULL, 239, '苏三起解', '[]', '3084709', '我', 'https://p4.music.126.net/nIQYLt0uG-o5bUNkVRrk1g==/109951164006894277.jpg', 'https://music-1329039788.cos.ap-chengdu.myqcloud.com/songs/%E8%8B%8F%E4%B8%89%E8%B5%B7%E8%A7%A3.mp3', '29822691', NULL, 238000, 3819354, 'mp3', 128000, '[]', NULL, NULL, 0, NULL, NULL, NULL, 0, 0, 0, 0);
INSERT INTO `music_song` VALUES ('0', '0', 'system_sync', '2026-06-12 20:55:10.412203', '', '2026-06-12 20:55:10.412203', NULL, 240, '莫再提', '[]', '78953472', '莫再提', 'https://p3.music.126.net/kDuBhsEnrcV7g5_1bGNKXg==/109951164053967592.jpg', 'https://music-1329039788.cos.ap-chengdu.myqcloud.com/songs/%E8%8E%AB%E5%86%8D%E6%8F%90.mp3', '1363550350', NULL, 188890, 3023277, 'mp3', 128000, '[]', NULL, NULL, 0, NULL, NULL, NULL, 0, 0, 0, 0);
INSERT INTO `music_song` VALUES ('0', '0', 'system_sync', '2026-06-12 20:55:10.413722', '', '2026-06-12 20:55:10.413722', NULL, 241, '烂人', '[]', '3084709', '我', 'https://p3.music.126.net/nIQYLt0uG-o5bUNkVRrk1g==/109951164006894277.jpg', 'https://music-1329039788.cos.ap-chengdu.myqcloud.com/songs/%E7%83%82%E4%BA%BA.mp3', '29822695', NULL, 249000, 3999912, 'mp3', 128000, '[]', NULL, NULL, 0, NULL, NULL, NULL, 0, 0, 0, 0);
INSERT INTO `music_song` VALUES ('0', '0', 'system_sync', '2026-06-12 20:55:10.415379', '', '2026-06-12 20:55:10.415379', NULL, 242, '星座恋人', '[]', '3070833', '星座恋人', 'https://p4.music.126.net/xOlsbymXEb1Omfd1-sqBLg==/6647647302654194.jpg', 'https://music-1329039788.cos.ap-chengdu.myqcloud.com/songs/%E6%98%9F%E5%BA%A7%E6%81%8B%E4%BA%BA.mp3', '29755139', NULL, 236000, 3789314, 'mp3', 128000, '[]', NULL, NULL, 0, NULL, NULL, NULL, 0, 0, 0, 0);
INSERT INTO `music_song` VALUES ('0', '0', 'system_sync', '2026-06-12 20:55:10.417094', '', '2026-06-12 20:55:10.417094', NULL, 243, '盗御马', '[]', '78544747', '盗御马', 'https://p4.music.126.net/QoS4D0FHc_K4WS6U7GMhqw==/109951164007363593.jpg', 'https://music-1329039788.cos.ap-chengdu.myqcloud.com/songs/%E7%9B%97%E5%BE%A1%E9%A9%AC.mp3', '1359113323', NULL, 225767, 3613101, 'mp3', 128000, '[]', NULL, NULL, 0, NULL, NULL, NULL, 0, 0, 0, 0);
INSERT INTO `music_song` VALUES ('0', '0', 'system_sync', '2026-06-12 20:55:10.418896', '', '2026-06-12 20:55:10.418896', NULL, 244, '广寒光', '[\"影视剧《明月曾照江东寒》插曲\"]', '96780694', '明月曾照江东寒 影视原声带', 'https://p3.music.126.net/LifWzvkh2jjo6moBpdcF8Q==/109951165389664227.jpg', 'https://music-1329039788.cos.ap-chengdu.myqcloud.com/songs/%E5%B9%BF%E5%AF%92%E5%85%89.mp3', '1485661414', NULL, 273754, 4381101, 'mp3', 128000, '[]', NULL, NULL, 0, NULL, NULL, NULL, 0, 0, 0, 0);
INSERT INTO `music_song` VALUES ('0', '0', 'system_sync', '2026-06-12 20:55:10.420629', '', '2026-06-12 20:55:10.420629', NULL, 245, '去往深圳的车票 (Live版)', '[]', '368328265', '2026时间折叠巡回演唱会', 'https://p3.music.126.net/FBJjIJ_vHGhlkNtcDlxJzg==/109951173184214317.jpg', 'https://music-1329039788.cos.ap-chengdu.myqcloud.com/songs/%E5%8E%BB%E5%BE%80%E6%B7%B1%E5%9C%B3%E7%9A%84%E8%BD%A6%E7%A5%A8%20(Live%E7%89%88).mp3', '3364884497', NULL, 232727, 3724461, 'mp3', 128000, '[]', NULL, NULL, 0, NULL, NULL, NULL, 0, 0, 0, 0);
INSERT INTO `music_song` VALUES ('0', '0', 'system_sync', '2026-06-12 20:55:10.422382', '', '2026-06-12 20:55:10.422382', NULL, 246, '那时雨', '[]', '2342012', '那时雨', 'https://p4.music.126.net/ecSWETjwzJuM47qaIm3ExA==/2279287604395078.jpg', 'https://music-1329039788.cos.ap-chengdu.myqcloud.com/songs/%E9%82%A3%E6%97%B6%E9%9B%A8.mp3', '25918133', NULL, 214400, 3431488, 'mp3', 128000, '[]', NULL, NULL, 0, NULL, NULL, NULL, 0, 0, 0, 0);
INSERT INTO `music_song` VALUES ('0', '0', 'system_sync', '2026-06-12 20:55:10.423857', '', '2026-06-12 20:55:10.423857', NULL, 247, '那时雨', '[]', '2532348', '北京巷弄', 'https://p4.music.126.net/7zWOgeB5pu8iVE7tmhtWjw==/109951164187964072.jpg', 'https://music-1329039788.cos.ap-chengdu.myqcloud.com/songs/%E9%82%A3%E6%97%B6%E9%9B%A8.mp3', '26609876', NULL, 216106, 3431488, 'mp3', 128000, '[]', NULL, NULL, 0, NULL, NULL, NULL, 0, 0, 0, 0);
INSERT INTO `music_song` VALUES ('0', '0', 'system_sync', '2026-06-12 20:55:10.425745', '', '2026-06-12 20:55:10.425745', NULL, 248, '七秒钟的记忆', '[]', '2532348', '北京巷弄', 'https://p3.music.126.net/7zWOgeB5pu8iVE7tmhtWjw==/109951164187964072.jpg', 'https://music-1329039788.cos.ap-chengdu.myqcloud.com/songs/%E4%B8%83%E7%A7%92%E9%92%9F%E7%9A%84%E8%AE%B0%E5%BF%86.mp3', '26609877', NULL, 202520, 3233794, 'mp3', 128000, '[]', NULL, NULL, 0, NULL, NULL, NULL, 0, 0, 0, 0);
INSERT INTO `music_song` VALUES ('0', '0', 'system_sync', '2026-06-12 20:55:10.427445', '', '2026-06-12 20:55:10.427445', NULL, 249, '坏女孩', '[]', '2533032', '徐良原创合集', 'https://p3.music.126.net/fc__RxMAdr_pX2fTubeZLg==/4456320627390033.jpg', 'https://music-1329039788.cos.ap-chengdu.myqcloud.com/songs/%E5%9D%8F%E5%A5%B3%E5%AD%A9.mp3', '26599239', NULL, 242426, 3879959, 'mp3', 128000, '[]', NULL, NULL, 0, NULL, NULL, NULL, 0, 0, 0, 0);
INSERT INTO `music_song` VALUES ('0', '0', 'system_sync', '2026-06-12 20:55:10.428980', '', '2026-06-12 20:55:10.428980', NULL, 250, '无颜女', '[]', '2533032', '徐良原创合集', 'https://p4.music.126.net/fc__RxMAdr_pX2fTubeZLg==/4456320627390033.jpg', 'https://music-1329039788.cos.ap-chengdu.myqcloud.com/songs/%E6%97%A0%E9%A2%9C%E5%A5%B3.mp3', '26601235', NULL, 214046, 3425637, 'mp3', 128000, '[]', NULL, NULL, 0, NULL, NULL, NULL, 0, 0, 0, 0);
INSERT INTO `music_song` VALUES ('0', '0', 'system_sync', '2026-06-12 20:55:10.430558', '', '2026-06-12 20:55:10.430558', NULL, 251, '后会无期 (Remix)', '[]', '', '未知专辑', 'https://p4.music.126.net/MGbhQdIoXWSgSuG1g0_1bQ==/109951168030055261.jpg', 'https://music-1329039788.cos.ap-chengdu.myqcloud.com/songs/%E5%90%8E%E4%BC%9A%E6%97%A0%E6%9C%9F%20(Remix).mp3', '1995475831', NULL, 206186, 3300249, 'mp3', 128000, '[]', NULL, NULL, 0, NULL, NULL, NULL, 0, 0, 0, 0);
INSERT INTO `music_song` VALUES ('0', '0', 'system_sync', '2026-06-12 20:55:10.432110', '', '2026-06-12 20:55:10.432110', NULL, 252, '情话', '[]', '2449015', '情话', 'https://p3.music.126.net/Eiq_XiRNqiXJEwmFzLTtow==/109951172050975516.jpg', 'https://music-1329039788.cos.ap-chengdu.myqcloud.com/songs/%E6%83%85%E8%AF%9D.mp3', '26304123', NULL, 238598, 3818541, 'mp3', 128000, '[]', NULL, NULL, 0, NULL, NULL, NULL, 0, 0, 0, 0);
INSERT INTO `music_song` VALUES ('0', '0', 'system_sync', '2026-06-12 20:55:10.433569', '', '2026-06-12 20:55:10.433569', NULL, 253, '犯贱', '[]', '2533032', '徐良原创合集', 'https://p4.music.126.net/fc__RxMAdr_pX2fTubeZLg==/4456320627390033.jpg', 'https://music-1329039788.cos.ap-chengdu.myqcloud.com/songs/%E7%8A%AF%E8%B4%B1.mp3', '26599833', NULL, 213916, 3639632, 'mp3', 128000, '[]', NULL, NULL, 0, NULL, NULL, NULL, 0, 0, 0, 0);
INSERT INTO `music_song` VALUES ('0', '0', 'system_sync', '2026-06-12 20:55:17.343446', '', '2026-06-12 20:55:17.343446', NULL, 254, '和平分手', '[]', '2533032', '徐良原创合集', 'https://p4.music.126.net/fc__RxMAdr_pX2fTubeZLg==/4456320627390033.jpg', 'https://music-1329039788.cos.ap-chengdu.myqcloud.com/songs/%E5%92%8C%E5%B9%B3%E5%88%86%E6%89%8B.mp3', '26599427', NULL, 234786, 3757497, 'mp3', 128000, '[]', NULL, NULL, 0, NULL, NULL, NULL, 0, 0, 0, 0);
INSERT INTO `music_song` VALUES ('0', '0', 'system_sync', '2026-06-12 20:55:17.346095', '', '2026-06-12 20:55:17.346095', NULL, 255, '红装', '[]', '2533032', '徐良原创合集', 'https://p3.music.126.net/fc__RxMAdr_pX2fTubeZLg==/4456320627390033.jpg', 'https://music-1329039788.cos.ap-chengdu.myqcloud.com/songs/%E7%BA%A2%E8%A3%85.mp3', '26599440', NULL, 246505, 3945261, 'mp3', 128000, '[]', NULL, NULL, 0, NULL, NULL, NULL, 0, 0, 0, 0);
INSERT INTO `music_song` VALUES ('0', '0', 'system_sync', '2026-06-12 20:55:17.347729', '', '2026-06-12 20:55:17.347729', NULL, 256, '他的猫', '[]', '2532348', '北京巷弄', 'https://p4.music.126.net/7zWOgeB5pu8iVE7tmhtWjw==/109951164187964072.jpg', 'https://music-1329039788.cos.ap-chengdu.myqcloud.com/songs/%E4%BB%96%E7%9A%84%E7%8C%AB.mp3', '26609880', NULL, 219493, 3503377, 'mp3', 128000, '[]', NULL, NULL, 0, NULL, NULL, NULL, 0, 0, 0, 0);
INSERT INTO `music_song` VALUES ('0', '0', 'system_sync', '2026-06-12 20:55:17.349248', '', '2026-06-12 20:55:17.349248', NULL, 257, '客官不可以(Remix)', '[]', '17594', '不良少年', 'https://p3.music.126.net/a82aXr_eNkbFX0BkXuKvgg==/109951172050962571.jpg', 'https://music-1329039788.cos.ap-chengdu.myqcloud.com/songs/%E5%AE%A2%E5%AE%98%E4%B8%8D%E5%8F%AF%E4%BB%A5(Remix).mp3', '174954', NULL, 227342, 3638378, 'mp3', 128000, '[]', NULL, NULL, 0, NULL, NULL, NULL, 0, 0, 0, 0);
INSERT INTO `music_song` VALUES ('0', '0', 'system_sync', '2026-06-12 20:55:17.350950', '', '2026-06-12 20:55:17.350950', NULL, 258, '再见啦同学', '[]', '39723112', '再见啦同学', 'https://p3.music.126.net/xOZSS8qc-T9JRjm98aDcHQ==/109951163366898116.jpg', 'https://music-1329039788.cos.ap-chengdu.myqcloud.com/songs/%E5%86%8D%E8%A7%81%E5%95%A6%E5%90%8C%E5%AD%A6.mp3', '574505192', NULL, 266617, 4266989, 'mp3', 128000, '[]', NULL, NULL, 0, NULL, NULL, NULL, 0, 0, 0, 0);
INSERT INTO `music_song` VALUES ('0', '0', 'system_sync', '2026-06-12 20:55:17.352763', '', '2026-06-12 20:55:17.352763', NULL, 259, '今天见了前女友', '[]', '73470775', '考虑到可能再也见不到你', 'https://p4.music.126.net/CKumVHRBsIFExQoK1Y77aQ==/109951163569789624.jpg', 'https://music-1329039788.cos.ap-chengdu.myqcloud.com/songs/%E4%BB%8A%E5%A4%A9%E8%A7%81%E4%BA%86%E5%89%8D%E5%A5%B3%E5%8F%8B.mp3', '562597327', NULL, 215999, 3456813, 'mp3', 128000, '[]', NULL, NULL, 0, NULL, NULL, NULL, 0, 0, 0, 0);
INSERT INTO `music_song` VALUES ('0', '0', 'system_sync', '2026-06-12 20:55:24.301741', '', '2026-06-12 20:55:24.301741', NULL, 260, '你轻轻遮住我的眼睛 (Live版)', '[]', '368328265', '2026时间折叠巡回演唱会', 'https://p4.music.126.net/FBJjIJ_vHGhlkNtcDlxJzg==/109951173184214317.jpg', 'https://music-1329039788.cos.ap-chengdu.myqcloud.com/songs/%E4%BD%A0%E8%BD%BB%E8%BD%BB%E9%81%AE%E4%BD%8F%E6%88%91%E7%9A%84%E7%9C%BC%E7%9D%9B%20(Live%E7%89%88).mp3', '3374219912', NULL, 221162, 3539757, 'mp3', 128000, '[]', NULL, NULL, 0, NULL, NULL, NULL, 0, 0, 0, 0);
INSERT INTO `music_song` VALUES ('0', '0', 'system_sync', '2026-06-12 20:55:24.303723', '', '2026-06-12 20:55:24.303723', NULL, 261, '虐心', '[]', '2532348', '北京巷弄', 'https://p3.music.126.net/7zWOgeB5pu8iVE7tmhtWjw==/109951164187964072.jpg', 'https://music-1329039788.cos.ap-chengdu.myqcloud.com/songs/%E8%99%90%E5%BF%83.mp3', '26609878', NULL, 257089, 4114605, 'mp3', 128000, '[]', NULL, NULL, 0, NULL, NULL, NULL, 0, 0, 0, 0);
INSERT INTO `music_song` VALUES ('0', '0', 'system_sync', '2026-06-12 20:55:24.305505', '', '2026-06-12 20:55:24.305505', NULL, 262, '飞机场', '[]', '2533032', '徐良原创合集', 'https://p4.music.126.net/fc__RxMAdr_pX2fTubeZLg==/4456320627390033.jpg', 'https://music-1329039788.cos.ap-chengdu.myqcloud.com/songs/%E9%A3%9E%E6%9C%BA%E5%9C%BA.mp3', '26599078', NULL, 221362, 3542829, 'mp3', 128000, '[]', NULL, NULL, 0, NULL, NULL, NULL, 0, 0, 0, 0);
INSERT INTO `music_song` VALUES ('0', '0', 'system_sync', '2026-06-12 20:55:24.307375', '', '2026-06-12 20:55:24.307375', NULL, 263, '何慕卿 (Live版)', '[]', '368328265', '2026时间折叠巡回演唱会', 'https://p3.music.126.net/FBJjIJ_vHGhlkNtcDlxJzg==/109951173184214317.jpg', 'https://music-1329039788.cos.ap-chengdu.myqcloud.com/songs/%E4%BD%95%E6%85%95%E5%8D%BF%20(Live%E7%89%88).mp3', '3369671672', NULL, 252000, 4032813, 'mp3', 128000, '[]', NULL, NULL, 0, NULL, NULL, NULL, 0, 0, 0, 0);
INSERT INTO `music_song` VALUES ('0', '0', 'system_sync', '2026-06-12 20:55:24.309481', '', '2026-06-12 20:55:24.309481', NULL, 264, '两个傻瓜', '[]', '17594', '不良少年', 'https://p3.music.126.net/a82aXr_eNkbFX0BkXuKvgg==/109951172050962571.jpg', 'https://music-1329039788.cos.ap-chengdu.myqcloud.com/songs/%E4%B8%A4%E4%B8%AA%E5%82%BB%E7%93%9C.mp3', '174952', NULL, 183560, 2937879, 'mp3', 128000, '[]', NULL, NULL, 0, NULL, NULL, NULL, 0, 0, 0, 0);
INSERT INTO `music_song` VALUES ('0', '0', 'system_sync', '2026-06-12 20:55:24.311901', '', '2026-06-12 20:55:24.311901', NULL, 265, '红装', '[]', '2533032', '徐良原创合集', 'https://p4.music.126.net/fc__RxMAdr_pX2fTubeZLg==/4456320627390033.jpg', 'https://music-1329039788.cos.ap-chengdu.myqcloud.com/songs/%E7%BA%A2%E8%A3%85.mp3', '26599065', NULL, 246505, 3945261, 'mp3', 128000, '[]', NULL, NULL, 0, NULL, NULL, NULL, 0, 0, 0, 0);
INSERT INTO `music_song` VALUES ('0', '0', 'system_sync', '2026-06-12 20:55:24.314021', '', '2026-06-12 20:55:24.314021', NULL, 266, '触电', '[]', '74266463', '触电', 'https://p4.music.126.net/wIFAQ4fUPsUElhemF08EuA==/109951163694965059.jpg', 'https://music-1329039788.cos.ap-chengdu.myqcloud.com/songs/%E8%A7%A6%E7%94%B5.mp3', '1329129059', NULL, 192991, 3088941, 'mp3', 128000, '[]', NULL, NULL, 0, NULL, NULL, NULL, 0, 0, 0, 0);
INSERT INTO `music_song` VALUES ('0', '0', 'system_sync', '2026-06-12 20:55:24.315920', '', '2026-06-12 20:55:24.315920', NULL, 267, '不好听', '[]', '2533032', '徐良原创合集', 'https://p3.music.126.net/fc__RxMAdr_pX2fTubeZLg==/4456320627390033.jpg', 'https://music-1329039788.cos.ap-chengdu.myqcloud.com/songs/%E4%B8%8D%E5%A5%BD%E5%90%AC.mp3', '26599867', NULL, 230400, 3687279, 'mp3', 128000, '[]', NULL, NULL, 0, NULL, NULL, NULL, 0, 0, 0, 0);
INSERT INTO `music_song` VALUES ('0', '0', 'system_sync', '2026-06-12 20:55:24.317693', '', '2026-06-12 20:55:24.317693', NULL, 268, '飞机场 remix版', '[]', '2533032', '徐良原创合集', 'https://p4.music.126.net/fc__RxMAdr_pX2fTubeZLg==/4456320627390033.jpg', 'https://music-1329039788.cos.ap-chengdu.myqcloud.com/songs/%E9%A3%9E%E6%9C%BA%E5%9C%BA%20remix%E7%89%88.mp3', '26600621', NULL, 224960, 3600344, 'mp3', 128000, '[]', NULL, NULL, 0, NULL, NULL, NULL, 0, 0, 0, 0);
INSERT INTO `music_song` VALUES ('0', '0', 'system_sync', '2026-06-12 20:55:24.319585', '', '2026-06-12 20:55:24.319585', NULL, 269, '和平分手', '[]', '2533032', '徐良原创合集', 'https://p4.music.126.net/fc__RxMAdr_pX2fTubeZLg==/4456320627390033.jpg', 'https://music-1329039788.cos.ap-chengdu.myqcloud.com/songs/%E5%92%8C%E5%B9%B3%E5%88%86%E6%89%8B.mp3', '26599663', NULL, 232906, 3757497, 'mp3', 128000, '[]', NULL, NULL, 0, NULL, NULL, NULL, 0, 0, 0, 0);
INSERT INTO `music_song` VALUES ('0', '0', 'system_sync', '2026-06-12 20:55:24.321345', '', '2026-06-12 20:55:24.321345', NULL, 270, '考虑到可能再也见不到你', '[]', '73470775', '考虑到可能再也见不到你', 'https://p4.music.126.net/CKumVHRBsIFExQoK1Y77aQ==/109951163569789624.jpg', 'https://music-1329039788.cos.ap-chengdu.myqcloud.com/songs/%E8%80%83%E8%99%91%E5%88%B0%E5%8F%AF%E8%83%BD%E5%86%8D%E4%B9%9F%E8%A7%81%E4%B8%8D%E5%88%B0%E4%BD%A0.mp3', '1311346598', NULL, 249514, 3993226, 'mp3', 128000, '[]', NULL, NULL, 0, NULL, NULL, NULL, 0, 0, 0, 0);
INSERT INTO `music_song` VALUES ('0', '0', 'system_sync', '2026-06-12 20:55:24.323084', '', '2026-06-12 20:55:24.323084', NULL, 271, '飞机场(Remix)', '[]', '17594', '不良少年', 'https://p3.music.126.net/a82aXr_eNkbFX0BkXuKvgg==/109951172050962571.jpg', 'https://music-1329039788.cos.ap-chengdu.myqcloud.com/songs/%E9%A3%9E%E6%9C%BA%E5%9C%BA(Remix).mp3', '174955', NULL, 222405, 3559384, 'mp3', 128000, '[]', NULL, NULL, 0, NULL, NULL, NULL, 0, 0, 0, 0);
INSERT INTO `music_song` VALUES ('0', '0', 'system_sync', '2026-06-12 20:55:24.324975', '', '2026-06-12 20:55:24.324975', NULL, 272, '写给妹妹的歌', '[\"电影《快把我哥带走》主题曲\"]', '71723086', '写给妹妹的歌', 'https://p3.music.126.net/peo5xEbELOeF8Nh3WXzm4Q==/109951163403165629.jpg', 'https://music-1329039788.cos.ap-chengdu.myqcloud.com/songs/%E5%86%99%E7%BB%99%E5%A6%B9%E5%A6%B9%E7%9A%84%E6%AD%8C.mp3', '864639748', NULL, 196846, 3150620, 'mp3', 128000, '[]', NULL, NULL, 0, NULL, NULL, NULL, 0, 0, 0, 0);
INSERT INTO `music_song` VALUES ('0', '0', 'system_sync', '2026-06-12 20:55:24.326621', '', '2026-06-12 20:55:24.326621', NULL, 273, '天真', '[]', '2533032', '徐良原创合集', 'https://p3.music.126.net/fc__RxMAdr_pX2fTubeZLg==/4456320627390033.jpg', 'https://music-1329039788.cos.ap-chengdu.myqcloud.com/songs/%E5%A4%A9%E7%9C%9F.mp3', '26599971', NULL, 225775, 3614555, 'mp3', 128000, '[]', NULL, NULL, 0, NULL, NULL, NULL, 0, 0, 0, 0);
INSERT INTO `music_song` VALUES ('0', '0', 'system_sync', '2026-06-12 20:55:24.328219', '', '2026-06-12 20:55:24.328219', NULL, 274, '犯贱(Remix)', '[]', '17594', '不良少年', 'https://p3.music.126.net/a82aXr_eNkbFX0BkXuKvgg==/109951172050962571.jpg', 'https://music-1329039788.cos.ap-chengdu.myqcloud.com/songs/%E7%8A%AF%E8%B4%B1(Remix).mp3', '174953', NULL, 227413, 3639632, 'mp3', 128000, '[]', NULL, NULL, 0, NULL, NULL, NULL, 0, 0, 0, 0);
INSERT INTO `music_song` VALUES ('0', '0', 'system_sync', '2026-06-12 20:55:24.330029', '', '2026-06-12 20:55:24.330029', NULL, 275, '胸前', '[]', '17598', '犯贱', 'https://p3.music.126.net/ImNPIBQmUdqCjdeAs6mr6A==/28587302323242.jpg', 'https://music-1329039788.cos.ap-chengdu.myqcloud.com/songs/%E8%83%B8%E5%89%8D.mp3', '420125536', NULL, 206444, 3304011, 'mp3', 128000, '[]', NULL, NULL, 0, NULL, NULL, NULL, 0, 0, 0, 0);
INSERT INTO `music_song` VALUES ('0', '0', 'system_sync', '2026-06-12 20:55:24.332437', '', '2026-06-12 20:55:24.332437', NULL, 276, '星座恋人', '[]', '3084709', '我', 'https://p3.music.126.net/nIQYLt0uG-o5bUNkVRrk1g==/109951164006894277.jpg', 'https://music-1329039788.cos.ap-chengdu.myqcloud.com/songs/%E6%98%9F%E5%BA%A7%E6%81%8B%E4%BA%BA.mp3', '29822697', NULL, 240000, 3789314, 'mp3', 128000, '[]', NULL, NULL, 0, NULL, NULL, NULL, 0, 0, 0, 0);
INSERT INTO `music_song` VALUES ('0', '0', 'system_sync', '2026-06-12 20:55:24.334373', '', '2026-06-12 20:55:24.334373', NULL, 277, '天堂岛乐园', '[]', '154397567', '天堂岛 游戏原声带', 'https://p3.music.126.net/NgxiJNGoUEXyVN07w0ZZbg==/109951168030025421.jpg', 'https://music-1329039788.cos.ap-chengdu.myqcloud.com/songs/%E5%A4%A9%E5%A0%82%E5%B2%9B%E4%B9%90%E5%9B%AD.mp3', '28643278', NULL, 196097, 3138499, 'mp3', 128000, '[]', NULL, NULL, 0, NULL, NULL, NULL, 0, 0, 0, 0);
INSERT INTO `music_song` VALUES ('0', '0', 'system_sync', '2026-06-12 20:55:24.336460', '', '2026-06-12 20:55:24.336460', NULL, 278, '电话里的秘密', '[]', '2533032', '徐良原创合集', 'https://p3.music.126.net/fc__RxMAdr_pX2fTubeZLg==/4456320627390033.jpg', 'https://music-1329039788.cos.ap-chengdu.myqcloud.com/songs/%E7%94%B5%E8%AF%9D%E9%87%8C%E7%9A%84%E7%A7%98%E5%AF%86.mp3', '26600611', NULL, 235800, 3773797, 'mp3', 128000, '[]', NULL, NULL, 0, NULL, NULL, NULL, 0, 0, 0, 0);
INSERT INTO `music_song` VALUES ('0', '0', 'system_sync', '2026-06-12 20:55:24.338728', '', '2026-06-12 20:55:24.338728', NULL, 279, '明天有雨', '[]', '73470775', '考虑到可能再也见不到你', 'https://p3.music.126.net/CKumVHRBsIFExQoK1Y77aQ==/109951163569789624.jpg', 'https://music-1329039788.cos.ap-chengdu.myqcloud.com/songs/%E6%98%8E%E5%A4%A9%E6%9C%89%E9%9B%A8.mp3', '1311347583', NULL, 240128, 3843117, 'mp3', 128000, '[]', NULL, NULL, 0, NULL, NULL, NULL, 0, 0, 0, 0);
INSERT INTO `music_song` VALUES ('0', '0', 'system_sync', '2026-06-12 20:55:24.340649', '', '2026-06-12 20:55:24.340649', NULL, 280, '在回忆中死去', '[]', '2533032', '徐良原创合集', 'https://p4.music.126.net/fc__RxMAdr_pX2fTubeZLg==/4456320627390033.jpg', 'https://music-1329039788.cos.ap-chengdu.myqcloud.com/songs/%E5%9C%A8%E5%9B%9E%E5%BF%86%E4%B8%AD%E6%AD%BB%E5%8E%BB.mp3', '26599125', NULL, 214528, 3433578, 'mp3', 128000, '[]', NULL, NULL, 0, NULL, NULL, NULL, 0, 0, 0, 0);
INSERT INTO `music_song` VALUES ('0', '0', 'system_sync', '2026-06-12 20:55:24.342357', '', '2026-06-12 20:55:24.342357', NULL, 281, '友情出演', '[]', '2533032', '徐良原创合集', 'https://p4.music.126.net/fc__RxMAdr_pX2fTubeZLg==/4456320627390033.jpg', 'https://music-1329039788.cos.ap-chengdu.myqcloud.com/songs/%E5%8F%8B%E6%83%85%E5%87%BA%E6%BC%94.mp3', '26600574', NULL, 199733, 3197013, 'mp3', 128000, '[]', NULL, NULL, 0, NULL, NULL, NULL, 0, 0, 0, 0);
INSERT INTO `music_song` VALUES ('0', '0', 'system_sync', '2026-06-12 20:55:24.344035', '', '2026-06-12 20:55:24.344035', NULL, 282, '夏天 (Live版)', '[]', '173356917', '披荆斩棘3 第1期初舞台', 'https://p3.music.126.net/PLVJckNNR8fc9umowiG26g==/109951168869538663.jpg', 'https://music-1329039788.cos.ap-chengdu.myqcloud.com/songs/%E5%A4%8F%E5%A4%A9%20(Live%E7%89%88).mp3', '2076711646', NULL, 172059, 2753977, 'mp3', 128000, '[]', NULL, NULL, 0, NULL, NULL, NULL, 0, 0, 0, 0);
INSERT INTO `music_song` VALUES ('0', '0', 'system_sync', '2026-06-12 20:55:24.346017', '', '2026-06-12 20:55:24.346017', NULL, 283, '风雨萧瑟', '[\"电视剧《醉玲珑》插曲\"]', '35864430', '醉玲珑 影视原声带', 'https://p3.music.126.net/aBstqio9Mx4snZ_rpUU_uQ==/19171084742174409.jpg', 'https://music-1329039788.cos.ap-chengdu.myqcloud.com/songs/%E9%A3%8E%E9%9B%A8%E8%90%A7%E7%91%9F.mp3', '494858414', NULL, 235978, 3776685, 'mp3', 128000, '[]', NULL, NULL, 0, NULL, NULL, NULL, 0, 0, 0, 0);
INSERT INTO `music_song` VALUES ('0', '0', 'system_sync', '2026-06-12 20:55:24.349291', '', '2026-06-12 20:55:24.349291', NULL, 284, '还是想念', '[\"电视剧《路从今夜白之遇见青春》片尾曲\"]', '36702056', '还是想念', 'https://p3.music.126.net/Ljq1EeAYQV1rI8UK8trZUw==/109951163054803929.jpg', 'https://music-1329039788.cos.ap-chengdu.myqcloud.com/songs/%E8%BF%98%E6%98%AF%E6%83%B3%E5%BF%B5.mp3', '516320210', NULL, 248025, 3969453, 'mp3', 128000, '[]', NULL, NULL, 0, NULL, NULL, NULL, 0, 0, 0, 0);
INSERT INTO `music_song` VALUES ('0', '0', 'system_sync', '2026-06-12 20:55:24.351801', '', '2026-06-12 20:55:24.351801', NULL, 285, '那年夏天我学会了在被子里抱紧自己', '[]', '3084709', '我', 'https://p3.music.126.net/nIQYLt0uG-o5bUNkVRrk1g==/109951164006894277.jpg', 'https://music-1329039788.cos.ap-chengdu.myqcloud.com/songs/%E9%82%A3%E5%B9%B4%E5%A4%8F%E5%A4%A9%E6%88%91%E5%AD%A6%E4%BC%9A%E4%BA%86%E5%9C%A8%E8%A2%AB%E5%AD%90%E9%87%8C%E6%8A%B1%E7%B4%A7%E8%87%AA%E5%B7%B1.mp3', '29822690', NULL, 259000, 4145362, 'mp3', 128000, '[]', NULL, NULL, 0, NULL, NULL, NULL, 0, 0, 0, 0);
INSERT INTO `music_song` VALUES ('0', '0', 'system_sync', '2026-06-12 20:55:24.353919', '', '2026-06-12 20:55:24.353919', NULL, 286, '我会等 (伴奏)', '[]', '366638392', '我会等', 'https://p4.music.126.net/-B4pU9scvWlO58QRR_xGgA==/109951172899827810.jpg', 'https://music-1329039788.cos.ap-chengdu.myqcloud.com/songs/%E6%88%91%E4%BC%9A%E7%AD%89%20(%E4%BC%B4%E5%A5%8F).mp3', '3360100204', NULL, 211605, 3386541, 'mp3', 128000, '[]', NULL, NULL, 0, NULL, NULL, NULL, 0, 0, 0, 0);
INSERT INTO `music_song` VALUES ('0', '0', 'system_sync', '2026-06-12 20:55:24.355891', '', '2026-06-12 20:55:24.355891', NULL, 287, '御龙无双', '[\"网游《御龙在天》主题曲\"]', '2533032', '徐良原创合集', 'https://p4.music.126.net/fc__RxMAdr_pX2fTubeZLg==/4456320627390033.jpg', 'https://music-1329039788.cos.ap-chengdu.myqcloud.com/songs/%E5%BE%A1%E9%BE%99%E6%97%A0%E5%8F%8C.mp3', '28971278', NULL, 215974, 3456566, 'mp3', 128000, '[]', NULL, NULL, 0, NULL, NULL, NULL, 0, 0, 0, 0);
INSERT INTO `music_song` VALUES ('0', '0', 'system_sync', '2026-06-12 20:55:24.357514', '', '2026-06-12 20:55:24.357514', NULL, 288, '梦', '[]', '17598', '犯贱', 'https://p3.music.126.net/ImNPIBQmUdqCjdeAs6mr6A==/28587302323242.jpg', 'https://music-1329039788.cos.ap-chengdu.myqcloud.com/songs/%E6%A2%A6.mp3', '420134487', NULL, 253177, 4051740, 'mp3', 128000, '[]', NULL, NULL, 0, NULL, NULL, NULL, 0, 0, 0, 0);
INSERT INTO `music_song` VALUES ('0', '0', 'system_sync', '2026-06-12 20:55:24.358975', '', '2026-06-12 20:55:24.358975', NULL, 289, '幻灭', '[]', '2449015', '情话', 'https://p3.music.126.net/Eiq_XiRNqiXJEwmFzLTtow==/109951172050975516.jpg', 'https://music-1329039788.cos.ap-chengdu.myqcloud.com/songs/%E5%B9%BB%E7%81%AD.mp3', '27890396', NULL, 285200, 4564158, 'mp3', 128000, '[]', NULL, NULL, 0, NULL, NULL, NULL, 0, 0, 0, 0);
INSERT INTO `music_song` VALUES ('0', '0', 'system_sync', '2026-06-12 20:55:24.360550', '', '2026-06-12 20:55:24.360550', NULL, 290, '不写情歌', '[]', '2533032', '徐良原创合集', 'https://p3.music.126.net/fc__RxMAdr_pX2fTubeZLg==/4456320627390033.jpg', 'https://music-1329039788.cos.ap-chengdu.myqcloud.com/songs/%E4%B8%8D%E5%86%99%E6%83%85%E6%AD%8C.mp3', '26600543', NULL, 187061, 2993885, 'mp3', 128000, '[]', NULL, NULL, 0, NULL, NULL, NULL, 0, 0, 0, 0);
INSERT INTO `music_song` VALUES ('0', '0', 'system_sync', '2026-06-12 20:55:24.362179', '', '2026-06-12 20:55:24.362179', NULL, 291, '御龙无双', '[\"网游《御龙在天》主题曲\"]', '2967027', '御龙在天 游戏原声集', 'https://p4.music.126.net/hMYMkI6hKDAZzz9QRXfluw==/18633423557755176.jpg', 'https://music-1329039788.cos.ap-chengdu.myqcloud.com/songs/%E5%BE%A1%E9%BE%99%E6%97%A0%E5%8F%8C.mp3', '28971243', NULL, 215974, 3456566, 'mp3', 128000, '[]', NULL, NULL, 0, NULL, NULL, NULL, 0, 0, 0, 0);
INSERT INTO `music_song` VALUES ('0', '0', 'system_sync', '2026-06-12 20:55:24.364206', '', '2026-06-12 20:55:24.364206', NULL, 292, '客官不可以', '[]', '2533032', '徐良原创合集', 'https://p3.music.126.net/fc__RxMAdr_pX2fTubeZLg==/4456320627390033.jpg', 'https://music-1329039788.cos.ap-chengdu.myqcloud.com/songs/%E5%AE%A2%E5%AE%98%E4%B8%8D%E5%8F%AF%E4%BB%A5.mp3', '26599449', NULL, 225000, 3694803, 'mp3', 128000, '[]', NULL, NULL, 0, NULL, NULL, NULL, 0, 0, 0, 0);
INSERT INTO `music_song` VALUES ('0', '0', 'system_sync', '2026-06-12 20:55:24.366405', '', '2026-06-12 20:55:24.366405', NULL, 293, '一公里的幸福', '[]', '2449015', '情话', 'https://p4.music.126.net/Eiq_XiRNqiXJEwmFzLTtow==/109951172050975516.jpg', 'https://music-1329039788.cos.ap-chengdu.myqcloud.com/songs/%E4%B8%80%E5%85%AC%E9%87%8C%E7%9A%84%E5%B9%B8%E7%A6%8F.mp3', '27890399', NULL, 280986, 4496866, 'mp3', 128000, '[]', NULL, NULL, 0, NULL, NULL, NULL, 0, 0, 0, 0);
INSERT INTO `music_song` VALUES ('0', '0', 'system_sync', '2026-06-12 20:55:24.368085', '', '2026-06-12 20:55:24.368085', NULL, 294, '拿着烟斗的男孩', '[]', '2449015', '情话', 'https://p3.music.126.net/Eiq_XiRNqiXJEwmFzLTtow==/109951172050975516.jpg', 'https://music-1329039788.cos.ap-chengdu.myqcloud.com/songs/%E6%8B%BF%E7%9D%80%E7%83%9F%E6%96%97%E7%9A%84%E7%94%B7%E5%AD%A9.mp3', '27566711', NULL, 259146, 4147453, 'mp3', 128000, '[]', NULL, NULL, 0, NULL, NULL, NULL, 0, 0, 0, 0);
INSERT INTO `music_song` VALUES ('0', '0', 'system_sync', '2026-06-12 20:55:24.369806', '', '2026-06-12 20:55:24.369806', NULL, 295, '华生', '[]', '3420231', '华生', 'https://p3.music.126.net/-j8zDJVosBgPC2AIQYR75Q==/3262251006320943.jpg', 'https://music-1329039788.cos.ap-chengdu.myqcloud.com/songs/%E5%8D%8E%E7%94%9F.mp3', '37239951', NULL, 251842, 4030424, 'mp3', 128000, '[]', NULL, NULL, 0, NULL, NULL, NULL, 0, 0, 0, 0);
INSERT INTO `music_song` VALUES ('0', '0', 'system_sync', '2026-06-12 20:55:24.371428', '', '2026-06-12 20:55:24.371428', NULL, 296, '写词的人', '[]', '34783081', '请在哔声后留言', 'https://p4.music.126.net/KjXQR3P-zuzC0IhZo_PV4Q==/1386484175539505.jpg', 'https://music-1329039788.cos.ap-chengdu.myqcloud.com/songs/%E5%86%99%E8%AF%8D%E7%9A%84%E4%BA%BA.mp3', '417250755', NULL, 263228, 4212654, 'mp3', 128000, '[]', NULL, NULL, 0, NULL, NULL, NULL, 0, 0, 0, 0);
INSERT INTO `music_song` VALUES ('0', '0', 'system_sync', '2026-06-12 20:55:24.373061', '', '2026-06-12 20:55:24.373061', NULL, 297, '大步大步', '[]', '2449015', '情话', 'https://p3.music.126.net/Eiq_XiRNqiXJEwmFzLTtow==/109951172050975516.jpg', 'https://music-1329039788.cos.ap-chengdu.myqcloud.com/songs/%E5%A4%A7%E6%AD%A5%E5%A4%A7%E6%AD%A5.mp3', '27566712', NULL, 283453, 4536155, 'mp3', 128000, '[]', NULL, NULL, 0, NULL, NULL, NULL, 0, 0, 0, 0);
INSERT INTO `music_song` VALUES ('0', '0', 'system_sync', '2026-06-12 20:55:24.374714', '', '2026-06-12 20:55:24.374714', NULL, 298, '风清', '[\"网剧《传闻中的陈芊芊》插曲\"]', '164395053', '网剧 传闻中的陈芊芊 原声大碟', 'https://p4.music.126.net/EVxrx5NZjz82GuiWSw7QOw==/109951168569892909.jpg', 'https://music-1329039788.cos.ap-chengdu.myqcloud.com/songs/%E9%A3%8E%E6%B8%85.mp3', '2042349202', NULL, 273813, 4381928, 'mp3', 128000, '[]', NULL, NULL, 0, NULL, NULL, NULL, 0, 0, 0, 0);
INSERT INTO `music_song` VALUES ('0', '0', 'system_sync', '2026-06-12 20:55:24.377150', '', '2026-06-12 20:55:24.377150', NULL, 299, '乳臭未干', '[]', '73470775', '考虑到可能再也见不到你', 'https://p4.music.126.net/CKumVHRBsIFExQoK1Y77aQ==/109951163569789624.jpg', 'https://music-1329039788.cos.ap-chengdu.myqcloud.com/songs/%E4%B9%B3%E8%87%AD%E6%9C%AA%E5%B9%B2.mp3', '1311345599', NULL, 185578, 2970285, 'mp3', 128000, '[]', NULL, NULL, 0, NULL, NULL, NULL, 0, 0, 0, 0);
INSERT INTO `music_song` VALUES ('0', '0', 'system_sync', '2026-06-12 20:55:24.378993', '', '2026-06-12 20:55:24.378993', NULL, 300, '靠近', '[]', '2533032', '徐良原创合集', 'https://p4.music.126.net/fc__RxMAdr_pX2fTubeZLg==/4456320627390033.jpg', 'https://music-1329039788.cos.ap-chengdu.myqcloud.com/songs/%E9%9D%A0%E8%BF%91.mp3', '26600798', NULL, 205661, 3291472, 'mp3', 128000, '[]', NULL, NULL, 0, NULL, NULL, NULL, 0, 0, 0, 0);
INSERT INTO `music_song` VALUES ('0', '0', 'system_sync', '2026-06-12 20:55:24.381934', '', '2026-06-12 20:55:24.381934', NULL, 301, '即使说抱歉', '[]', '2533032', '徐良原创合集', 'https://p3.music.126.net/fc__RxMAdr_pX2fTubeZLg==/4456320627390033.jpg', 'https://music-1329039788.cos.ap-chengdu.myqcloud.com/songs/%E5%8D%B3%E4%BD%BF%E8%AF%B4%E6%8A%B1%E6%AD%89.mp3', '26599269', NULL, 287345, 4598431, 'mp3', 128000, '[]', NULL, NULL, 0, NULL, NULL, NULL, 0, 0, 0, 0);
INSERT INTO `music_song` VALUES ('0', '0', 'system_sync', '2026-06-12 20:55:24.384233', '', '2026-06-12 20:55:24.384233', NULL, 302, 'I will be OK', '[]', '3066127', 'I will be OK', 'https://p4.music.126.net/aKA2pMNgmT_NcUVqQnT1ww==/3243559302539106.jpg', 'https://music-1329039788.cos.ap-chengdu.myqcloud.com/songs/I%20will%20be%20OK.mp3', '29719783', NULL, 218000, 3494652, 'mp3', 128000, '[]', NULL, NULL, 0, NULL, NULL, NULL, 0, 0, 0, 0);
INSERT INTO `music_song` VALUES ('0', '0', 'system_sync', '2026-06-12 20:55:24.385882', '', '2026-06-12 20:55:24.385882', NULL, 303, '心痛', '[]', '34783081', '请在哔声后留言', 'https://p4.music.126.net/KjXQR3P-zuzC0IhZo_PV4Q==/1386484175539505.jpg', 'https://music-1329039788.cos.ap-chengdu.myqcloud.com/songs/%E5%BF%83%E7%97%9B.mp3', '421148494', NULL, 215426, 3447789, 'mp3', 128000, '[]', NULL, NULL, 0, NULL, NULL, NULL, 0, 0, 0, 0);
INSERT INTO `music_song` VALUES ('0', '0', 'system_sync', '2026-06-12 20:55:24.387424', '', '2026-06-12 20:55:24.387424', NULL, 304, '106步', '[]', '78584295', '东西世界', 'https://p4.music.126.net/bF-B1GTIlowbLLHwo4Tu8w==/109951168750495471.jpg', 'https://music-1329039788.cos.ap-chengdu.myqcloud.com/songs/106%E6%AD%A5.mp3', '487190994', NULL, 284187, 4548275, 'mp3', 128000, '[]', NULL, NULL, 0, NULL, NULL, NULL, 0, 0, 0, 0);
INSERT INTO `music_song` VALUES ('0', '0', 'system_sync', '2026-06-12 20:55:24.388868', '', '2026-06-12 20:55:24.388868', NULL, 305, '小恋曲', '[]', '2533032', '徐良原创合集', 'https://p3.music.126.net/fc__RxMAdr_pX2fTubeZLg==/4456320627390033.jpg', 'https://music-1329039788.cos.ap-chengdu.myqcloud.com/songs/%E5%B0%8F%E6%81%8B%E6%9B%B2.mp3', '26600461', NULL, 195290, 3125542, 'mp3', 128000, '[]', NULL, NULL, 0, NULL, NULL, NULL, 0, 0, 0, 0);
INSERT INTO `music_song` VALUES ('0', '0', 'system_sync', '2026-06-12 20:55:24.390356', '', '2026-06-12 20:55:24.390356', NULL, 306, '指环', '[]', '73470775', '考虑到可能再也见不到你', 'https://p4.music.126.net/CKumVHRBsIFExQoK1Y77aQ==/109951163569789624.jpg', 'https://music-1329039788.cos.ap-chengdu.myqcloud.com/songs/%E6%8C%87%E7%8E%AF.mp3', '1311345602', NULL, 235413, 3767469, 'mp3', 128000, '[]', NULL, NULL, 0, NULL, NULL, NULL, 0, 0, 0, 0);
INSERT INTO `music_song` VALUES ('0', '0', 'system_sync', '2026-06-12 20:55:24.391778', '', '2026-06-12 20:55:24.391778', NULL, 307, '捻秋花', '[]', '148403524', '捻秋花', 'https://p4.music.126.net/3tCxqV3JA3yxZXnTyV75KQ==/109951167696738023.jpg', 'https://music-1329039788.cos.ap-chengdu.myqcloud.com/songs/%E6%8D%BB%E7%A7%8B%E8%8A%B1.mp3', '1965612989', NULL, 218568, 3497517, 'mp3', 128000, '[]', NULL, NULL, 0, NULL, NULL, NULL, 0, 0, 0, 0);
INSERT INTO `music_song` VALUES ('0', '0', 'system_sync', '2026-06-12 20:55:24.393272', '', '2026-06-12 20:55:24.393272', NULL, 308, '天然淋浴器', '[]', '34783081', '请在哔声后留言', 'https://p3.music.126.net/KjXQR3P-zuzC0IhZo_PV4Q==/1386484175539505.jpg', 'https://music-1329039788.cos.ap-chengdu.myqcloud.com/songs/%E5%A4%A9%E7%84%B6%E6%B7%8B%E6%B5%B4%E5%99%A8.mp3', '421160377', NULL, 222440, 3560220, 'mp3', 128000, '[]', NULL, NULL, 0, NULL, NULL, NULL, 0, 0, 0, 0);
INSERT INTO `music_song` VALUES ('0', '0', 'system_sync', '2026-06-12 20:55:24.394953', '', '2026-06-12 20:55:24.394953', NULL, 309, '披荆斩棘 (Live版)', '[]', '178692067', '披荆斩棘3 第12期', 'https://p4.music.126.net/yIh1OqBx9Fz2Lnb16Ram5w==/109951169043048216.jpg', 'https://music-1329039788.cos.ap-chengdu.myqcloud.com/songs/%E6%8A%AB%E8%8D%86%E6%96%A9%E6%A3%98%20(Live%E7%89%88).mp3', '2098200148', NULL, 298282, 4773555, 'mp3', 128000, '[]', NULL, NULL, 0, NULL, NULL, NULL, 0, 0, 0, 0);
INSERT INTO `music_song` VALUES ('0', '0', 'system_sync', '2026-06-12 20:55:24.396851', '', '2026-06-12 20:55:24.396851', NULL, 310, '山姆大婶', '[]', '3084709', '我', 'https://p4.music.126.net/nIQYLt0uG-o5bUNkVRrk1g==/109951164006894277.jpg', 'https://music-1329039788.cos.ap-chengdu.myqcloud.com/songs/%E5%B1%B1%E5%A7%86%E5%A4%A7%E5%A9%B6.mp3', '29822696', NULL, 202000, 3245078, 'mp3', 128000, '[]', NULL, NULL, 0, NULL, NULL, NULL, 0, 0, 0, 0);
INSERT INTO `music_song` VALUES ('0', '0', 'system_sync', '2026-06-12 20:55:24.398860', '', '2026-06-12 20:55:24.398860', NULL, 311, '你不是我', '[]', '2533032', '徐良原创合集', 'https://p3.music.126.net/fc__RxMAdr_pX2fTubeZLg==/4456320627390033.jpg', 'https://music-1329039788.cos.ap-chengdu.myqcloud.com/songs/%E4%BD%A0%E4%B8%8D%E6%98%AF%E6%88%91.mp3', '26600747', NULL, 212140, 3395126, 'mp3', 128000, '[]', NULL, NULL, 0, NULL, NULL, NULL, 0, 0, 0, 0);
INSERT INTO `music_song` VALUES ('0', '0', 'system_sync', '2026-06-12 20:55:24.400674', '', '2026-06-12 20:55:24.400674', NULL, 312, '不良', '[]', '2533032', '徐良原创合集', 'https://p3.music.126.net/fc__RxMAdr_pX2fTubeZLg==/4456320627390033.jpg', 'https://music-1329039788.cos.ap-chengdu.myqcloud.com/songs/%E4%B8%8D%E8%89%AF.mp3', '26600553', NULL, 218933, 3504213, 'mp3', 128000, '[]', NULL, NULL, 0, NULL, NULL, NULL, 0, 0, 0, 0);
INSERT INTO `music_song` VALUES ('0', '0', 'system_sync', '2026-06-12 20:55:24.402235', '', '2026-06-12 20:55:24.402235', NULL, 313, '写曲的人', '[]', '34783081', '请在哔声后留言', 'https://p4.music.126.net/KjXQR3P-zuzC0IhZo_PV4Q==/1386484175539505.jpg', 'https://music-1329039788.cos.ap-chengdu.myqcloud.com/songs/%E5%86%99%E6%9B%B2%E7%9A%84%E4%BA%BA.mp3', '417247873', NULL, 236687, 3788008, 'mp3', 128000, '[]', NULL, NULL, 0, NULL, NULL, NULL, 0, 0, 0, 0);
INSERT INTO `music_song` VALUES ('0', '0', 'system_sync', '2026-06-12 20:55:24.403773', '', '2026-06-12 20:55:24.403773', NULL, 314, '自由', '[]', '2533032', '徐良原创合集', 'https://p4.music.126.net/fc__RxMAdr_pX2fTubeZLg==/4456320627390033.jpg', 'https://music-1329039788.cos.ap-chengdu.myqcloud.com/songs/%E8%87%AA%E7%94%B1.mp3', '26600791', NULL, 206627, 3306937, 'mp3', 128000, '[]', NULL, NULL, 0, NULL, NULL, NULL, 0, 0, 0, 0);
INSERT INTO `music_song` VALUES ('0', '0', 'system_sync', '2026-06-12 20:55:24.405363', '', '2026-06-12 20:55:24.405363', NULL, 315, '犯贱(DJ版)', '[]', '17598', '犯贱', 'https://p4.music.126.net/ImNPIBQmUdqCjdeAs6mr6A==/28587302323242.jpg', 'https://music-1329039788.cos.ap-chengdu.myqcloud.com/songs/%E7%8A%AF%E8%B4%B1(DJ%E7%89%88).mp3', '174970', NULL, 204823, 3278097, 'mp3', 128000, '[]', NULL, NULL, 0, NULL, NULL, NULL, 0, 0, 0, 0);
INSERT INTO `music_song` VALUES ('0', '0', 'system_sync', '2026-06-12 20:55:24.406933', '', '2026-06-12 20:55:24.406933', NULL, 316, '梦', '[]', '2982254', '热门华语238', 'https://p3.music.126.net/cpoUinrExafBHL5Nv5iDHQ==/109951166361218466.jpg', 'https://music-1329039788.cos.ap-chengdu.myqcloud.com/songs/%E6%A2%A6.mp3', '29122400', NULL, 253177, 4051740, 'mp3', 128000, '[]', NULL, NULL, 0, NULL, NULL, NULL, 0, 0, 0, 0);
INSERT INTO `music_song` VALUES ('0', '0', 'system_sync', '2026-06-12 20:55:24.408385', '', '2026-06-12 20:55:24.408385', NULL, 317, 'Goodbye My Love', '[]', '2693055', '热门华语93', 'https://p3.music.126.net/cpoUinrExafBHL5Nv5iDHQ==/109951166361218466.jpg', 'https://music-1329039788.cos.ap-chengdu.myqcloud.com/songs/Goodbye%20My%20Love.mp3', '27906849', NULL, 198478, 3176533, 'mp3', 128000, '[]', NULL, NULL, 0, NULL, NULL, NULL, 0, 0, 0, 0);
INSERT INTO `music_song` VALUES ('0', '0', 'system_sync', '2026-06-12 20:55:24.410069', '', '2026-06-12 20:55:24.410069', NULL, 318, 'Mr.Rainbow', '[]', '3084709', '我', 'https://p3.music.126.net/nIQYLt0uG-o5bUNkVRrk1g==/109951164006894277.jpg', 'https://music-1329039788.cos.ap-chengdu.myqcloud.com/songs/Mr.Rainbow.mp3', '29822694', NULL, 238000, 3810158, 'mp3', 128000, '[]', NULL, NULL, 0, NULL, NULL, NULL, 0, 0, 0, 0);
INSERT INTO `music_song` VALUES ('0', '0', 'system_sync', '2026-06-12 20:55:24.411758', '', '2026-06-12 20:55:24.411758', NULL, 319, '笑着哭', '[]', '2696049', '热门华语155', 'https://p3.music.126.net/cpoUinrExafBHL5Nv5iDHQ==/109951166361218466.jpg', 'https://music-1329039788.cos.ap-chengdu.myqcloud.com/songs/%E7%AC%91%E7%9D%80%E5%93%AD.mp3', '27927853', NULL, 250488, 4008690, 'mp3', 128000, '[]', NULL, NULL, 0, NULL, NULL, NULL, 0, 0, 0, 0);
INSERT INTO `music_song` VALUES ('0', '0', 'system_sync', '2026-06-12 20:55:24.413555', '', '2026-06-12 20:55:24.413555', NULL, 320, '客官不可以 remix版', '[]', '2533032', '徐良原创合集', 'https://p4.music.126.net/fc__RxMAdr_pX2fTubeZLg==/4456320627390033.jpg', 'https://music-1329039788.cos.ap-chengdu.myqcloud.com/songs/%E5%AE%A2%E5%AE%98%E4%B8%8D%E5%8F%AF%E4%BB%A5%20remix%E7%89%88.mp3', '26600594', NULL, 230853, 3694803, 'mp3', 128000, '[]', NULL, NULL, 0, NULL, NULL, NULL, 0, 0, 0, 0);
INSERT INTO `music_song` VALUES ('0', '0', 'system_sync', '2026-06-12 20:55:24.415569', '', '2026-06-12 20:55:24.415569', NULL, 321, '高跟鞋', '[]', '34783081', '请在哔声后留言', 'https://p3.music.126.net/KjXQR3P-zuzC0IhZo_PV4Q==/1386484175539505.jpg', 'https://music-1329039788.cos.ap-chengdu.myqcloud.com/songs/%E9%AB%98%E8%B7%9F%E9%9E%8B.mp3', '421148491', NULL, 216333, 3462417, 'mp3', 128000, '[]', NULL, NULL, 0, NULL, NULL, NULL, 0, 0, 0, 0);
INSERT INTO `music_song` VALUES ('0', '0', 'system_sync', '2026-06-12 20:55:24.417306', '', '2026-06-12 20:55:24.417306', NULL, 322, '简单的温热', '[\"电视剧《不一样的美男子2》插曲\"]', '35261243', '简单的温热', 'https://p3.music.126.net/jZzzFb6wePikvxhdvWNW6Q==/18600438208927246.jpg', 'https://music-1329039788.cos.ap-chengdu.myqcloud.com/songs/%E7%AE%80%E5%8D%95%E7%9A%84%E6%B8%A9%E7%83%AD.mp3', '464674975', NULL, 229848, 3678502, 'mp3', 128000, '[]', NULL, NULL, 0, NULL, NULL, NULL, 0, 0, 0, 0);
INSERT INTO `music_song` VALUES ('0', '0', 'system_sync', '2026-06-12 20:55:24.418769', '', '2026-06-12 20:55:24.418769', NULL, 323, '表演的人', '[]', '34783081', '请在哔声后留言', 'https://p4.music.126.net/KjXQR3P-zuzC0IhZo_PV4Q==/1386484175539505.jpg', 'https://music-1329039788.cos.ap-chengdu.myqcloud.com/songs/%E8%A1%A8%E6%BC%94%E7%9A%84%E4%BA%BA.mp3', '417247874', NULL, 206478, 3304847, 'mp3', 128000, '[]', NULL, NULL, 0, NULL, NULL, NULL, 0, 0, 0, 0);
INSERT INTO `music_song` VALUES ('0', '0', 'system_sync', '2026-06-12 20:55:24.420403', '', '2026-06-12 20:55:24.420403', NULL, 324, 'I Will Be OK', '[]', '3084709', '我', 'https://p3.music.126.net/nIQYLt0uG-o5bUNkVRrk1g==/109951164006894277.jpg', 'https://music-1329039788.cos.ap-chengdu.myqcloud.com/songs/I%20Will%20Be%20OK.mp3', '29822692', NULL, 224000, 3494652, 'mp3', 128000, '[]', NULL, NULL, 0, NULL, NULL, NULL, 0, 0, 0, 0);
INSERT INTO `music_song` VALUES ('0', '0', 'system_sync', '2026-06-12 20:55:24.421889', '', '2026-06-12 20:55:24.421889', NULL, 325, 'Bee', '[]', '3084709', '我', 'https://p3.music.126.net/nIQYLt0uG-o5bUNkVRrk1g==/109951164006894277.jpg', 'https://music-1329039788.cos.ap-chengdu.myqcloud.com/songs/Bee.mp3', '29822699', NULL, 200000, 3214985, 'mp3', 128000, '[]', NULL, NULL, 0, NULL, NULL, NULL, 0, 0, 0, 0);
INSERT INTO `music_song` VALUES ('0', '0', 'system_sync', '2026-06-12 20:55:24.423419', '', '2026-06-12 20:55:24.423419', NULL, 326, '一三七', '[]', '34783081', '请在哔声后留言', 'https://p3.music.126.net/KjXQR3P-zuzC0IhZo_PV4Q==/1386484175539505.jpg', 'https://music-1329039788.cos.ap-chengdu.myqcloud.com/songs/%E4%B8%80%E4%B8%89%E4%B8%83.mp3', '421148492', NULL, 217573, 3482062, 'mp3', 128000, '[]', NULL, NULL, 0, NULL, NULL, NULL, 0, 0, 0, 0);
INSERT INTO `music_song` VALUES ('0', '0', 'system_sync', '2026-06-12 20:55:24.424928', '', '2026-06-12 20:55:24.424928', NULL, 327, '红装(DJ版)', '[]', '17598', '犯贱', 'https://p3.music.126.net/ImNPIBQmUdqCjdeAs6mr6A==/28587302323242.jpg', 'https://music-1329039788.cos.ap-chengdu.myqcloud.com/songs/%E7%BA%A2%E8%A3%85(DJ%E7%89%88).mp3', '174971', NULL, 104463, 1671880, 'mp3', 128000, '[]', NULL, NULL, 0, NULL, NULL, NULL, 0, 0, 0, 0);
INSERT INTO `music_song` VALUES ('0', '0', 'system_sync', '2026-06-12 20:55:24.426587', '', '2026-06-12 20:55:24.426587', NULL, 328, '黑白相纸', '[]', '75816535', '黑白相纸', 'https://p4.music.126.net/FsbclcxglTVCpJv9IrT2Vg==/109951167610816906.jpg', 'https://music-1329039788.cos.ap-chengdu.myqcloud.com/songs/%E9%BB%91%E7%99%BD%E7%9B%B8%E7%BA%B8.mp3', '1351253205', NULL, 214021, 3425219, 'mp3', 128000, '[]', NULL, NULL, 0, NULL, NULL, NULL, 0, 0, 0, 0);
INSERT INTO `music_song` VALUES ('0', '0', 'system_sync', '2026-06-12 20:55:24.428210', '', '2026-06-12 20:55:24.428210', NULL, 329, '自画像', '[]', '2449015', '情话', 'https://p4.music.126.net/Eiq_XiRNqiXJEwmFzLTtow==/109951172050975516.jpg', 'https://music-1329039788.cos.ap-chengdu.myqcloud.com/songs/%E8%87%AA%E7%94%BB%E5%83%8F.mp3', '27890398', NULL, 224653, 3595746, 'mp3', 128000, '[]', NULL, NULL, 0, NULL, NULL, NULL, 0, 0, 0, 0);
INSERT INTO `music_song` VALUES ('0', '0', 'system_sync', '2026-06-12 20:55:24.430024', '', '2026-06-12 20:55:24.430024', NULL, 330, '后会无期', '[]', '2533032', '徐良原创合集', 'https://p3.music.126.net/fc__RxMAdr_pX2fTubeZLg==/4456320627390033.jpg', 'https://music-1329039788.cos.ap-chengdu.myqcloud.com/songs/%E5%90%8E%E4%BC%9A%E6%97%A0%E6%9C%9F.mp3', '26600633', NULL, 211760, 3300249, 'mp3', 128000, '[]', NULL, NULL, 0, NULL, NULL, NULL, 0, 0, 0, 0);
INSERT INTO `music_song` VALUES ('0', '0', 'system_sync', '2026-06-12 20:55:24.432053', '', '2026-06-12 20:55:24.432053', NULL, 331, '依赖', '[\"影视剧《爱上特种兵》情感主题曲\"]', '129954531', '爱上特种兵 影视剧音乐原声', 'https://p4.music.126.net/A42ZbVpJ5pDNz1RIJnyWsA==/109951166150477089.jpg', 'https://music-1329039788.cos.ap-chengdu.myqcloud.com/songs/%E4%BE%9D%E8%B5%96.mp3', '1853884576', NULL, 214272, 3429399, 'mp3', 128000, '[]', NULL, NULL, 0, NULL, NULL, NULL, 0, 0, 0, 0);
INSERT INTO `music_song` VALUES ('0', '0', 'system_sync', '2026-06-12 20:55:24.433815', '', '2026-06-12 20:55:24.433815', NULL, 332, 'Bonus 请在哔声后留言', '[\"Bonus Track\"]', '34783081', '请在哔声后留言', 'https://p4.music.126.net/KjXQR3P-zuzC0IhZo_PV4Q==/1386484175539505.jpg', 'https://music-1329039788.cos.ap-chengdu.myqcloud.com/songs/Bonus%20%E8%AF%B7%E5%9C%A8%E5%93%94%E5%A3%B0%E5%90%8E%E7%95%99%E8%A8%80.mp3', '421148495', NULL, 377680, 6044151, 'mp3', 128000, '[]', NULL, NULL, 0, NULL, NULL, NULL, 0, 0, 0, 0);
INSERT INTO `music_song` VALUES ('0', '0', 'system_sync', '2026-06-12 20:55:24.435492', '', '2026-06-12 20:55:24.435492', NULL, 333, '帮忙', '[]', '3084709', '我', 'https://p3.music.126.net/nIQYLt0uG-o5bUNkVRrk1g==/109951164006894277.jpg', 'https://music-1329039788.cos.ap-chengdu.myqcloud.com/songs/%E5%B8%AE%E5%BF%99.mp3', '29822693', NULL, 255000, 4083086, 'mp3', 128000, '[]', NULL, NULL, 0, NULL, NULL, NULL, 0, 0, 0, 0);
INSERT INTO `music_song` VALUES ('0', '0', 'system_sync', '2026-06-12 20:55:24.436974', '', '2026-06-12 20:55:24.436974', NULL, 334, '简单的温热', '[\"电视剧《不一样的美男子2》插曲\"]', '35292269', '不一样的美男子2 电视剧原声带', 'https://p3.music.126.net/F4RkCEuqpynRYeeYUaPqiQ==/18863221486163079.jpg', 'https://music-1329039788.cos.ap-chengdu.myqcloud.com/songs/%E7%AE%80%E5%8D%95%E7%9A%84%E6%B8%A9%E7%83%AD.mp3', '466795204', NULL, 229848, 3678502, 'mp3', 128000, '[]', NULL, NULL, 0, NULL, NULL, NULL, 0, 0, 0, 0);
INSERT INTO `music_song` VALUES ('0', '0', 'system_sync', '2026-06-12 20:55:24.438486', '', '2026-06-12 20:55:24.438486', NULL, 335, '电梯', '[]', '73470775', '考虑到可能再也见不到你', 'https://p4.music.126.net/CKumVHRBsIFExQoK1Y77aQ==/109951163569789624.jpg', 'https://music-1329039788.cos.ap-chengdu.myqcloud.com/songs/%E7%94%B5%E6%A2%AF.mp3', '1311319656', NULL, 240810, 3853869, 'mp3', 128000, '[]', NULL, NULL, 0, NULL, NULL, NULL, 0, 0, 0, 0);
INSERT INTO `music_song` VALUES ('0', '0', 'system_sync', '2026-06-12 20:55:24.440295', '', '2026-06-12 20:55:24.440295', NULL, 336, '也许', '[]', '2696049', '热门华语155', 'https://p4.music.126.net/cpoUinrExafBHL5Nv5iDHQ==/109951166361218466.jpg', 'https://music-1329039788.cos.ap-chengdu.myqcloud.com/songs/%E4%B9%9F%E8%AE%B8.mp3', '27927854', NULL, 248006, 3968984, 'mp3', 128000, '[]', NULL, NULL, 0, NULL, NULL, NULL, 0, 0, 0, 0);
INSERT INTO `music_song` VALUES ('0', '0', 'system_sync', '2026-06-12 20:55:24.443545', '', '2026-06-12 20:55:24.443545', NULL, 337, '一人一井', '[]', '3084709', '我', 'https://p3.music.126.net/nIQYLt0uG-o5bUNkVRrk1g==/109951164006894277.jpg', 'https://music-1329039788.cos.ap-chengdu.myqcloud.com/songs/%E4%B8%80%E4%BA%BA%E4%B8%80%E4%BA%95.mp3', '29822698', NULL, 213000, 3424382, 'mp3', 128000, '[]', NULL, NULL, 0, NULL, NULL, NULL, 0, 0, 0, 0);
INSERT INTO `music_song` VALUES ('0', '0', 'system_sync', '2026-06-12 20:55:24.448605', '', '2026-06-12 20:55:24.448605', NULL, 338, '徐侦探', '[]', '73470775', '考虑到可能再也见不到你', 'https://p3.music.126.net/CKumVHRBsIFExQoK1Y77aQ==/109951163569789624.jpg', 'https://music-1329039788.cos.ap-chengdu.myqcloud.com/songs/%E5%BE%90%E4%BE%A6%E6%8E%A2.mp3', '1311345600', NULL, 213781, 3421485, 'mp3', 128000, '[]', NULL, NULL, 0, NULL, NULL, NULL, 0, 0, 0, 0);
INSERT INTO `music_song` VALUES ('0', '0', 'system_sync', '2026-06-12 20:55:24.451566', '', '2026-06-12 20:55:24.451566', NULL, 339, '羞红的夏天', '[]', '75815402', '羞红的夏天', 'https://p3.music.126.net/yLvE_yo2HgW7nv0xUBo2ng==/109951167611561286.jpg', 'https://music-1329039788.cos.ap-chengdu.myqcloud.com/songs/%E7%BE%9E%E7%BA%A2%E7%9A%84%E5%A4%8F%E5%A4%A9.mp3', '1351230041', NULL, 160104, 2562551, 'mp3', 128000, '[]', NULL, NULL, 0, NULL, NULL, NULL, 0, 0, 0, 0);
INSERT INTO `music_song` VALUES ('0', '0', 'system_sync', '2026-06-12 20:55:24.454528', '', '2026-06-12 20:55:24.454528', NULL, 340, '微笑', '[]', '2696049', '热门华语155', 'https://p4.music.126.net/cpoUinrExafBHL5Nv5iDHQ==/109951166361218466.jpg', 'https://music-1329039788.cos.ap-chengdu.myqcloud.com/songs/%E5%BE%AE%E7%AC%91.mp3', '27927851', NULL, 149315, 2389934, 'mp3', 128000, '[]', NULL, NULL, 0, NULL, NULL, NULL, 0, 0, 0, 0);
INSERT INTO `music_song` VALUES ('0', '0', 'system_sync', '2026-06-12 20:55:24.457968', '', '2026-06-12 20:55:24.457968', NULL, 341, '躁', '[]', '73470775', '考虑到可能再也见不到你', 'https://p4.music.126.net/CKumVHRBsIFExQoK1Y77aQ==/109951163569789624.jpg', 'https://music-1329039788.cos.ap-chengdu.myqcloud.com/songs/%E8%BA%81.mp3', '1311345601', NULL, 236288, 3781677, 'mp3', 128000, '[]', NULL, NULL, 0, NULL, NULL, NULL, 0, 0, 0, 0);
INSERT INTO `music_song` VALUES ('0', '0', 'system_sync', '2026-06-12 20:55:24.460838', '', '2026-06-12 20:55:24.460838', NULL, 342, '上火星球', '[]', '36097044', '上火星球', 'https://p3.music.126.net/tA-f373dwQvrQxK6zvDIbw==/109951163016446043.jpg', 'https://music-1329039788.cos.ap-chengdu.myqcloud.com/songs/%E4%B8%8A%E7%81%AB%E6%98%9F%E7%90%83.mp3', '503020174', NULL, 134986, 2160813, 'mp3', 128000, '[]', NULL, NULL, 0, NULL, NULL, NULL, 0, 0, 0, 0);
INSERT INTO `music_song` VALUES ('0', '0', 'system_sync', '2026-06-12 20:55:24.462689', '', '2026-06-12 20:55:24.462689', NULL, 343, '话题', '[]', '34783081', '请在哔声后留言', 'https://p4.music.126.net/KjXQR3P-zuzC0IhZo_PV4Q==/1386484175539505.jpg', 'https://music-1329039788.cos.ap-chengdu.myqcloud.com/songs/%E8%AF%9D%E9%A2%98.mp3', '421148493', NULL, 220093, 3522604, 'mp3', 128000, '[]', NULL, NULL, 0, NULL, NULL, NULL, 0, 0, 0, 0);
INSERT INTO `music_song` VALUES ('0', '0', 'system_sync', '2026-06-12 20:55:24.464636', '', '2026-06-12 20:55:24.464636', NULL, 344, '林中夫人', '[]', '78584295', '东西世界', 'https://p3.music.126.net/bF-B1GTIlowbLLHwo4Tu8w==/109951168750495471.jpg', 'https://music-1329039788.cos.ap-chengdu.myqcloud.com/songs/%E6%9E%97%E4%B8%AD%E5%A4%AB%E4%BA%BA.mp3', '487190993', NULL, 265035, 4241493, 'mp3', 128000, '[]', NULL, NULL, 0, NULL, NULL, NULL, 0, 0, 0, 0);
INSERT INTO `music_song` VALUES ('0', '0', 'system_sync', '2026-06-12 20:55:24.466374', '', '2026-06-12 20:55:24.466374', NULL, 345, '请在哔声后留言 (Dark Version)', '[]', '34869225', '请在哔声后留言 (Dark Version)', 'https://p3.music.126.net/hLpRBTMHqQI791EoBOcWbQ==/3412884120543505.jpg', 'https://music-1329039788.cos.ap-chengdu.myqcloud.com/songs/%E8%AF%B7%E5%9C%A8%E5%93%94%E5%A3%B0%E5%90%8E%E7%95%99%E8%A8%80%20(Dark%20Version).mp3', '429450985', NULL, 378565, 6057944, 'mp3', 128000, '[]', NULL, NULL, 0, NULL, NULL, NULL, 0, 0, 0, 0);
INSERT INTO `music_song` VALUES ('0', '0', 'system_sync', '2026-06-12 20:55:24.468393', '', '2026-06-12 20:55:24.468393', NULL, 346, '客官不可以 (演奏版)', '[]', '2533032', '徐良原创合集', 'https://p4.music.126.net/fc__RxMAdr_pX2fTubeZLg==/4456320627390033.jpg', 'https://music-1329039788.cos.ap-chengdu.myqcloud.com/songs/%E5%AE%A2%E5%AE%98%E4%B8%8D%E5%8F%AF%E4%BB%A5%20(%E6%BC%94%E5%A5%8F%E7%89%88).mp3', '31563864', NULL, 225000, 3602015, 'mp3', 128000, '[]', NULL, NULL, 0, NULL, NULL, NULL, 0, 0, 0, 0);
INSERT INTO `music_song` VALUES ('0', '0', 'system_sync', '2026-06-12 20:55:24.469822', '', '2026-06-12 20:55:24.469822', NULL, 347, '关灯时候', '[]', '2533032', '徐良原创合集', 'https://p4.music.126.net/fc__RxMAdr_pX2fTubeZLg==/4456320627390033.jpg', 'https://music-1329039788.cos.ap-chengdu.myqcloud.com/songs/%E5%85%B3%E7%81%AF%E6%97%B6%E5%80%99.mp3', '26600755', NULL, 163918, 2623573, 'mp3', 128000, '[]', NULL, NULL, 0, NULL, NULL, NULL, 0, 0, 0, 0);
INSERT INTO `music_song` VALUES ('0', '0', 'system_sync', '2026-06-12 20:55:24.471530', '', '2026-06-12 20:55:24.471530', NULL, 348, '灯关时候', '[]', '2533032', '徐良原创合集', 'https://p4.music.126.net/fc__RxMAdr_pX2fTubeZLg==/4456320627390033.jpg', 'https://music-1329039788.cos.ap-chengdu.myqcloud.com/songs/%E7%81%AF%E5%85%B3%E6%97%B6%E5%80%99.mp3', '26601448', NULL, 163979, 2624827, 'mp3', 128000, '[]', NULL, NULL, 0, NULL, NULL, NULL, 0, 0, 0, 0);
INSERT INTO `music_song` VALUES ('0', '0', 'system_sync', '2026-06-12 20:55:24.473238', '', '2026-06-12 20:55:24.473238', NULL, 349, 'Candy Knife', '[]', '78584295', '东西世界', 'https://p3.music.126.net/bF-B1GTIlowbLLHwo4Tu8w==/109951168750495471.jpg', 'https://music-1329039788.cos.ap-chengdu.myqcloud.com/songs/Candy%20Knife.mp3', '484732935', NULL, 299628, 4795289, 'mp3', 128000, '[]', NULL, NULL, 0, NULL, NULL, NULL, 0, 0, 0, 0);
INSERT INTO `music_song` VALUES ('0', '0', 'system_sync', '2026-06-12 20:55:24.474746', '', '2026-06-12 20:55:24.474746', NULL, 350, '谜语', '[]', '78584295', '东西世界', 'https://p3.music.126.net/bF-B1GTIlowbLLHwo4Tu8w==/109951168750495471.jpg', 'https://music-1329039788.cos.ap-chengdu.myqcloud.com/songs/%E8%B0%9C%E8%AF%AD.mp3', '1359507282', NULL, 217923, 3487913, 'mp3', 128000, '[]', NULL, NULL, 0, NULL, NULL, NULL, 0, 0, 0, 0);
INSERT INTO `music_song` VALUES ('0', '0', 'system_sync', '2026-06-12 20:55:24.476593', '', '2026-06-12 20:55:24.476593', NULL, 351, '恋爱小说', '[]', '2696049', '热门华语155', 'https://p3.music.126.net/cpoUinrExafBHL5Nv5iDHQ==/109951166361218466.jpg', 'https://music-1329039788.cos.ap-chengdu.myqcloud.com/songs/%E6%81%8B%E7%88%B1%E5%B0%8F%E8%AF%B4.mp3', '27927848', NULL, 120790, 1933523, 'mp3', 128000, '[]', NULL, NULL, 0, NULL, NULL, NULL, 0, 0, 0, 0);
INSERT INTO `music_song` VALUES ('0', '0', 'system_sync', '2026-06-12 20:55:24.478214', '', '2026-06-12 20:55:24.478214', NULL, 352, '两个傻瓜', '[]', '2533032', '徐良原创合集', 'https://p4.music.126.net/fc__RxMAdr_pX2fTubeZLg==/4456320627390033.jpg', 'https://music-1329039788.cos.ap-chengdu.myqcloud.com/songs/%E4%B8%A4%E4%B8%AA%E5%82%BB%E7%93%9C.mp3', '26600565', NULL, 183560, 2937879, 'mp3', 128000, '[]', NULL, NULL, 0, NULL, NULL, NULL, 0, 0, 0, 0);
INSERT INTO `music_song` VALUES ('0', '0', 'system_sync', '2026-06-12 20:55:24.479892', '', '2026-06-12 20:55:24.479892', NULL, 353, '红叶狩', '[]', '78584295', '东西世界', 'https://p3.music.126.net/bF-B1GTIlowbLLHwo4Tu8w==/109951168750495471.jpg', 'https://music-1329039788.cos.ap-chengdu.myqcloud.com/songs/%E7%BA%A2%E5%8F%B6%E7%8B%A9.mp3', '484730968', NULL, 238262, 3813085, 'mp3', 128000, '[]', NULL, NULL, 0, NULL, NULL, NULL, 0, 0, 0, 0);
INSERT INTO `music_song` VALUES ('0', '0', 'system_sync', '2026-06-12 20:55:24.481914', '', '2026-06-12 20:55:24.481914', NULL, 354, '凡尘', '[\"电视剧《成化十四年》片尾曲\"]', '164395867', '超级网剧 成化十四年 影视原声带', 'https://p3.music.126.net/OCu-oVOi-HZaObdNX2Symw==/109951168570011515.jpg', 'https://music-1329039788.cos.ap-chengdu.myqcloud.com/songs/%E5%87%A1%E5%B0%98.mp3', '2042362275', NULL, 228320, 3654261, 'mp3', 128000, '[]', NULL, NULL, 0, NULL, NULL, NULL, 0, 0, 0, 0);
INSERT INTO `music_song` VALUES ('0', '0', 'system_sync', '2026-06-12 20:55:24.483696', '', '2026-06-12 20:55:24.483696', NULL, 355, '玩所未玩', '[]', '74151895', '玩所未玩', 'https://p3.music.126.net/MTkhw1whWW0NoQYakDufUQ==/109951163648342530.jpg', 'https://music-1329039788.cos.ap-chengdu.myqcloud.com/songs/%E7%8E%A9%E6%89%80%E6%9C%AA%E7%8E%A9.mp3', '1321392754', NULL, 210432, 3367959, 'mp3', 128000, '[]', NULL, NULL, 0, NULL, NULL, NULL, 0, 0, 0, 0);
INSERT INTO `music_song` VALUES ('0', '0', 'system_sync', '2026-06-12 20:55:24.485341', '', '2026-06-12 20:55:24.485341', NULL, 356, '日出印象', '[]', '2696049', '热门华语155', 'https://p4.music.126.net/cpoUinrExafBHL5Nv5iDHQ==/109951166361218466.jpg', 'https://music-1329039788.cos.ap-chengdu.myqcloud.com/songs/%E6%97%A5%E5%87%BA%E5%8D%B0%E8%B1%A1.mp3', '27927849', NULL, 203389, 3255110, 'mp3', 128000, '[]', NULL, NULL, 0, NULL, NULL, NULL, 0, 0, 0, 0);
INSERT INTO `music_song` VALUES ('0', '0', 'system_sync', '2026-06-12 20:55:24.487180', '', '2026-06-12 20:55:24.487180', NULL, 357, '自由(DJ版)', '[]', '17598', '犯贱', 'https://p3.music.126.net/ImNPIBQmUdqCjdeAs6mr6A==/28587302323242.jpg', 'https://music-1329039788.cos.ap-chengdu.myqcloud.com/songs/%E8%87%AA%E7%94%B1(DJ%E7%89%88).mp3', '174974', NULL, 183693, 2939968, 'mp3', 128000, '[]', NULL, NULL, 0, NULL, NULL, NULL, 0, 0, 0, 0);
INSERT INTO `music_song` VALUES ('0', '0', 'system_sync', '2026-06-12 20:55:24.488700', '', '2026-06-12 20:55:24.488700', NULL, 358, '我们的承诺', '[]', '2696049', '热门华语155', 'https://p3.music.126.net/cpoUinrExafBHL5Nv5iDHQ==/109951166361218466.jpg', 'https://music-1329039788.cos.ap-chengdu.myqcloud.com/songs/%E6%88%91%E4%BB%AC%E7%9A%84%E6%89%BF%E8%AF%BA.mp3', '27927852', NULL, 250984, 4016631, 'mp3', 128000, '[]', NULL, NULL, 0, NULL, NULL, NULL, 0, 0, 0, 0);
INSERT INTO `music_song` VALUES ('0', '0', 'system_sync', '2026-06-12 20:55:24.490126', '', '2026-06-12 20:55:24.490126', NULL, 359, '边境记号', '[]', '78584295', '东西世界', 'https://p4.music.126.net/bF-B1GTIlowbLLHwo4Tu8w==/109951168750495471.jpg', 'https://music-1329039788.cos.ap-chengdu.myqcloud.com/songs/%E8%BE%B9%E5%A2%83%E8%AE%B0%E5%8F%B7.mp3', '1359507286', NULL, 222288, 3557712, 'mp3', 128000, '[]', NULL, NULL, 0, NULL, NULL, NULL, 0, 0, 0, 0);
INSERT INTO `music_song` VALUES ('0', '0', 'system_sync', '2026-06-12 20:55:24.491589', '', '2026-06-12 20:55:24.491589', NULL, 360, '井底之囚', '[]', '78584295', '东西世界', 'https://p4.music.126.net/bF-B1GTIlowbLLHwo4Tu8w==/109951168750495471.jpg', 'https://music-1329039788.cos.ap-chengdu.myqcloud.com/songs/%E4%BA%95%E5%BA%95%E4%B9%8B%E5%9B%9A.mp3', '1359507285', NULL, 196496, 3145186, 'mp3', 128000, '[]', NULL, NULL, 0, NULL, NULL, NULL, 0, 0, 0, 0);
INSERT INTO `music_song` VALUES ('0', '0', 'system_sync', '2026-06-12 20:55:24.493097', '', '2026-06-12 20:55:24.493097', NULL, 361, '小恋曲(DJ版)', '[]', '17598', '犯贱', 'https://p4.music.126.net/ImNPIBQmUdqCjdeAs6mr6A==/28587302323242.jpg', 'https://music-1329039788.cos.ap-chengdu.myqcloud.com/songs/%E5%B0%8F%E6%81%8B%E6%9B%B2(DJ%E7%89%88).mp3', '174973', NULL, 153337, 2454300, 'mp3', 128000, '[]', NULL, NULL, 0, NULL, NULL, NULL, 0, 0, 0, 0);
INSERT INTO `music_song` VALUES ('0', '0', 'system_sync', '2026-06-12 20:55:24.494696', '', '2026-06-12 20:55:24.494696', NULL, 362, '再见慕斯唐', '[]', '2696049', '热门华语155', 'https://p3.music.126.net/cpoUinrExafBHL5Nv5iDHQ==/109951166361218466.jpg', 'https://music-1329039788.cos.ap-chengdu.myqcloud.com/songs/%E5%86%8D%E8%A7%81%E6%85%95%E6%96%AF%E5%94%90.mp3', '27927855', NULL, 210599, 3370466, 'mp3', 128000, '[]', NULL, NULL, 0, NULL, NULL, NULL, 0, 0, 0, 0);
INSERT INTO `music_song` VALUES ('0', '0', 'system_sync', '2026-06-12 20:55:24.496548', '', '2026-06-12 20:55:24.496548', NULL, 363, '伊人曰', '[]', '2696049', '热门华语155', 'https://p3.music.126.net/cpoUinrExafBHL5Nv5iDHQ==/109951166361218466.jpg', 'https://music-1329039788.cos.ap-chengdu.myqcloud.com/songs/%E4%BC%8A%E4%BA%BA%E6%9B%B0.mp3', '557581333', NULL, 150543, 2409578, 'mp3', 128000, '[]', NULL, NULL, 0, NULL, NULL, NULL, 0, 0, 0, 0);
INSERT INTO `music_song` VALUES ('0', '0', 'system_sync', '2026-06-12 20:55:24.498584', '', '2026-06-12 20:55:24.498584', NULL, 364, '红装(remix版)', '[]', '2533032', '徐良原创合集', 'https://p4.music.126.net/fc__RxMAdr_pX2fTubeZLg==/4456320627390033.jpg', 'https://music-1329039788.cos.ap-chengdu.myqcloud.com/songs/%E7%BA%A2%E8%A3%85(remix%E7%89%88).mp3', '26600982', NULL, 137392, 2199345, 'mp3', 128000, '[]', NULL, NULL, 0, NULL, NULL, NULL, 0, 0, 0, 0);
INSERT INTO `music_song` VALUES ('0', '0', 'system_sync', '2026-06-12 20:55:31.424763', '', '2026-06-12 20:55:31.424763', NULL, 365, '关于你的回忆', '[]', '2696049', '热门华语155', 'https://p3.music.126.net/cpoUinrExafBHL5Nv5iDHQ==/109951166361218466.jpg', 'https://music-1329039788.cos.ap-chengdu.myqcloud.com/songs/%E5%85%B3%E4%BA%8E%E4%BD%A0%E7%9A%84%E5%9B%9E%E5%BF%86.mp3', '27927847', NULL, 256235, 4100641, 'mp3', 128000, '[]', NULL, NULL, 0, NULL, NULL, NULL, 0, 0, 0, 0);
INSERT INTO `music_song` VALUES ('0', '0', 'system_sync', '2026-06-12 20:55:31.427362', '', '2026-06-12 20:55:31.427362', NULL, 366, '拉的眼睛', '[]', '78584295', '东西世界', 'https://p3.music.126.net/bF-B1GTIlowbLLHwo4Tu8w==/109951168750495471.jpg', 'https://music-1329039788.cos.ap-chengdu.myqcloud.com/songs/%E6%8B%89%E7%9A%84%E7%9C%BC%E7%9D%9B.mp3', '1359508238', NULL, 218798, 3501706, 'mp3', 128000, '[]', NULL, NULL, 0, NULL, NULL, NULL, 0, 0, 0, 0);
INSERT INTO `music_song` VALUES ('0', '0', 'system_sync', '2026-06-12 20:55:31.429359', '', '2026-06-12 20:55:31.429359', NULL, 367, '冬妮娅', '[]', '78584295', '东西世界', 'https://p4.music.126.net/bF-B1GTIlowbLLHwo4Tu8w==/109951168750495471.jpg', 'https://music-1329039788.cos.ap-chengdu.myqcloud.com/songs/%E5%86%AC%E5%A6%AE%E5%A8%85.mp3', '1359507287', NULL, 196685, 3148112, 'mp3', 128000, '[]', NULL, NULL, 0, NULL, NULL, NULL, 0, 0, 0, 0);
INSERT INTO `music_song` VALUES ('0', '0', 'system_sync', '2026-06-12 20:55:31.431197', '', '2026-06-12 20:55:31.431197', NULL, 368, '把你留住(Live版伴奏)', '[]', '368328265', '2026时间折叠巡回演唱会', 'https://p3.music.126.net/FBJjIJ_vHGhlkNtcDlxJzg==/109951173184214317.jpg', 'https://music-1329039788.cos.ap-chengdu.myqcloud.com/songs/%E6%8A%8A%E4%BD%A0%E7%95%99%E4%BD%8F(Live%E7%89%88%E4%BC%B4%E5%A5%8F).mp3', '3364336201', NULL, 349182, 5588013, 'mp3', 128000, '[]', NULL, NULL, 0, NULL, NULL, NULL, 0, 0, 0, 0);
INSERT INTO `music_song` VALUES ('0', '0', 'system_sync', '2026-06-12 20:55:31.433318', '', '2026-06-12 20:55:31.433318', NULL, 369, '你轻轻遮住我的眼睛（Live版伴奏)', '[]', '368328265', '2026时间折叠巡回演唱会', 'https://p4.music.126.net/FBJjIJ_vHGhlkNtcDlxJzg==/109951173184214317.jpg', 'https://music-1329039788.cos.ap-chengdu.myqcloud.com/songs/%E4%BD%A0%E8%BD%BB%E8%BD%BB%E9%81%AE%E4%BD%8F%E6%88%91%E7%9A%84%E7%9C%BC%E7%9D%9B%EF%BC%88Live%E7%89%88%E4%BC%B4%E5%A5%8F).mp3', '3374219046', NULL, 221162, 3539757, 'mp3', 128000, '[]', NULL, NULL, 0, NULL, NULL, NULL, 0, 0, 0, 0);
INSERT INTO `music_song` VALUES ('0', '0', 'system_sync', '2026-06-12 20:55:31.435236', '', '2026-06-12 20:55:31.435236', NULL, 370, '披荆斩棘 (伴奏)', '[]', '172610594', '披荆斩棘', 'https://p4.music.126.net/Y_UMQz3prrk991HO29PySg==/109951168847568396.jpg', 'https://music-1329039788.cos.ap-chengdu.myqcloud.com/songs/%E6%8A%AB%E8%8D%86%E6%96%A9%E6%A3%98%20(%E4%BC%B4%E5%A5%8F).mp3', '2074101738', NULL, 280110, 4482861, 'mp3', 128000, '[]', NULL, NULL, 0, NULL, NULL, NULL, 0, 0, 0, 0);
INSERT INTO `music_song` VALUES ('0', '0', 'system_sync', '2026-06-12 20:55:31.437583', '', '2026-06-12 20:55:31.437583', NULL, 371, 'Interlude OS', '[]', '34783081', '请在哔声后留言', 'https://p4.music.126.net/KjXQR3P-zuzC0IhZo_PV4Q==/1386484175539505.jpg', 'https://music-1329039788.cos.ap-chengdu.myqcloud.com/songs/Interlude%20OS.mp3', '421148497', NULL, 40466, 648716, 'mp3', 128000, '[]', NULL, NULL, 0, NULL, NULL, NULL, 0, 0, 0, 0);
INSERT INTO `music_song` VALUES ('0', '0', 'system_sync', '2026-06-12 20:55:31.439624', '', '2026-06-12 20:55:31.439624', NULL, 372, '何慕卿 (Live版伴奏)', '[]', '368328265', '2026时间折叠巡回演唱会', 'https://p3.music.126.net/FBJjIJ_vHGhlkNtcDlxJzg==/109951173184214317.jpg', 'https://music-1329039788.cos.ap-chengdu.myqcloud.com/songs/%E4%BD%95%E6%85%95%E5%8D%BF%20(Live%E7%89%88%E4%BC%B4%E5%A5%8F).mp3', '3369671682', NULL, 252000, 4032813, 'mp3', 128000, '[]', NULL, NULL, 0, NULL, NULL, NULL, 0, 0, 0, 0);
INSERT INTO `music_song` VALUES ('0', '0', 'system_sync', '2026-06-12 20:55:31.442338', '', '2026-06-12 20:55:31.442338', NULL, 373, '去往深圳的车票 (Live版伴奏)', '[]', '368328265', '2026时间折叠巡回演唱会', 'https://p3.music.126.net/FBJjIJ_vHGhlkNtcDlxJzg==/109951173184214317.jpg', 'https://music-1329039788.cos.ap-chengdu.myqcloud.com/songs/%E5%8E%BB%E5%BE%80%E6%B7%B1%E5%9C%B3%E7%9A%84%E8%BD%A6%E7%A5%A8%20(Live%E7%89%88%E4%BC%B4%E5%A5%8F).mp3', '3364884514', NULL, 232727, 3724461, 'mp3', 128000, '[]', NULL, NULL, 0, NULL, NULL, NULL, 0, 0, 0, 0);
INSERT INTO `music_song` VALUES ('0', '0', 'system_sync', '2026-06-12 20:55:31.444541', '', '2026-06-12 20:55:31.444541', NULL, 374, '自由(Remix版)', '[]', '2533032', '徐良原创合集', 'https://p3.music.126.net/fc__RxMAdr_pX2fTubeZLg==/4456320627390033.jpg', 'https://music-1329039788.cos.ap-chengdu.myqcloud.com/songs/%E8%87%AA%E7%94%B1(Remix%E7%89%88).mp3', '1351216894', NULL, 183693, 2939968, 'mp3', 128000, '[]', NULL, NULL, 0, NULL, NULL, NULL, 0, 0, 0, 0);
INSERT INTO `music_song` VALUES ('0', '0', 'system_sync', '2026-06-12 20:55:31.446401', '', '2026-06-12 20:55:31.446401', NULL, 375, '永恒之河 (口白)', '[]', '78584295', '东西世界', 'https://p3.music.126.net/bF-B1GTIlowbLLHwo4Tu8w==/109951168750495471.jpg', 'https://music-1329039788.cos.ap-chengdu.myqcloud.com/songs/%E6%B0%B8%E6%81%92%E4%B9%8B%E6%B2%B3%20(%E5%8F%A3%E7%99%BD).mp3', '1359508239', NULL, 288702, 4620164, 'mp3', 128000, '[]', NULL, NULL, 0, NULL, NULL, NULL, 0, 0, 0, 0);
INSERT INTO `music_song` VALUES ('0', '0', 'system_sync', '2026-06-12 20:55:31.448409', '', '2026-06-12 20:55:31.448409', NULL, 376, '靠近(Remix版)', '[]', '2533032', '徐良原创合集', 'https://p4.music.126.net/fc__RxMAdr_pX2fTubeZLg==/4456320627390033.jpg', 'https://music-1329039788.cos.ap-chengdu.myqcloud.com/songs/%E9%9D%A0%E8%BF%91(Remix%E7%89%88).mp3', '1351219490', NULL, 121494, 1944808, 'mp3', 128000, '[]', NULL, NULL, 0, NULL, NULL, NULL, 0, 0, 0, 0);
INSERT INTO `music_song` VALUES ('0', '0', 'system_sync', '2026-06-12 20:55:31.450253', '', '2026-06-12 20:55:31.450253', NULL, 377, '小恋曲 (Remix版)', '[]', '2533032', '徐良原创合集', 'https://p3.music.126.net/fc__RxMAdr_pX2fTubeZLg==/4456320627390033.jpg', 'https://music-1329039788.cos.ap-chengdu.myqcloud.com/songs/%E5%B0%8F%E6%81%8B%E6%9B%B2%20(Remix%E7%89%88).mp3', '1351219480', NULL, 153337, 2454300, 'mp3', 128000, '[]', NULL, NULL, 0, NULL, NULL, NULL, 0, 0, 0, 0);
INSERT INTO `music_song` VALUES ('0', '0', 'system_sync', '2026-06-12 20:55:31.454775', '', '2026-06-12 20:55:31.454775', NULL, 378, '胸前(Remix版)', '[]', '2533032', '徐良原创合集', 'https://p3.music.126.net/fc__RxMAdr_pX2fTubeZLg==/4456320627390033.jpg', 'https://music-1329039788.cos.ap-chengdu.myqcloud.com/songs/%E8%83%B8%E5%89%8D(Remix%E7%89%88).mp3', '1351219465', NULL, 150908, 2415430, 'mp3', 128000, '[]', NULL, NULL, 0, NULL, NULL, NULL, 0, 0, 0, 0);
INSERT INTO `music_song` VALUES ('0', '0', 'system_sync', '2026-06-12 20:55:31.458330', '', '2026-06-12 20:55:31.458330', NULL, 379, '以爱为名', '[]', '2693105', '热门华语112', 'https://p4.music.126.net/cpoUinrExafBHL5Nv5iDHQ==/109951166361218466.jpg', 'https://music-1329039788.cos.ap-chengdu.myqcloud.com/songs/%E4%BB%A5%E7%88%B1%E4%B8%BA%E5%90%8D.mp3', '29744151', NULL, 271000, 4352718, 'mp3', 128000, '[]', NULL, NULL, 0, NULL, NULL, NULL, 0, 0, 0, 0);
INSERT INTO `music_song` VALUES ('0', '0', 'system_sync', '2026-06-12 20:55:31.459998', '', '2026-06-12 20:55:31.459998', NULL, 380, '梦(Remix版)', '[]', '2533032', '徐良原创合集', 'https://p4.music.126.net/fc__RxMAdr_pX2fTubeZLg==/4456320627390033.jpg', 'https://music-1329039788.cos.ap-chengdu.myqcloud.com/songs/%E6%A2%A6(Remix%E7%89%88).mp3', '1351216923', NULL, 211355, 3382587, 'mp3', 128000, '[]', NULL, NULL, 0, NULL, NULL, NULL, 0, 0, 0, 0);
INSERT INTO `music_song` VALUES ('0', '0', 'system_sync', '2026-06-12 20:55:31.461589', '', '2026-06-12 20:55:31.461589', NULL, 381, '灯关时候(Remix版)', '[]', '2533032', '徐良原创合集', 'https://p4.music.126.net/fc__RxMAdr_pX2fTubeZLg==/4456320627390033.jpg', 'https://music-1329039788.cos.ap-chengdu.myqcloud.com/songs/%E7%81%AF%E5%85%B3%E6%97%B6%E5%80%99(Remix%E7%89%88).mp3', '1351219509', NULL, 122016, 1953167, 'mp3', 128000, '[]', NULL, NULL, 0, NULL, NULL, NULL, 0, 0, 0, 0);
INSERT INTO `music_song` VALUES ('0', '0', 'system_sync', '2026-06-12 20:55:31.463043', '', '2026-06-12 20:55:31.463043', NULL, 382, '见字如面 (伴奏)', '[]', '175255161', '见字如面', 'https://p4.music.126.net/MAkjN-rUqXyuf5t5mJ-tSA==/109951168930652373.jpg', 'https://music-1329039788.cos.ap-chengdu.myqcloud.com/songs/%E8%A7%81%E5%AD%97%E5%A6%82%E9%9D%A2%20(%E4%BC%B4%E5%A5%8F).mp3', '2084053401', NULL, 246505, 3945261, 'mp3', 128000, '[]', NULL, NULL, 0, NULL, NULL, NULL, 0, 0, 0, 0);
INSERT INTO `music_song` VALUES ('0', '0', 'system_sync', '2026-06-12 20:55:38.373695', '', '2026-06-12 20:55:38.373695', NULL, 383, '你不是我(Remix版)', '[]', '2533032', '徐良原创合集', 'https://p4.music.126.net/fc__RxMAdr_pX2fTubeZLg==/4456320627390033.jpg', 'https://music-1329039788.cos.ap-chengdu.myqcloud.com/songs/%E4%BD%A0%E4%B8%8D%E6%98%AF%E6%88%91(Remix%E7%89%88).mp3', '1351219483', NULL, 126092, 2018368, 'mp3', 128000, '[]', NULL, NULL, 0, NULL, NULL, NULL, 0, 0, 0, 0);
INSERT INTO `music_song` VALUES ('0', '0', 'system_sync', '2026-06-12 20:55:38.375753', '', '2026-06-12 20:55:38.375753', NULL, 384, '树屋', '[]', '2696049', '热门华语155', 'https://p4.music.126.net/cpoUinrExafBHL5Nv5iDHQ==/109951166361218466.jpg', 'https://music-1329039788.cos.ap-chengdu.myqcloud.com/songs/%E6%A0%91%E5%B1%8B.mp3', '27927850', NULL, 222453, 3560220, 'mp3', 128000, '[]', NULL, NULL, 0, NULL, NULL, NULL, 0, 0, 0, 0);
INSERT INTO `music_song` VALUES ('0', '0', 'system_sync', '2026-06-12 20:55:38.377506', '', '2026-06-12 20:55:38.377506', NULL, 385, '何慕卿（伴奏）', '[]', '251851577', '何慕卿', 'https://p4.music.126.net/fKHMCHorYUaed0hf2fKt1g==/109951170073894248.jpg', 'https://music-1329039788.cos.ap-chengdu.myqcloud.com/songs/%E4%BD%95%E6%85%95%E5%8D%BF%EF%BC%88%E4%BC%B4%E5%A5%8F%EF%BC%89.mp3', '2639970410', NULL, 219000, 3504813, 'mp3', 128000, '[]', NULL, NULL, 0, NULL, NULL, NULL, 0, 0, 0, 0);
INSERT INTO `music_song` VALUES ('0', '0', 'system_sync', '2026-06-12 20:55:38.379142', '', '2026-06-12 20:55:38.379142', NULL, 386, '卜芥', '[]', '2692213', '热门华语54', 'https://p4.music.126.net/cpoUinrExafBHL5Nv5iDHQ==/109951166361218466.jpg', 'https://music-1329039788.cos.ap-chengdu.myqcloud.com/songs/%E5%8D%9C%E8%8A%A5.mp3', '27902865', NULL, 253177, 4051740, 'mp3', 128000, '[]', NULL, NULL, 0, NULL, NULL, NULL, 0, 0, 0, 0);
INSERT INTO `music_song` VALUES ('0', '0', 'system_sync', '2026-06-12 20:55:38.380989', '', '2026-06-12 20:55:38.380989', NULL, 387, '盗御马 (伴奏)', '[]', '78544747', '盗御马', 'https://p4.music.126.net/QoS4D0FHc_K4WS6U7GMhqw==/109951164007363593.jpg', 'https://music-1329039788.cos.ap-chengdu.myqcloud.com/songs/%E7%9B%97%E5%BE%A1%E9%A9%AC%20(%E4%BC%B4%E5%A5%8F).mp3', '1359264877', NULL, 225767, 3613101, 'mp3', 128000, '[]', NULL, NULL, 0, NULL, NULL, NULL, 0, 0, 0, 0);
INSERT INTO `music_song` VALUES ('0', '0', 'system_sync', '2026-06-12 20:55:38.382894', '', '2026-06-12 20:55:38.382894', NULL, 388, '花魁 (伴奏)', '[]', '73470775', '考虑到可能再也见不到你', 'https://p4.music.126.net/CKumVHRBsIFExQoK1Y77aQ==/109951163569789624.jpg', 'https://music-1329039788.cos.ap-chengdu.myqcloud.com/songs/%E8%8A%B1%E9%AD%81%20(%E4%BC%B4%E5%A5%8F).mp3', '1321382508', NULL, 233005, 3729069, 'mp3', 128000, '[]', NULL, NULL, 0, NULL, NULL, NULL, 0, 0, 0, 0);
INSERT INTO `music_song` VALUES ('0', '0', 'system_sync', '2026-06-12 20:55:38.385395', '', '2026-06-12 20:55:38.385395', NULL, 389, '停在昨天', '[]', '2693055', '热门华语93', 'https://p4.music.126.net/cpoUinrExafBHL5Nv5iDHQ==/109951166361218466.jpg', 'https://music-1329039788.cos.ap-chengdu.myqcloud.com/songs/%E5%81%9C%E5%9C%A8%E6%98%A8%E5%A4%A9.mp3', '27906852', NULL, 226638, 3626675, 'mp3', 128000, '[]', NULL, NULL, 0, NULL, NULL, NULL, 0, 0, 0, 0);

-- ----------------------------
-- Table structure for sys_config
-- ----------------------------
DROP TABLE IF EXISTS `sys_config`;
CREATE TABLE `sys_config`  (
  `config_id` int NOT NULL AUTO_INCREMENT COMMENT '参数主键',
  `config_name` varchar(100) CHARACTER SET utf8mb4 COLLATE utf8mb4_0900_ai_ci NOT NULL DEFAULT '' COMMENT '参数名称',
  `config_key` varchar(100) CHARACTER SET utf8mb4 COLLATE utf8mb4_0900_ai_ci NOT NULL DEFAULT '' COMMENT '参数键名',
  `config_value` varchar(500) CHARACTER SET utf8mb4 COLLATE utf8mb4_0900_ai_ci NOT NULL DEFAULT '' COMMENT '参数键值',
  `config_type` char(1) CHARACTER SET utf8mb4 COLLATE utf8mb4_0900_ai_ci NOT NULL DEFAULT 'N' COMMENT '系统内置',
  `create_by` varchar(64) CHARACTER SET utf8mb4 COLLATE utf8mb4_0900_ai_ci NOT NULL DEFAULT '' COMMENT '创建者',
  `create_time` datetime(6) NULL DEFAULT CURRENT_TIMESTAMP(6) COMMENT '创建时间',
  `update_by` varchar(64) CHARACTER SET utf8mb4 COLLATE utf8mb4_0900_ai_ci NOT NULL DEFAULT '' COMMENT '更新者',
  `update_time` datetime(6) NULL DEFAULT CURRENT_TIMESTAMP(6) ON UPDATE CURRENT_TIMESTAMP(6) COMMENT '更新时间',
  `remark` varchar(500) CHARACTER SET utf8mb4 COLLATE utf8mb4_0900_ai_ci NULL DEFAULT NULL COMMENT '备注',
  `status` char(1) CHARACTER SET utf8mb4 COLLATE utf8mb4_0900_ai_ci NOT NULL DEFAULT '0' COMMENT '状态',
  `del_flag` char(1) CHARACTER SET utf8mb4 COLLATE utf8mb4_0900_ai_ci NOT NULL DEFAULT '0' COMMENT '删除标志',
  PRIMARY KEY (`config_id`) USING BTREE
) ENGINE = InnoDB AUTO_INCREMENT = 100 CHARACTER SET = utf8mb4 COLLATE = utf8mb4_0900_ai_ci COMMENT = '参数配置表' ROW_FORMAT = Dynamic;

-- ----------------------------
-- Records of sys_config
-- ----------------------------
INSERT INTO `sys_config` VALUES (1, '主框架页-默认皮肤样式名称', 'sys.index.skinName', 'skin-blue', 'Y', 'admin', '2025-02-28 16:52:10.000000', '', NULL, '蓝色 skin-blue、绿色 skin-green、紫色 skin-purple、红色 skin-red、黄色 skin-yellow', '0', '0');
INSERT INTO `sys_config` VALUES (2, '用户管理-账号初始密码', 'sys.user.initPassword', '123456', 'Y', 'admin', '2025-02-28 16:52:10.000000', '', NULL, '初始化密码 123456', '0', '0');
INSERT INTO `sys_config` VALUES (3, '主框架页-侧边栏主题', 'sys.index.sideTheme', 'theme-dark', 'Y', 'admin', '2025-02-28 16:52:10.000000', '', NULL, '深色主题theme-dark，浅色主题theme-light', '0', '0');
INSERT INTO `sys_config` VALUES (4, '账号自助-验证码开关', 'sys.account.captchaEnabled', 'false', 'Y', 'admin', '2025-02-28 16:52:10.000000', '', '2026-06-14 22:23:41.000000', '是否开启验证码功能（true开启，false关闭）', '0', '0');
INSERT INTO `sys_config` VALUES (5, '账号自助-是否开启用户注册功能', 'sys.account.registerUser', 'false', 'Y', 'admin', '2025-02-28 16:52:10.000000', '', NULL, '是否开启注册用户功能（true开启，false关闭）', '0', '0');
INSERT INTO `sys_config` VALUES (6, '用户登录-黑名单列表', 'sys.login.blackIPList', '', 'Y', 'admin', '2025-02-28 16:52:10.000000', '', NULL, '设置登录IP黑名单限制，多个匹配项以;分隔，支持匹配（*通配、网段）', '0', '0');

-- ----------------------------
-- Table structure for sys_dept
-- ----------------------------
DROP TABLE IF EXISTS `sys_dept`;
CREATE TABLE `sys_dept`  (
  `dept_id` int NOT NULL AUTO_INCREMENT COMMENT '部门ID',
  `parent_id` int NOT NULL DEFAULT 0 COMMENT '父部门ID',
  `ancestors` varchar(50) CHARACTER SET utf8mb4 COLLATE utf8mb4_0900_ai_ci NOT NULL DEFAULT '0' COMMENT '祖级列表',
  `dept_name` varchar(30) CHARACTER SET utf8mb4 COLLATE utf8mb4_0900_ai_ci NOT NULL COMMENT '部门名称',
  `order_num` int NOT NULL DEFAULT 0 COMMENT '显示顺序',
  `leader` varchar(20) CHARACTER SET utf8mb4 COLLATE utf8mb4_0900_ai_ci NOT NULL COMMENT '负责人',
  `phone` varchar(11) CHARACTER SET utf8mb4 COLLATE utf8mb4_0900_ai_ci NOT NULL DEFAULT '' COMMENT '联系电话',
  `email` varchar(50) CHARACTER SET utf8mb4 COLLATE utf8mb4_0900_ai_ci NOT NULL DEFAULT '' COMMENT '邮箱',
  `status` char(1) CHARACTER SET utf8mb4 COLLATE utf8mb4_0900_ai_ci NOT NULL DEFAULT '0' COMMENT '状态',
  `del_flag` char(1) CHARACTER SET utf8mb4 COLLATE utf8mb4_0900_ai_ci NOT NULL DEFAULT '0' COMMENT '删除标志',
  `create_by` varchar(64) CHARACTER SET utf8mb4 COLLATE utf8mb4_0900_ai_ci NOT NULL DEFAULT '' COMMENT '创建者',
  `create_time` datetime(6) NULL DEFAULT CURRENT_TIMESTAMP(6) COMMENT '创建时间',
  `update_by` varchar(64) CHARACTER SET utf8mb4 COLLATE utf8mb4_0900_ai_ci NOT NULL DEFAULT '' COMMENT '更新者',
  `update_time` datetime(6) NULL DEFAULT CURRENT_TIMESTAMP(6) ON UPDATE CURRENT_TIMESTAMP(6) COMMENT '更新时间',
  `remark` varchar(500) CHARACTER SET utf8mb4 COLLATE utf8mb4_0900_ai_ci NULL DEFAULT NULL COMMENT '备注',
  PRIMARY KEY (`dept_id`) USING BTREE
) ENGINE = InnoDB AUTO_INCREMENT = 200 CHARACTER SET = utf8mb4 COLLATE = utf8mb4_0900_ai_ci COMMENT = '部门表' ROW_FORMAT = Dynamic;

-- ----------------------------
-- Records of sys_dept
-- ----------------------------
INSERT INTO `sys_dept` VALUES (100, 0, '0', 'nest-admin科技', 0, 'nest-admin', '15888888888', 'ry@qq.com', '0', '0', 'admin', '2025-02-28 16:52:10.000000', '', NULL, NULL);
INSERT INTO `sys_dept` VALUES (101, 100, '0,100', '深圳总公司', 1, 'nest-admin', '15888888888', 'ry@qq.com', '0', '0', 'admin', '2025-02-28 16:52:10.000000', '', NULL, NULL);
INSERT INTO `sys_dept` VALUES (102, 100, '0,100', '长沙分公司', 2, 'nest-admin', '15888888888', 'ry@qq.com', '0', '0', 'admin', '2025-02-28 16:52:10.000000', '', NULL, NULL);
INSERT INTO `sys_dept` VALUES (103, 101, '0,100,101', '研发部门', 1, 'nest-admin', '15888888888', 'ry@qq.com', '0', '0', 'admin', '2025-02-28 16:52:10.000000', '', NULL, NULL);
INSERT INTO `sys_dept` VALUES (104, 101, '0,100,101', '市场部门', 2, 'nest-admin', '15888888888', 'ry@qq.com', '0', '0', 'admin', '2025-02-28 16:52:10.000000', '', NULL, NULL);
INSERT INTO `sys_dept` VALUES (105, 101, '0,100,101', '测试部门', 3, 'nest-admin', '15888888888', 'ry@qq.com', '0', '0', 'admin', '2025-02-28 16:52:10.000000', '', NULL, NULL);
INSERT INTO `sys_dept` VALUES (106, 101, '0,100,101', '财务部门', 4, 'nest-admin', '15888888888', 'ry@qq.com', '0', '0', 'admin', '2025-02-28 16:52:10.000000', '', NULL, NULL);
INSERT INTO `sys_dept` VALUES (107, 101, '0,100,101', '运维部门', 5, 'nest-admin', '15888888888', 'ry@qq.com', '0', '0', 'admin', '2025-02-28 16:52:10.000000', '', NULL, NULL);
INSERT INTO `sys_dept` VALUES (108, 102, '0,100,102', '市场部门', 1, 'nest-admin', '15888888888', 'ry@qq.com', '0', '0', 'admin', '2025-02-28 16:52:10.000000', '', NULL, NULL);
INSERT INTO `sys_dept` VALUES (109, 102, '0,100,102', '财务部门', 2, 'nest-admin', '15888888888', 'ry@qq.com', '0', '0', 'admin', '2025-02-28 16:52:10.000000', '', NULL, NULL);

-- ----------------------------
-- Table structure for sys_dict_data
-- ----------------------------
DROP TABLE IF EXISTS `sys_dict_data`;
CREATE TABLE `sys_dict_data`  (
  `dict_code` int NOT NULL AUTO_INCREMENT COMMENT '字典主键',
  `dict_sort` int NOT NULL DEFAULT 0 COMMENT '字典排序',
  `dict_label` varchar(100) CHARACTER SET utf8mb4 COLLATE utf8mb4_0900_ai_ci NOT NULL COMMENT '字典标签',
  `dict_value` varchar(100) CHARACTER SET utf8mb4 COLLATE utf8mb4_0900_ai_ci NOT NULL COMMENT '字典键值',
  `dict_type` varchar(100) CHARACTER SET utf8mb4 COLLATE utf8mb4_0900_ai_ci NOT NULL COMMENT '字典类型',
  `css_class` varchar(100) CHARACTER SET utf8mb4 COLLATE utf8mb4_0900_ai_ci NOT NULL DEFAULT '' COMMENT '样式属性',
  `list_class` varchar(100) CHARACTER SET utf8mb4 COLLATE utf8mb4_0900_ai_ci NOT NULL COMMENT '表格回显样式',
  `is_default` char(1) CHARACTER SET utf8mb4 COLLATE utf8mb4_0900_ai_ci NOT NULL DEFAULT 'N' COMMENT '是否默认',
  `status` char(1) CHARACTER SET utf8mb4 COLLATE utf8mb4_0900_ai_ci NOT NULL DEFAULT '0' COMMENT '状态',
  `create_by` varchar(64) CHARACTER SET utf8mb4 COLLATE utf8mb4_0900_ai_ci NOT NULL DEFAULT '' COMMENT '创建者',
  `create_time` datetime(6) NULL DEFAULT CURRENT_TIMESTAMP(6) COMMENT '创建时间',
  `update_by` varchar(64) CHARACTER SET utf8mb4 COLLATE utf8mb4_0900_ai_ci NOT NULL DEFAULT '' COMMENT '更新者',
  `update_time` datetime(6) NULL DEFAULT CURRENT_TIMESTAMP(6) ON UPDATE CURRENT_TIMESTAMP(6) COMMENT '更新时间',
  `remark` varchar(500) CHARACTER SET utf8mb4 COLLATE utf8mb4_0900_ai_ci NULL DEFAULT NULL COMMENT '备注',
  `del_flag` char(1) CHARACTER SET utf8mb4 COLLATE utf8mb4_0900_ai_ci NOT NULL DEFAULT '0' COMMENT '删除标志',
  PRIMARY KEY (`dict_code`) USING BTREE
) ENGINE = InnoDB AUTO_INCREMENT = 100 CHARACTER SET = utf8mb4 COLLATE = utf8mb4_0900_ai_ci COMMENT = '字典数据表' ROW_FORMAT = Dynamic;

-- ----------------------------
-- Records of sys_dict_data
-- ----------------------------
INSERT INTO `sys_dict_data` VALUES (1, 1, '男', '0', 'sys_user_sex', '', '', 'Y', '0', 'admin', '2025-02-28 16:52:10.000000', '', NULL, '性别男', '0');
INSERT INTO `sys_dict_data` VALUES (2, 2, '女', '1', 'sys_user_sex', '', '', 'N', '0', 'admin', '2025-02-28 16:52:10.000000', '', NULL, '性别女', '0');
INSERT INTO `sys_dict_data` VALUES (3, 3, '未知', '2', 'sys_user_sex', '', '', 'N', '0', 'admin', '2025-02-28 16:52:10.000000', '', NULL, '性别未知', '0');
INSERT INTO `sys_dict_data` VALUES (4, 1, '显示', '0', 'sys_show_hide', '', 'primary', 'Y', '0', 'admin', '2025-02-28 16:52:10.000000', '', NULL, '显示菜单', '0');
INSERT INTO `sys_dict_data` VALUES (5, 2, '隐藏', '1', 'sys_show_hide', '', 'danger', 'N', '0', 'admin', '2025-02-28 16:52:10.000000', '', NULL, '隐藏菜单', '0');
INSERT INTO `sys_dict_data` VALUES (6, 1, '正常', '0', 'sys_normal_disable', '', 'primary', 'Y', '0', 'admin', '2025-02-28 16:52:10.000000', '', NULL, '正常状态', '0');
INSERT INTO `sys_dict_data` VALUES (7, 2, '停用', '1', 'sys_normal_disable', '', 'danger', 'N', '0', 'admin', '2025-02-28 16:52:10.000000', '', NULL, '停用状态', '0');
INSERT INTO `sys_dict_data` VALUES (8, 1, '正常', '0', 'sys_job_status', '', 'primary', 'Y', '0', 'admin', '2025-02-28 16:52:10.000000', '', NULL, '正常状态', '0');
INSERT INTO `sys_dict_data` VALUES (9, 2, '暂停', '1', 'sys_job_status', '', 'danger', 'N', '0', 'admin', '2025-02-28 16:52:10.000000', '', NULL, '停用状态', '0');
INSERT INTO `sys_dict_data` VALUES (10, 1, '默认', 'DEFAULT', 'sys_job_group', '', '', 'Y', '0', 'admin', '2025-02-28 16:52:10.000000', '', NULL, '默认分组', '0');
INSERT INTO `sys_dict_data` VALUES (11, 2, '系统', 'SYSTEM', 'sys_job_group', '', '', 'N', '0', 'admin', '2025-02-28 16:52:10.000000', '', NULL, '系统分组', '0');
INSERT INTO `sys_dict_data` VALUES (12, 1, '是', 'Y', 'sys_yes_no', '', 'primary', 'Y', '0', 'admin', '2025-02-28 16:52:10.000000', '', NULL, '系统默认是', '0');
INSERT INTO `sys_dict_data` VALUES (13, 2, '否', 'N', 'sys_yes_no', '', 'danger', 'N', '0', 'admin', '2025-02-28 16:52:10.000000', '', NULL, '系统默认否', '0');
INSERT INTO `sys_dict_data` VALUES (14, 1, '通知', '1', 'sys_notice_type', '', 'warning', 'Y', '0', 'admin', '2025-02-28 16:52:10.000000', '', NULL, '通知', '0');
INSERT INTO `sys_dict_data` VALUES (15, 2, '公告', '2', 'sys_notice_type', '', 'success', 'N', '0', 'admin', '2025-02-28 16:52:10.000000', '', NULL, '公告', '0');
INSERT INTO `sys_dict_data` VALUES (16, 1, '正常', '0', 'sys_notice_status', '', 'primary', 'Y', '0', 'admin', '2025-02-28 16:52:10.000000', '', NULL, '正常状态', '0');
INSERT INTO `sys_dict_data` VALUES (17, 2, '关闭', '1', 'sys_notice_status', '', 'danger', 'N', '0', 'admin', '2025-02-28 16:52:10.000000', '', NULL, '关闭状态', '0');
INSERT INTO `sys_dict_data` VALUES (18, 99, '其他', '0', 'sys_oper_type', '', 'info', 'N', '0', 'admin', '2025-02-28 16:52:10.000000', '', NULL, '其他操作', '0');
INSERT INTO `sys_dict_data` VALUES (19, 1, '新增', '1', 'sys_oper_type', '', 'info', 'N', '0', 'admin', '2025-02-28 16:52:10.000000', '', NULL, '新增操作', '0');
INSERT INTO `sys_dict_data` VALUES (20, 2, '修改', '2', 'sys_oper_type', '', 'info', 'N', '0', 'admin', '2025-02-28 16:52:10.000000', '', NULL, '修改操作', '0');
INSERT INTO `sys_dict_data` VALUES (21, 3, '删除', '3', 'sys_oper_type', '', 'danger', 'N', '0', 'admin', '2025-02-28 16:52:10.000000', '', NULL, '删除操作', '0');
INSERT INTO `sys_dict_data` VALUES (22, 4, '授权', '4', 'sys_oper_type', '', 'primary', 'N', '0', 'admin', '2025-02-28 16:52:10.000000', '', NULL, '授权操作', '0');
INSERT INTO `sys_dict_data` VALUES (23, 5, '导出', '5', 'sys_oper_type', '', 'warning', 'N', '0', 'admin', '2025-02-28 16:52:10.000000', '', NULL, '导出操作', '0');
INSERT INTO `sys_dict_data` VALUES (24, 6, '导入', '6', 'sys_oper_type', '', 'warning', 'N', '0', 'admin', '2025-02-28 16:52:10.000000', '', NULL, '导入操作', '0');
INSERT INTO `sys_dict_data` VALUES (25, 7, '强退', '7', 'sys_oper_type', '', 'danger', 'N', '0', 'admin', '2025-02-28 16:52:10.000000', '', NULL, '强退操作', '0');
INSERT INTO `sys_dict_data` VALUES (26, 8, '生成代码', '8', 'sys_oper_type', '', 'warning', 'N', '0', 'admin', '2025-02-28 16:52:10.000000', '', NULL, '生成操作', '0');
INSERT INTO `sys_dict_data` VALUES (27, 9, '清空数据', '9', 'sys_oper_type', '', 'danger', 'N', '0', 'admin', '2025-02-28 16:52:10.000000', '', NULL, '清空操作', '0');
INSERT INTO `sys_dict_data` VALUES (28, 1, '成功', '0', 'sys_common_status', '', 'primary', 'N', '0', 'admin', '2025-02-28 16:52:10.000000', '', NULL, '正常状态', '0');
INSERT INTO `sys_dict_data` VALUES (29, 2, '失败', '1', 'sys_common_status', '', 'danger', 'N', '0', 'admin', '2025-02-28 16:52:10.000000', '', NULL, '停用状态', '0');

-- ----------------------------
-- Table structure for sys_dict_type
-- ----------------------------
DROP TABLE IF EXISTS `sys_dict_type`;
CREATE TABLE `sys_dict_type`  (
  `dict_id` int NOT NULL AUTO_INCREMENT COMMENT '字典主键',
  `dict_name` varchar(100) CHARACTER SET utf8mb4 COLLATE utf8mb4_0900_ai_ci NOT NULL COMMENT '字典名称',
  `dict_type` varchar(100) CHARACTER SET utf8mb4 COLLATE utf8mb4_0900_ai_ci NOT NULL COMMENT '字典类型',
  `status` char(1) CHARACTER SET utf8mb4 COLLATE utf8mb4_0900_ai_ci NOT NULL DEFAULT '0' COMMENT '状态',
  `create_by` varchar(64) CHARACTER SET utf8mb4 COLLATE utf8mb4_0900_ai_ci NOT NULL DEFAULT '' COMMENT '创建者',
  `create_time` datetime(6) NULL DEFAULT CURRENT_TIMESTAMP(6) COMMENT '创建时间',
  `update_by` varchar(64) CHARACTER SET utf8mb4 COLLATE utf8mb4_0900_ai_ci NOT NULL DEFAULT '' COMMENT '更新者',
  `update_time` datetime(6) NULL DEFAULT CURRENT_TIMESTAMP(6) ON UPDATE CURRENT_TIMESTAMP(6) COMMENT '更新时间',
  `remark` varchar(500) CHARACTER SET utf8mb4 COLLATE utf8mb4_0900_ai_ci NULL DEFAULT NULL COMMENT '备注',
  `del_flag` char(1) CHARACTER SET utf8mb4 COLLATE utf8mb4_0900_ai_ci NOT NULL DEFAULT '0' COMMENT '删除标志',
  PRIMARY KEY (`dict_id`) USING BTREE,
  UNIQUE INDEX `IDX_f4e4273658733a3bbe6a2479bf`(`dict_type` ASC) USING BTREE
) ENGINE = InnoDB AUTO_INCREMENT = 100 CHARACTER SET = utf8mb4 COLLATE = utf8mb4_0900_ai_ci COMMENT = '字典类型表' ROW_FORMAT = Dynamic;

-- ----------------------------
-- Records of sys_dict_type
-- ----------------------------
INSERT INTO `sys_dict_type` VALUES (1, '用户性别', 'sys_user_sex', '0', 'admin', '2025-02-28 16:52:10.000000', '', NULL, '用户性别列表', '0');
INSERT INTO `sys_dict_type` VALUES (2, '菜单状态', 'sys_show_hide', '0', 'admin', '2025-02-28 16:52:10.000000', '', NULL, '菜单状态列表', '0');
INSERT INTO `sys_dict_type` VALUES (3, '系统开关', 'sys_normal_disable', '0', 'admin', '2025-02-28 16:52:10.000000', '', NULL, '系统开关列表', '0');
INSERT INTO `sys_dict_type` VALUES (4, '任务状态', 'sys_job_status', '0', 'admin', '2025-02-28 16:52:10.000000', '', NULL, '任务状态列表', '0');
INSERT INTO `sys_dict_type` VALUES (5, '任务分组', 'sys_job_group', '0', 'admin', '2025-02-28 16:52:10.000000', '', NULL, '任务分组列表', '0');
INSERT INTO `sys_dict_type` VALUES (6, '系统是否', 'sys_yes_no', '0', 'admin', '2025-02-28 16:52:10.000000', '', NULL, '系统是否列表', '0');
INSERT INTO `sys_dict_type` VALUES (7, '通知类型', 'sys_notice_type', '0', 'admin', '2025-02-28 16:52:10.000000', '', NULL, '通知类型列表', '0');
INSERT INTO `sys_dict_type` VALUES (8, '通知状态', 'sys_notice_status', '0', 'admin', '2025-02-28 16:52:10.000000', '', NULL, '通知状态列表', '0');
INSERT INTO `sys_dict_type` VALUES (9, '操作类型', 'sys_oper_type', '0', 'admin', '2025-02-28 16:52:10.000000', '', NULL, '操作类型列表', '0');
INSERT INTO `sys_dict_type` VALUES (10, '系统状态', 'sys_common_status', '0', 'admin', '2025-02-28 16:52:10.000000', '', NULL, '登录状态列表', '0');

-- ----------------------------
-- Table structure for sys_job
-- ----------------------------
DROP TABLE IF EXISTS `sys_job`;
CREATE TABLE `sys_job`  (
  `job_id` int NOT NULL AUTO_INCREMENT COMMENT '任务ID',
  `job_name` varchar(64) CHARACTER SET utf8mb4 COLLATE utf8mb4_0900_ai_ci NOT NULL COMMENT '任务名称',
  `job_group` varchar(64) CHARACTER SET utf8mb4 COLLATE utf8mb4_0900_ai_ci NOT NULL DEFAULT 'DEFAULT' COMMENT '任务组名',
  `invoke_target` varchar(500) CHARACTER SET utf8mb4 COLLATE utf8mb4_0900_ai_ci NOT NULL COMMENT '调用目标字符串',
  `cron_expression` varchar(255) CHARACTER SET utf8mb4 COLLATE utf8mb4_0900_ai_ci NULL DEFAULT NULL COMMENT 'cron执行表达式',
  `misfire_policy` varchar(20) CHARACTER SET utf8mb4 COLLATE utf8mb4_0900_ai_ci NULL DEFAULT '3' COMMENT '计划执行错误策略（1立即执行 2执行一次 3放弃执行）',
  `concurrent` char(1) CHARACTER SET utf8mb4 COLLATE utf8mb4_0900_ai_ci NULL DEFAULT '1' COMMENT '是否并发执行（0允许 1禁止）',
  `status` char(1) CHARACTER SET utf8mb4 COLLATE utf8mb4_0900_ai_ci NOT NULL DEFAULT '0' COMMENT '状态',
  `create_by` varchar(64) CHARACTER SET utf8mb4 COLLATE utf8mb4_0900_ai_ci NOT NULL DEFAULT '' COMMENT '创建者',
  `create_time` datetime(6) NULL DEFAULT CURRENT_TIMESTAMP(6) COMMENT '创建时间',
  `update_by` varchar(64) CHARACTER SET utf8mb4 COLLATE utf8mb4_0900_ai_ci NOT NULL DEFAULT '' COMMENT '更新者',
  `update_time` datetime(6) NULL DEFAULT CURRENT_TIMESTAMP(6) ON UPDATE CURRENT_TIMESTAMP(6) COMMENT '更新时间',
  `remark` varchar(500) CHARACTER SET utf8mb4 COLLATE utf8mb4_0900_ai_ci NULL DEFAULT NULL COMMENT '备注',
  `del_flag` char(1) CHARACTER SET utf8mb4 COLLATE utf8mb4_0900_ai_ci NOT NULL DEFAULT '0' COMMENT '删除标志',
  PRIMARY KEY (`job_id`) USING BTREE
) ENGINE = InnoDB AUTO_INCREMENT = 4 CHARACTER SET = utf8mb4 COLLATE = utf8mb4_0900_ai_ci COMMENT = '定时任务表' ROW_FORMAT = Dynamic;

-- ----------------------------
-- Records of sys_job
-- ----------------------------
INSERT INTO `sys_job` VALUES (1, '系统默认（无参）', 'DEFAULT', 'task.noParams', '0/10 * * * * ?', '3', '1', '1', 'admin', '2025-02-28 16:52:10.000000', '', NULL, '', '0');
INSERT INTO `sys_job` VALUES (2, '系统默认（有参）', 'DEFAULT', 'task.params(\'ry\')', '0/15 * * * * ?', '3', '1', '1', 'admin', '2025-02-28 16:52:10.000000', '', NULL, '', '0');
INSERT INTO `sys_job` VALUES (3, '系统默认（多参）', 'DEFAULT', 'task.multipleParams(\'ry\', true, 2000L, 316.50D, 100)', '0/20 * * * * ?', '3', '1', '1', 'admin', '2025-02-28 16:52:10.000000', '', NULL, '', '0');

-- ----------------------------
-- Table structure for sys_job_log
-- ----------------------------
DROP TABLE IF EXISTS `sys_job_log`;
CREATE TABLE `sys_job_log`  (
  `job_log_id` int NOT NULL AUTO_INCREMENT COMMENT '任务日志ID',
  `job_name` varchar(64) CHARACTER SET utf8mb4 COLLATE utf8mb4_0900_ai_ci NOT NULL COMMENT '任务名称',
  `job_group` varchar(64) CHARACTER SET utf8mb4 COLLATE utf8mb4_0900_ai_ci NOT NULL COMMENT '任务组名',
  `invoke_target` varchar(500) CHARACTER SET utf8mb4 COLLATE utf8mb4_0900_ai_ci NOT NULL COMMENT '调用目标字符串',
  `job_message` varchar(500) CHARACTER SET utf8mb4 COLLATE utf8mb4_0900_ai_ci NULL DEFAULT NULL COMMENT '日志信息',
  `status` char(1) CHARACTER SET utf8mb4 COLLATE utf8mb4_0900_ai_ci NOT NULL DEFAULT '0' COMMENT '执行状态（0正常 1失败）',
  `exception_info` varchar(2000) CHARACTER SET utf8mb4 COLLATE utf8mb4_0900_ai_ci NULL DEFAULT NULL COMMENT '异常信息',
  `create_time` datetime(6) NOT NULL DEFAULT CURRENT_TIMESTAMP(6) COMMENT '创建时间',
  PRIMARY KEY (`job_log_id`) USING BTREE
) ENGINE = InnoDB AUTO_INCREMENT = 1 CHARACTER SET = utf8mb4 COLLATE = utf8mb4_0900_ai_ci COMMENT = '任务调度日志表' ROW_FORMAT = Dynamic;

-- ----------------------------
-- Records of sys_job_log
-- ----------------------------

-- ----------------------------
-- Table structure for sys_logininfor
-- ----------------------------
DROP TABLE IF EXISTS `sys_logininfor`;
CREATE TABLE `sys_logininfor`  (
  `info_id` int NOT NULL AUTO_INCREMENT COMMENT '访问ID',
  `user_name` varchar(50) CHARACTER SET utf8mb4 COLLATE utf8mb4_0900_ai_ci NOT NULL DEFAULT '' COMMENT '用户账号',
  `ipaddr` varchar(128) CHARACTER SET utf8mb4 COLLATE utf8mb4_0900_ai_ci NOT NULL DEFAULT '' COMMENT '登录IP地址',
  `login_location` varchar(255) CHARACTER SET utf8mb4 COLLATE utf8mb4_0900_ai_ci NOT NULL DEFAULT '' COMMENT '登录地点',
  `browser` varchar(50) CHARACTER SET utf8mb4 COLLATE utf8mb4_0900_ai_ci NOT NULL DEFAULT '' COMMENT '浏览器类型',
  `os` varchar(50) CHARACTER SET utf8mb4 COLLATE utf8mb4_0900_ai_ci NOT NULL DEFAULT '' COMMENT '操作系统',
  `status` char(1) CHARACTER SET utf8mb4 COLLATE utf8mb4_0900_ai_ci NOT NULL DEFAULT '0' COMMENT '状态',
  `msg` varchar(255) CHARACTER SET utf8mb4 COLLATE utf8mb4_0900_ai_ci NOT NULL DEFAULT '' COMMENT '提示消息',
  `del_flag` char(1) CHARACTER SET utf8mb4 COLLATE utf8mb4_0900_ai_ci NOT NULL DEFAULT '0' COMMENT '删除标志',
  `login_time` timestamp(6) NOT NULL DEFAULT CURRENT_TIMESTAMP(6) COMMENT '访问时间',
  PRIMARY KEY (`info_id`) USING BTREE
) ENGINE = InnoDB AUTO_INCREMENT = 106 CHARACTER SET = utf8mb4 COLLATE = utf8mb4_0900_ai_ci COMMENT = '系统访问记录' ROW_FORMAT = Dynamic;

-- ----------------------------
-- Records of sys_logininfor
-- ----------------------------
INSERT INTO `sys_logininfor` VALUES (100, '', '::1', ' 美国Akamai科技公司CDN网络节点', 'Other 0.0.0', 'Other', '1', '请输入验证码', '0', '2026-06-14 21:02:46.838237');
INSERT INTO `sys_logininfor` VALUES (101, '', '::ffff:127.0.0.1', ' 本机地址', 'Chrome 143.0.0', 'Windows', '1', '验证码已过期', '0', '2026-06-14 21:59:45.820046');
INSERT INTO `sys_logininfor` VALUES (102, 'admin', '::ffff:127.0.0.1', ' 本机地址', 'Chrome 143.0.0', 'Windows', '0', '登录成功', '0', '2026-06-14 22:00:15.826258');
INSERT INTO `sys_logininfor` VALUES (103, '', '::ffff:127.0.0.1', ' 本机地址', 'Chrome 143.0.0', 'Windows', '1', '验证码已过期', '0', '2026-06-14 22:23:10.715577');
INSERT INTO `sys_logininfor` VALUES (104, 'admin', '::ffff:127.0.0.1', '未知', 'Chrome 143.0.0', 'Windows', '0', '登录成功', '0', '2026-06-14 22:23:24.469090');
INSERT INTO `sys_logininfor` VALUES (105, 'admin', '::ffff:127.0.0.1', ' 本机地址', 'Chrome 143.0.0', 'Windows', '0', '登录成功', '0', '2026-06-15 23:16:37.725674');

-- ----------------------------
-- Table structure for sys_menu
-- ----------------------------
DROP TABLE IF EXISTS `sys_menu`;
CREATE TABLE `sys_menu`  (
  `menu_id` int NOT NULL AUTO_INCREMENT COMMENT '菜单ID',
  `menu_name` varchar(50) CHARACTER SET utf8mb4 COLLATE utf8mb4_0900_ai_ci NOT NULL COMMENT '菜单名称',
  `parent_id` int NOT NULL COMMENT '父菜单ID',
  `order_num` int NOT NULL DEFAULT 0 COMMENT '显示顺序',
  `path` varchar(200) CHARACTER SET utf8mb4 COLLATE utf8mb4_0900_ai_ci NOT NULL DEFAULT '' COMMENT '路由地址',
  `component` varchar(255) CHARACTER SET utf8mb4 COLLATE utf8mb4_0900_ai_ci NULL DEFAULT NULL COMMENT '组件路径',
  `query` varchar(255) CHARACTER SET utf8mb4 COLLATE utf8mb4_0900_ai_ci NOT NULL DEFAULT '' COMMENT '路由参数',
  `is_frame` char(1) CHARACTER SET utf8mb4 COLLATE utf8mb4_0900_ai_ci NOT NULL DEFAULT '1' COMMENT '是否为外链',
  `is_cache` char(1) CHARACTER SET utf8mb4 COLLATE utf8mb4_0900_ai_ci NOT NULL DEFAULT '0' COMMENT '是否缓存',
  `menu_type` char(1) CHARACTER SET utf8mb4 COLLATE utf8mb4_0900_ai_ci NOT NULL DEFAULT 'M' COMMENT '菜单类型',
  `visible` char(1) CHARACTER SET utf8mb4 COLLATE utf8mb4_0900_ai_ci NOT NULL DEFAULT '0' COMMENT '是否显示',
  `status` char(1) CHARACTER SET utf8mb4 COLLATE utf8mb4_0900_ai_ci NOT NULL DEFAULT '0' COMMENT '状态',
  `perms` varchar(100) CHARACTER SET utf8mb4 COLLATE utf8mb4_0900_ai_ci NOT NULL DEFAULT '' COMMENT '权限标识',
  `icon` varchar(100) CHARACTER SET utf8mb4 COLLATE utf8mb4_0900_ai_ci NOT NULL DEFAULT '' COMMENT '菜单图标',
  `create_by` varchar(64) CHARACTER SET utf8mb4 COLLATE utf8mb4_0900_ai_ci NOT NULL DEFAULT '' COMMENT '创建者',
  `create_time` datetime(6) NULL DEFAULT CURRENT_TIMESTAMP(6) COMMENT '创建时间',
  `update_by` varchar(64) CHARACTER SET utf8mb4 COLLATE utf8mb4_0900_ai_ci NOT NULL DEFAULT '' COMMENT '更新者',
  `update_time` datetime(6) NULL DEFAULT CURRENT_TIMESTAMP(6) ON UPDATE CURRENT_TIMESTAMP(6) COMMENT '更新时间',
  `remark` varchar(500) CHARACTER SET utf8mb4 COLLATE utf8mb4_0900_ai_ci NULL DEFAULT NULL COMMENT '备注',
  `del_flag` char(1) CHARACTER SET utf8mb4 COLLATE utf8mb4_0900_ai_ci NOT NULL DEFAULT '0' COMMENT '删除标志',
  PRIMARY KEY (`menu_id`) USING BTREE
) ENGINE = InnoDB AUTO_INCREMENT = 2113 CHARACTER SET = utf8mb4 COLLATE = utf8mb4_0900_ai_ci COMMENT = '菜单权限表' ROW_FORMAT = Dynamic;

-- ----------------------------
-- Records of sys_menu
-- ----------------------------
INSERT INTO `sys_menu` VALUES (1, '系统管理', 0, 1, 'system', NULL, '', '1', '0', 'M', '0', '0', '', 'system', 'admin', '2025-02-28 16:52:10.000000', '', NULL, '系统管理目录', '0');
INSERT INTO `sys_menu` VALUES (2, '系统监控', 0, 2, 'monitor', NULL, '', '1', '0', 'M', '0', '0', '', 'monitor', 'admin', '2025-02-28 16:52:10.000000', '', NULL, '系统监控目录', '0');
INSERT INTO `sys_menu` VALUES (3, '系统工具', 0, 3, 'tool', NULL, '', '1', '0', 'M', '0', '0', '', 'tool', 'admin', '2025-02-28 16:52:10.000000', '', NULL, '系统工具目录', '0');
INSERT INTO `sys_menu` VALUES (4, 'nest-admin官网', 0, 4, 'https://nest-admin.dooring.vip', NULL, '', '0', '0', 'M', '0', '0', '', 'guide', 'admin', '2025-02-28 16:52:10.000000', '', NULL, 'nest-admin官网地址', '0');
INSERT INTO `sys_menu` VALUES (100, '用户管理', 1, 1, 'user', 'system/user/index', '', '1', '0', 'C', '0', '0', 'system:user:list', 'user', 'admin', '2025-02-28 16:52:10.000000', '', NULL, '用户管理菜单', '0');
INSERT INTO `sys_menu` VALUES (101, '角色管理', 1, 2, 'role', 'system/role/index', '', '1', '0', 'C', '0', '0', 'system:role:list', 'peoples', 'admin', '2025-02-28 16:52:10.000000', '', NULL, '角色管理菜单', '0');
INSERT INTO `sys_menu` VALUES (102, '菜单管理', 1, 3, 'menu', 'system/menu/index', '', '1', '0', 'C', '0', '0', 'system:menu:list', 'tree-table', 'admin', '2025-02-28 16:52:10.000000', '', NULL, '菜单管理菜单', '0');
INSERT INTO `sys_menu` VALUES (103, '部门管理', 1, 4, 'dept', 'system/dept/index', '', '1', '0', 'C', '0', '0', 'system:dept:list', 'tree', 'admin', '2025-02-28 16:52:10.000000', '', NULL, '部门管理菜单', '0');
INSERT INTO `sys_menu` VALUES (104, '岗位管理', 1, 5, 'post', 'system/post/index', '', '1', '0', 'C', '0', '0', 'system:post:list', 'post', 'admin', '2025-02-28 16:52:10.000000', '', NULL, '岗位管理菜单', '0');
INSERT INTO `sys_menu` VALUES (105, '字典管理', 1, 6, 'dict', 'system/dict/index', '', '1', '0', 'C', '0', '0', 'system:dict:list', 'dict', 'admin', '2025-02-28 16:52:10.000000', '', NULL, '字典管理菜单', '0');
INSERT INTO `sys_menu` VALUES (106, '参数设置', 1, 7, 'config', 'system/config/index', '', '1', '0', 'C', '0', '0', 'system:config:list', 'edit', 'admin', '2025-02-28 16:52:10.000000', '', NULL, '参数设置菜单', '0');
INSERT INTO `sys_menu` VALUES (107, '通知公告', 1, 8, 'notice', 'system/notice/index', '', '1', '0', 'C', '0', '0', 'system:notice:list', 'message', 'admin', '2025-02-28 16:52:10.000000', '', NULL, '通知公告菜单', '0');
INSERT INTO `sys_menu` VALUES (108, '日志管理', 1, 9, 'log', '', '', '1', '0', 'M', '0', '0', '', 'log', 'admin', '2025-02-28 16:52:10.000000', '', NULL, '日志管理菜单', '0');
INSERT INTO `sys_menu` VALUES (109, '在线用户', 2, 1, 'online', 'monitor/online/index', '', '1', '0', 'C', '0', '0', 'monitor:online:list', 'online', 'admin', '2025-02-28 16:52:10.000000', '', NULL, '在线用户菜单', '0');
INSERT INTO `sys_menu` VALUES (110, '定时任务', 2, 2, 'job', 'monitor/job/index', '', '1', '0', 'C', '0', '0', 'monitor:job:list', 'job', 'admin', '2025-02-28 16:52:10.000000', '', NULL, '定时任务菜单', '0');
INSERT INTO `sys_menu` VALUES (111, '数据监控', 2, 3, 'druid', 'monitor/druid/index', '', '1', '0', 'C', '0', '0', 'monitor:druid:list', 'druid', 'admin', '2025-02-28 16:52:10.000000', '', NULL, '数据监控菜单', '1');
INSERT INTO `sys_menu` VALUES (112, '服务监控', 2, 4, 'server', 'monitor/server/index', '', '1', '0', 'C', '0', '0', 'monitor:server:list', 'server', 'admin', '2025-02-28 16:52:10.000000', '', NULL, '服务监控菜单', '0');
INSERT INTO `sys_menu` VALUES (113, '缓存监控', 2, 5, 'cache', 'monitor/cache/index', '', '1', '0', 'C', '0', '0', 'monitor:cache:list', 'redis', 'admin', '2025-02-28 16:52:10.000000', '', NULL, '缓存监控菜单', '0');
INSERT INTO `sys_menu` VALUES (114, '缓存列表', 2, 6, 'cacheList', 'monitor/cache/list', '', '1', '0', 'C', '0', '0', 'monitor:cache:list', 'redis-list', 'admin', '2025-02-28 16:52:10.000000', '', NULL, '缓存列表菜单', '0');
INSERT INTO `sys_menu` VALUES (115, '表单构建', 3, 1, 'build', 'tool/build/index', '', '1', '0', 'C', '0', '0', 'tool:build:list', 'build', 'admin', '2025-02-28 16:52:10.000000', '', NULL, '表单构建菜单', '0');
INSERT INTO `sys_menu` VALUES (116, '代码生成', 3, 2, 'gen', 'tool/gen/index', '', '1', '0', 'C', '0', '0', 'tool:gen:list', 'code', 'admin', '2025-02-28 16:52:10.000000', '', NULL, '代码生成菜单', '0');
INSERT INTO `sys_menu` VALUES (117, '系统接口', 3, 3, 'swagger', 'tool/swagger/index', '', '1', '0', 'C', '0', '0', 'tool:swagger:list', 'swagger', 'admin', '2025-02-28 16:52:10.000000', '', NULL, '系统接口菜单', '0');
INSERT INTO `sys_menu` VALUES (500, '操作日志', 108, 1, 'operlog', 'monitor/operlog/index', '', '1', '0', 'C', '0', '0', 'monitor:operlog:list', 'form', 'admin', '2025-02-28 16:52:10.000000', '', NULL, '操作日志菜单', '0');
INSERT INTO `sys_menu` VALUES (501, '登录日志', 108, 2, 'logininfor', 'monitor/logininfor/index', '', '1', '0', 'C', '0', '0', 'monitor:logininfor:list', 'logininfor', 'admin', '2025-02-28 16:52:10.000000', '', NULL, '登录日志菜单', '0');
INSERT INTO `sys_menu` VALUES (1000, '用户查询', 100, 1, '', '', '', '1', '0', 'F', '0', '0', 'system:user:query', '#', 'admin', '2025-02-28 16:52:10.000000', '', NULL, '', '0');
INSERT INTO `sys_menu` VALUES (1001, '用户新增', 100, 2, '', '', '', '1', '0', 'F', '0', '0', 'system:user:add', '#', 'admin', '2025-02-28 16:52:10.000000', '', NULL, '', '0');
INSERT INTO `sys_menu` VALUES (1002, '用户修改', 100, 3, '', '', '', '1', '0', 'F', '0', '0', 'system:user:edit', '#', 'admin', '2025-02-28 16:52:10.000000', '', NULL, '', '0');
INSERT INTO `sys_menu` VALUES (1003, '用户删除', 100, 4, '', '', '', '1', '0', 'F', '0', '0', 'system:user:remove', '#', 'admin', '2025-02-28 16:52:10.000000', '', NULL, '', '0');
INSERT INTO `sys_menu` VALUES (1004, '用户导出', 100, 5, '', '', '', '1', '0', 'F', '0', '0', 'system:user:export', '#', 'admin', '2025-02-28 16:52:10.000000', '', NULL, '', '0');
INSERT INTO `sys_menu` VALUES (1005, '用户导入', 100, 6, '', '', '', '1', '0', 'F', '0', '0', 'system:user:import', '#', 'admin', '2025-02-28 16:52:10.000000', '', NULL, '', '0');
INSERT INTO `sys_menu` VALUES (1006, '重置密码', 100, 7, '', '', '', '1', '0', 'F', '0', '0', 'system:user:resetPwd', '#', 'admin', '2025-02-28 16:52:10.000000', '', NULL, '', '0');
INSERT INTO `sys_menu` VALUES (1007, '角色查询', 101, 1, '', '', '', '1', '0', 'F', '0', '0', 'system:role:query', '#', 'admin', '2025-02-28 16:52:10.000000', '', NULL, '', '0');
INSERT INTO `sys_menu` VALUES (1008, '角色新增', 101, 2, '', '', '', '1', '0', 'F', '0', '0', 'system:role:add', '#', 'admin', '2025-02-28 16:52:10.000000', '', NULL, '', '0');
INSERT INTO `sys_menu` VALUES (1009, '角色修改', 101, 3, '', '', '', '1', '0', 'F', '0', '0', 'system:role:edit', '#', 'admin', '2025-02-28 16:52:10.000000', '', NULL, '', '0');
INSERT INTO `sys_menu` VALUES (1010, '角色删除', 101, 4, '', '', '', '1', '0', 'F', '0', '0', 'system:role:remove', '#', 'admin', '2025-02-28 16:52:10.000000', '', NULL, '', '0');
INSERT INTO `sys_menu` VALUES (1011, '角色导出', 101, 5, '', '', '', '1', '0', 'F', '0', '0', 'system:role:export', '#', 'admin', '2025-02-28 16:52:10.000000', '', NULL, '', '0');
INSERT INTO `sys_menu` VALUES (1012, '菜单查询', 102, 1, '', '', '', '1', '0', 'F', '0', '0', 'system:menu:query', '#', 'admin', '2025-02-28 16:52:10.000000', '', NULL, '', '0');
INSERT INTO `sys_menu` VALUES (1013, '菜单新增', 102, 2, '', '', '', '1', '0', 'F', '0', '0', 'system:menu:add', '#', 'admin', '2025-02-28 16:52:10.000000', '', NULL, '', '0');
INSERT INTO `sys_menu` VALUES (1014, '菜单修改', 102, 3, '', '', '', '1', '0', 'F', '0', '0', 'system:menu:edit', '#', 'admin', '2025-02-28 16:52:10.000000', '', NULL, '', '0');
INSERT INTO `sys_menu` VALUES (1015, '菜单删除', 102, 4, '', '', '', '1', '0', 'F', '0', '0', 'system:menu:remove', '#', 'admin', '2025-02-28 16:52:10.000000', '', NULL, '', '0');
INSERT INTO `sys_menu` VALUES (1016, '部门查询', 103, 1, '', '', '', '1', '0', 'F', '0', '0', 'system:dept:query', '#', 'admin', '2025-02-28 16:52:10.000000', '', NULL, '', '0');
INSERT INTO `sys_menu` VALUES (1017, '部门新增', 103, 2, '', '', '', '1', '0', 'F', '0', '0', 'system:dept:add', '#', 'admin', '2025-02-28 16:52:10.000000', '', NULL, '', '0');
INSERT INTO `sys_menu` VALUES (1018, '部门修改', 103, 3, '', '', '', '1', '0', 'F', '0', '0', 'system:dept:edit', '#', 'admin', '2025-02-28 16:52:10.000000', '', NULL, '', '0');
INSERT INTO `sys_menu` VALUES (1019, '部门删除', 103, 4, '', '', '', '1', '0', 'F', '0', '0', 'system:dept:remove', '#', 'admin', '2025-02-28 16:52:10.000000', '', NULL, '', '0');
INSERT INTO `sys_menu` VALUES (1020, '岗位查询', 104, 1, '', '', '', '1', '0', 'F', '0', '0', 'system:post:query', '#', 'admin', '2025-02-28 16:52:10.000000', '', NULL, '', '0');
INSERT INTO `sys_menu` VALUES (1021, '岗位新增', 104, 2, '', '', '', '1', '0', 'F', '0', '0', 'system:post:add', '#', 'admin', '2025-02-28 16:52:10.000000', '', NULL, '', '0');
INSERT INTO `sys_menu` VALUES (1022, '岗位修改', 104, 3, '', '', '', '1', '0', 'F', '0', '0', 'system:post:edit', '#', 'admin', '2025-02-28 16:52:10.000000', '', NULL, '', '0');
INSERT INTO `sys_menu` VALUES (1023, '岗位删除', 104, 4, '', '', '', '1', '0', 'F', '0', '0', 'system:post:remove', '#', 'admin', '2025-02-28 16:52:10.000000', '', NULL, '', '0');
INSERT INTO `sys_menu` VALUES (1024, '岗位导出', 104, 5, '', '', '', '1', '0', 'F', '0', '0', 'system:post:export', '#', 'admin', '2025-02-28 16:52:10.000000', '', NULL, '', '0');
INSERT INTO `sys_menu` VALUES (1025, '字典查询', 105, 1, '#', '', '', '1', '0', 'F', '0', '0', 'system:dict:query', '#', 'admin', '2025-02-28 16:52:10.000000', '', NULL, '', '0');
INSERT INTO `sys_menu` VALUES (1026, '字典新增', 105, 2, '#', '', '', '1', '0', 'F', '0', '0', 'system:dict:add', '#', 'admin', '2025-02-28 16:52:10.000000', '', NULL, '', '0');
INSERT INTO `sys_menu` VALUES (1027, '字典修改', 105, 3, '#', '', '', '1', '0', 'F', '0', '0', 'system:dict:edit', '#', 'admin', '2025-02-28 16:52:10.000000', '', NULL, '', '0');
INSERT INTO `sys_menu` VALUES (1028, '字典删除', 105, 4, '#', '', '', '1', '0', 'F', '0', '0', 'system:dict:remove', '#', 'admin', '2025-02-28 16:52:10.000000', '', NULL, '', '0');
INSERT INTO `sys_menu` VALUES (1029, '字典导出', 105, 5, '#', '', '', '1', '0', 'F', '0', '0', 'system:dict:export', '#', 'admin', '2025-02-28 16:52:10.000000', '', NULL, '', '0');
INSERT INTO `sys_menu` VALUES (1030, '参数查询', 106, 1, '#', '', '', '1', '0', 'F', '0', '0', 'system:config:query', '#', 'admin', '2025-02-28 16:52:10.000000', '', NULL, '', '0');
INSERT INTO `sys_menu` VALUES (1031, '参数新增', 106, 2, '#', '', '', '1', '0', 'F', '0', '0', 'system:config:add', '#', 'admin', '2025-02-28 16:52:10.000000', '', NULL, '', '0');
INSERT INTO `sys_menu` VALUES (1032, '参数修改', 106, 3, '#', '', '', '1', '0', 'F', '0', '0', 'system:config:edit', '#', 'admin', '2025-02-28 16:52:10.000000', '', NULL, '', '0');
INSERT INTO `sys_menu` VALUES (1033, '参数删除', 106, 4, '#', '', '', '1', '0', 'F', '0', '0', 'system:config:remove', '#', 'admin', '2025-02-28 16:52:10.000000', '', NULL, '', '0');
INSERT INTO `sys_menu` VALUES (1034, '参数导出', 106, 5, '#', '', '', '1', '0', 'F', '0', '0', 'system:config:export', '#', 'admin', '2025-02-28 16:52:10.000000', '', NULL, '', '0');
INSERT INTO `sys_menu` VALUES (1035, '公告查询', 107, 1, '#', '', '', '1', '0', 'F', '0', '0', 'system:notice:query', '#', 'admin', '2025-02-28 16:52:10.000000', '', NULL, '', '0');
INSERT INTO `sys_menu` VALUES (1036, '公告新增', 107, 2, '#', '', '', '1', '0', 'F', '0', '0', 'system:notice:add', '#', 'admin', '2025-02-28 16:52:10.000000', '', NULL, '', '0');
INSERT INTO `sys_menu` VALUES (1037, '公告修改', 107, 3, '#', '', '', '1', '0', 'F', '0', '0', 'system:notice:edit', '#', 'admin', '2025-02-28 16:52:10.000000', '', NULL, '', '0');
INSERT INTO `sys_menu` VALUES (1038, '公告删除', 107, 4, '#', '', '', '1', '0', 'F', '0', '0', 'system:notice:remove', '#', 'admin', '2025-02-28 16:52:10.000000', '', NULL, '', '0');
INSERT INTO `sys_menu` VALUES (1039, '操作查询', 500, 1, '#', '', '', '1', '0', 'F', '0', '0', 'monitor:operlog:query', '#', 'admin', '2025-02-28 16:52:10.000000', '', NULL, '', '0');
INSERT INTO `sys_menu` VALUES (1040, '操作删除', 500, 2, '#', '', '', '1', '0', 'F', '0', '0', 'monitor:operlog:remove', '#', 'admin', '2025-02-28 16:52:10.000000', '', NULL, '', '0');
INSERT INTO `sys_menu` VALUES (1041, '日志导出', 500, 3, '#', '', '', '1', '0', 'F', '0', '0', 'monitor:operlog:export', '#', 'admin', '2025-02-28 16:52:10.000000', '', NULL, '', '0');
INSERT INTO `sys_menu` VALUES (1042, '登录查询', 501, 1, '#', '', '', '1', '0', 'F', '0', '0', 'monitor:logininfor:query', '#', 'admin', '2025-02-28 16:52:10.000000', '', NULL, '', '0');
INSERT INTO `sys_menu` VALUES (1043, '登录删除', 501, 2, '#', '', '', '1', '0', 'F', '0', '0', 'monitor:logininfor:remove', '#', 'admin', '2025-02-28 16:52:10.000000', '', NULL, '', '0');
INSERT INTO `sys_menu` VALUES (1044, '日志导出', 501, 3, '#', '', '', '1', '0', 'F', '0', '0', 'monitor:logininfor:export', '#', 'admin', '2025-02-28 16:52:10.000000', '', NULL, '', '0');
INSERT INTO `sys_menu` VALUES (1045, '账户解锁', 501, 4, '#', '', '', '1', '0', 'F', '0', '0', 'monitor:logininfor:unlock', '#', 'admin', '2025-02-28 16:52:10.000000', '', NULL, '', '0');
INSERT INTO `sys_menu` VALUES (1046, '在线查询', 109, 1, '#', '', '', '1', '0', 'F', '0', '0', 'monitor:online:query', '#', 'admin', '2025-02-28 16:52:10.000000', '', NULL, '', '0');
INSERT INTO `sys_menu` VALUES (1047, '批量强退', 109, 2, '#', '', '', '1', '0', 'F', '0', '0', 'monitor:online:batchLogout', '#', 'admin', '2025-02-28 16:52:10.000000', '', NULL, '', '0');
INSERT INTO `sys_menu` VALUES (1048, '单条强退', 109, 3, '#', '', '', '1', '0', 'F', '0', '0', 'monitor:online:forceLogout', '#', 'admin', '2025-02-28 16:52:10.000000', '', NULL, '', '0');
INSERT INTO `sys_menu` VALUES (1049, '任务查询', 110, 1, '#', '', '', '1', '0', 'F', '0', '0', 'monitor:job:query', '#', 'admin', '2025-02-28 16:52:10.000000', '', NULL, '', '0');
INSERT INTO `sys_menu` VALUES (1050, '任务新增', 110, 2, '#', '', '', '1', '0', 'F', '0', '0', 'monitor:job:add', '#', 'admin', '2025-02-28 16:52:10.000000', '', NULL, '', '0');
INSERT INTO `sys_menu` VALUES (1051, '任务修改', 110, 3, '#', '', '', '1', '0', 'F', '0', '0', 'monitor:job:edit', '#', 'admin', '2025-02-28 16:52:10.000000', '', NULL, '', '0');
INSERT INTO `sys_menu` VALUES (1052, '任务删除', 110, 4, '#', '', '', '1', '0', 'F', '0', '0', 'monitor:job:remove', '#', 'admin', '2025-02-28 16:52:10.000000', '', NULL, '', '0');
INSERT INTO `sys_menu` VALUES (1053, '状态修改', 110, 5, '#', '', '', '1', '0', 'F', '0', '0', 'monitor:job:changeStatus', '#', 'admin', '2025-02-28 16:52:10.000000', '', NULL, '', '0');
INSERT INTO `sys_menu` VALUES (1054, '任务导出', 110, 6, '#', '', '', '1', '0', 'F', '0', '0', 'monitor:job:export', '#', 'admin', '2025-02-28 16:52:10.000000', '', NULL, '', '0');
INSERT INTO `sys_menu` VALUES (1055, '生成查询', 116, 1, '#', '', '', '1', '0', 'F', '0', '0', 'tool:gen:query', '#', 'admin', '2025-02-28 16:52:10.000000', '', NULL, '', '0');
INSERT INTO `sys_menu` VALUES (1056, '生成修改', 116, 2, '#', '', '', '1', '0', 'F', '0', '0', 'tool:gen:edit', '#', 'admin', '2025-02-28 16:52:10.000000', '', NULL, '', '0');
INSERT INTO `sys_menu` VALUES (1057, '生成删除', 116, 3, '#', '', '', '1', '0', 'F', '0', '0', 'tool:gen:remove', '#', 'admin', '2025-02-28 16:52:10.000000', '', NULL, '', '0');
INSERT INTO `sys_menu` VALUES (1058, '导入代码', 116, 4, '#', '', '', '1', '0', 'F', '0', '0', 'tool:gen:import', '#', 'admin', '2025-02-28 16:52:10.000000', '', NULL, '', '0');
INSERT INTO `sys_menu` VALUES (1059, '预览代码', 116, 5, '#', '', '', '1', '0', 'F', '0', '0', 'tool:gen:preview', '#', 'admin', '2025-02-28 16:52:10.000000', '', NULL, '', '0');
INSERT INTO `sys_menu` VALUES (1060, '生成代码', 116, 6, '#', '', '', '1', '0', 'F', '0', '0', 'tool:gen:code', '#', 'admin', '2025-02-28 16:52:10.000000', '', NULL, '', '0');
INSERT INTO `sys_menu` VALUES (2100, '音乐管理', 0, 5, 'music', NULL, '', '1', '0', 'M', '0', '0', '', 'headset', '', '2026-06-14 22:05:29.051282', '', '2026-06-14 22:05:29.051282', '音乐管理目录', '0');
INSERT INTO `sys_menu` VALUES (2101, '专辑管理', 2100, 1, 'album', 'music/album/index', '', '1', '0', 'C', '0', '0', 'music:album:list', 'documentation', '', '2026-06-14 22:05:29.052737', '', '2026-06-14 22:05:29.052737', '专辑管理菜单', '0');
INSERT INTO `sys_menu` VALUES (2102, '专辑查询', 2101, 1, '#', '', '', '1', '0', 'F', '0', '0', 'music:album:query', '#', '', '2026-06-14 22:05:29.053945', '', '2026-06-14 22:05:29.053945', '', '0');
INSERT INTO `sys_menu` VALUES (2103, '专辑新增', 2101, 2, '#', '', '', '1', '0', 'F', '0', '0', 'music:album:add', '#', '', '2026-06-14 22:05:29.055286', '', '2026-06-14 22:05:29.055286', '', '0');
INSERT INTO `sys_menu` VALUES (2104, '专辑修改', 2101, 3, '#', '', '', '1', '0', 'F', '0', '0', 'music:album:edit', '#', '', '2026-06-14 22:05:29.056326', '', '2026-06-14 22:05:29.056326', '', '0');
INSERT INTO `sys_menu` VALUES (2105, '专辑删除', 2101, 4, '#', '', '', '1', '0', 'F', '0', '0', 'music:album:remove', '#', '', '2026-06-14 22:05:29.057853', '', '2026-06-14 22:05:29.057853', '', '0');
INSERT INTO `sys_menu` VALUES (2106, '专辑导出', 2101, 5, '#', '', '', '1', '0', 'F', '0', '0', 'music:album:export', '#', '', '2026-06-14 22:05:29.058957', '', '2026-06-14 22:05:29.058957', '', '0');
INSERT INTO `sys_menu` VALUES (2107, '歌曲管理', 2100, 2, 'song', 'music/song/index', '', '1', '0', 'C', '0', '0', 'music:song:list', 'sound', '', '2026-06-14 22:09:07.284739', '', '2026-06-14 22:09:07.284739', '歌曲管理菜单', '0');
INSERT INTO `sys_menu` VALUES (2108, '歌曲查询', 2107, 1, '#', '', '', '1', '0', 'F', '0', '0', 'music:song:query', '#', '', '2026-06-14 22:09:07.286367', '', '2026-06-14 22:09:07.286367', '', '0');
INSERT INTO `sys_menu` VALUES (2109, '歌曲新增', 2107, 2, '#', '', '', '1', '0', 'F', '0', '0', 'music:song:add', '#', '', '2026-06-14 22:09:07.287733', '', '2026-06-14 22:09:07.287733', '', '0');
INSERT INTO `sys_menu` VALUES (2110, '歌曲修改', 2107, 3, '#', '', '', '1', '0', 'F', '0', '0', 'music:song:edit', '#', '', '2026-06-14 22:09:07.289222', '', '2026-06-14 22:09:07.289222', '', '0');
INSERT INTO `sys_menu` VALUES (2111, '歌曲删除', 2107, 4, '#', '', '', '1', '0', 'F', '0', '0', 'music:song:remove', '#', '', '2026-06-14 22:09:07.290777', '', '2026-06-14 22:09:07.290777', '', '0');
INSERT INTO `sys_menu` VALUES (2112, '歌曲导出', 2107, 5, '#', '', '', '1', '0', 'F', '0', '0', 'music:song:export', '#', '', '2026-06-14 22:09:07.292306', '', '2026-06-14 22:09:07.292306', '', '0');

-- ----------------------------
-- Table structure for sys_notice
-- ----------------------------
DROP TABLE IF EXISTS `sys_notice`;
CREATE TABLE `sys_notice`  (
  `notice_id` int NOT NULL AUTO_INCREMENT COMMENT '公告ID',
  `notice_title` varchar(50) CHARACTER SET utf8mb4 COLLATE utf8mb4_0900_ai_ci NOT NULL DEFAULT '' COMMENT '公告标题',
  `notice_type` char(1) CHARACTER SET utf8mb4 COLLATE utf8mb4_0900_ai_ci NOT NULL COMMENT '公告类型',
  `notice_content` longtext CHARACTER SET utf8mb4 COLLATE utf8mb4_0900_ai_ci NULL COMMENT '公告内容',
  `status` char(1) CHARACTER SET utf8mb4 COLLATE utf8mb4_0900_ai_ci NOT NULL DEFAULT '0' COMMENT '状态',
  `create_by` varchar(64) CHARACTER SET utf8mb4 COLLATE utf8mb4_0900_ai_ci NOT NULL DEFAULT '' COMMENT '创建者',
  `create_time` datetime(6) NULL DEFAULT CURRENT_TIMESTAMP(6) COMMENT '创建时间',
  `update_by` varchar(64) CHARACTER SET utf8mb4 COLLATE utf8mb4_0900_ai_ci NOT NULL DEFAULT '' COMMENT '更新者',
  `update_time` datetime(6) NULL DEFAULT CURRENT_TIMESTAMP(6) ON UPDATE CURRENT_TIMESTAMP(6) COMMENT '更新时间',
  `del_flag` char(1) CHARACTER SET utf8mb4 COLLATE utf8mb4_0900_ai_ci NOT NULL DEFAULT '0' COMMENT '删除标志',
  `remark` varchar(500) CHARACTER SET utf8mb4 COLLATE utf8mb4_0900_ai_ci NULL DEFAULT NULL COMMENT '备注',
  PRIMARY KEY (`notice_id`) USING BTREE
) ENGINE = InnoDB AUTO_INCREMENT = 10 CHARACTER SET = utf8mb4 COLLATE = utf8mb4_0900_ai_ci COMMENT = '通知公告表' ROW_FORMAT = Dynamic;

-- ----------------------------
-- Records of sys_notice
-- ----------------------------
INSERT INTO `sys_notice` VALUES (1, '温馨提醒：2018-07-01 nest-admin新版本发布啦', '2', '新版本内容', '0', 'admin', '2025-02-28 16:52:10.000000', '', NULL, '0', NULL);
INSERT INTO `sys_notice` VALUES (2, '维护通知：2018-07-01 nest-admin系统凌晨维护', '1', '维护内容', '0', 'admin', '2025-02-28 16:52:10.000000', '', NULL, '0', NULL);

-- ----------------------------
-- Table structure for sys_oper_log
-- ----------------------------
DROP TABLE IF EXISTS `sys_oper_log`;
CREATE TABLE `sys_oper_log`  (
  `title` varchar(50) CHARACTER SET utf8mb4 COLLATE utf8mb4_0900_ai_ci NOT NULL DEFAULT '' COMMENT '模块标题',
  `business_type` int NOT NULL DEFAULT 0 COMMENT '业务类型',
  `request_method` varchar(10) CHARACTER SET utf8mb4 COLLATE utf8mb4_0900_ai_ci NOT NULL DEFAULT '' COMMENT '请求方式',
  `oper_name` varchar(50) CHARACTER SET utf8mb4 COLLATE utf8mb4_0900_ai_ci NOT NULL DEFAULT '' COMMENT '操作人员',
  `dept_name` varchar(50) CHARACTER SET utf8mb4 COLLATE utf8mb4_0900_ai_ci NOT NULL DEFAULT '' COMMENT '部门名称',
  `oper_url` varchar(255) CHARACTER SET utf8mb4 COLLATE utf8mb4_0900_ai_ci NOT NULL DEFAULT '' COMMENT '请求URL',
  `oper_location` varchar(255) CHARACTER SET utf8mb4 COLLATE utf8mb4_0900_ai_ci NOT NULL DEFAULT '' COMMENT '操作地点',
  `oper_param` varchar(2000) CHARACTER SET utf8mb4 COLLATE utf8mb4_0900_ai_ci NOT NULL DEFAULT '' COMMENT '请求参数',
  `json_result` varchar(2000) CHARACTER SET utf8mb4 COLLATE utf8mb4_0900_ai_ci NOT NULL DEFAULT '' COMMENT '返回参数',
  `error_msg` varchar(2000) CHARACTER SET utf8mb4 COLLATE utf8mb4_0900_ai_ci NOT NULL DEFAULT '' COMMENT '错误消息',
  `oper_id` int NOT NULL AUTO_INCREMENT COMMENT '日志主键',
  `method` varchar(100) CHARACTER SET utf8mb4 COLLATE utf8mb4_0900_ai_ci NOT NULL DEFAULT '' COMMENT '方法名称',
  `oper_ip` varchar(255) CHARACTER SET utf8mb4 COLLATE utf8mb4_0900_ai_ci NOT NULL DEFAULT '' COMMENT '主机地址',
  `oper_time` timestamp(6) NOT NULL DEFAULT CURRENT_TIMESTAMP(6) COMMENT '操作时间',
  `status` char(1) CHARACTER SET utf8mb4 COLLATE utf8mb4_0900_ai_ci NOT NULL DEFAULT '0' COMMENT '登录状态',
  `cost_time` int NOT NULL DEFAULT 0 COMMENT '消耗时间',
  `operator_type` varchar(255) CHARACTER SET utf8mb4 COLLATE utf8mb4_0900_ai_ci NOT NULL DEFAULT '0' COMMENT '操作类别',
  PRIMARY KEY (`oper_id`) USING BTREE
) ENGINE = InnoDB AUTO_INCREMENT = 1 CHARACTER SET = utf8mb4 COLLATE = utf8mb4_0900_ai_ci COMMENT = '操作日志记录' ROW_FORMAT = Dynamic;

-- ----------------------------
-- Records of sys_oper_log
-- ----------------------------

-- ----------------------------
-- Table structure for sys_post
-- ----------------------------
DROP TABLE IF EXISTS `sys_post`;
CREATE TABLE `sys_post`  (
  `post_id` int NOT NULL AUTO_INCREMENT COMMENT '岗位ID',
  `post_code` varchar(64) CHARACTER SET utf8mb4 COLLATE utf8mb4_0900_ai_ci NOT NULL COMMENT '岗位编码',
  `post_name` varchar(50) CHARACTER SET utf8mb4 COLLATE utf8mb4_0900_ai_ci NOT NULL COMMENT '岗位名称',
  `post_sort` int NOT NULL DEFAULT 0 COMMENT '显示顺序',
  `status` char(1) CHARACTER SET utf8mb4 COLLATE utf8mb4_0900_ai_ci NOT NULL DEFAULT '0' COMMENT '状态',
  `create_by` varchar(64) CHARACTER SET utf8mb4 COLLATE utf8mb4_0900_ai_ci NOT NULL DEFAULT '' COMMENT '创建者',
  `create_time` datetime(6) NULL DEFAULT CURRENT_TIMESTAMP(6) COMMENT '创建时间',
  `update_by` varchar(64) CHARACTER SET utf8mb4 COLLATE utf8mb4_0900_ai_ci NOT NULL DEFAULT '' COMMENT '更新者',
  `update_time` datetime(6) NULL DEFAULT CURRENT_TIMESTAMP(6) ON UPDATE CURRENT_TIMESTAMP(6) COMMENT '更新时间',
  `remark` varchar(500) CHARACTER SET utf8mb4 COLLATE utf8mb4_0900_ai_ci NULL DEFAULT NULL COMMENT '备注',
  `del_flag` char(1) CHARACTER SET utf8mb4 COLLATE utf8mb4_0900_ai_ci NOT NULL DEFAULT '0' COMMENT '删除标志',
  PRIMARY KEY (`post_id`) USING BTREE
) ENGINE = InnoDB AUTO_INCREMENT = 5 CHARACTER SET = utf8mb4 COLLATE = utf8mb4_0900_ai_ci COMMENT = '岗位信息表' ROW_FORMAT = Dynamic;

-- ----------------------------
-- Records of sys_post
-- ----------------------------
INSERT INTO `sys_post` VALUES (1, 'ceo', '董事长', 1, '0', 'admin', '2025-02-28 16:52:10.000000', '', NULL, '', '0');
INSERT INTO `sys_post` VALUES (2, 'se', '项目经理', 2, '0', 'admin', '2025-02-28 16:52:10.000000', '', NULL, '', '0');
INSERT INTO `sys_post` VALUES (3, 'hr', '人力资源', 3, '0', 'admin', '2025-02-28 16:52:10.000000', '', NULL, '', '0');
INSERT INTO `sys_post` VALUES (4, 'user', '普通员工', 4, '0', 'admin', '2025-02-28 16:52:10.000000', '', NULL, '', '0');

-- ----------------------------
-- Table structure for sys_role
-- ----------------------------
DROP TABLE IF EXISTS `sys_role`;
CREATE TABLE `sys_role`  (
  `role_id` int NOT NULL AUTO_INCREMENT COMMENT '角色ID',
  `role_name` varchar(30) CHARACTER SET utf8mb4 COLLATE utf8mb4_0900_ai_ci NOT NULL COMMENT '角色名称',
  `role_key` varchar(100) CHARACTER SET utf8mb4 COLLATE utf8mb4_0900_ai_ci NOT NULL COMMENT '角色权限字符串',
  `role_sort` int NOT NULL DEFAULT 0 COMMENT '显示顺序',
  `data_scope` char(1) CHARACTER SET utf8mb4 COLLATE utf8mb4_0900_ai_ci NOT NULL DEFAULT '1' COMMENT '数据范围',
  `menu_check_strictly` tinyint NOT NULL DEFAULT 0 COMMENT '菜单树选择项是否关联显示',
  `dept_check_strictly` tinyint NOT NULL DEFAULT 0 COMMENT '部门树选择项是否关联显示',
  `status` char(1) CHARACTER SET utf8mb4 COLLATE utf8mb4_0900_ai_ci NOT NULL DEFAULT '0' COMMENT '状态',
  `del_flag` char(1) CHARACTER SET utf8mb4 COLLATE utf8mb4_0900_ai_ci NOT NULL DEFAULT '0' COMMENT '删除标志',
  `create_by` varchar(64) CHARACTER SET utf8mb4 COLLATE utf8mb4_0900_ai_ci NOT NULL DEFAULT '' COMMENT '创建者',
  `create_time` datetime(6) NULL DEFAULT CURRENT_TIMESTAMP(6) COMMENT '创建时间',
  `update_by` varchar(64) CHARACTER SET utf8mb4 COLLATE utf8mb4_0900_ai_ci NOT NULL DEFAULT '' COMMENT '更新者',
  `update_time` datetime(6) NULL DEFAULT CURRENT_TIMESTAMP(6) ON UPDATE CURRENT_TIMESTAMP(6) COMMENT '更新时间',
  `remark` varchar(500) CHARACTER SET utf8mb4 COLLATE utf8mb4_0900_ai_ci NULL DEFAULT NULL COMMENT '备注',
  PRIMARY KEY (`role_id`) USING BTREE
) ENGINE = InnoDB AUTO_INCREMENT = 100 CHARACTER SET = utf8mb4 COLLATE = utf8mb4_0900_ai_ci COMMENT = '角色信息表' ROW_FORMAT = Dynamic;

-- ----------------------------
-- Records of sys_role
-- ----------------------------
INSERT INTO `sys_role` VALUES (1, '超级管理员', 'admin', 1, '1', 1, 1, '0', '0', 'admin', '2025-02-28 16:52:10.000000', '', NULL, '超级管理员');
INSERT INTO `sys_role` VALUES (2, '普通角色', 'common', 2, '2', 1, 1, '0', '0', 'admin', '2025-02-28 16:52:10.000000', '', NULL, '普通角色');

-- ----------------------------
-- Table structure for sys_role_dept
-- ----------------------------
DROP TABLE IF EXISTS `sys_role_dept`;
CREATE TABLE `sys_role_dept`  (
  `role_id` int NOT NULL DEFAULT 0 COMMENT '角色ID',
  `dept_id` int NOT NULL DEFAULT 0 COMMENT '部门ID',
  PRIMARY KEY (`role_id`, `dept_id`) USING BTREE
) ENGINE = InnoDB CHARACTER SET = utf8mb4 COLLATE = utf8mb4_0900_ai_ci COMMENT = '角色和部门关联表' ROW_FORMAT = Dynamic;

-- ----------------------------
-- Records of sys_role_dept
-- ----------------------------
INSERT INTO `sys_role_dept` VALUES (2, 100);
INSERT INTO `sys_role_dept` VALUES (2, 101);
INSERT INTO `sys_role_dept` VALUES (2, 105);

-- ----------------------------
-- Table structure for sys_role_menu
-- ----------------------------
DROP TABLE IF EXISTS `sys_role_menu`;
CREATE TABLE `sys_role_menu`  (
  `role_id` int NOT NULL DEFAULT 0 COMMENT '角色ID',
  `menu_id` int NOT NULL DEFAULT 0 COMMENT '菜单ID',
  PRIMARY KEY (`role_id`, `menu_id`) USING BTREE
) ENGINE = InnoDB CHARACTER SET = utf8mb4 COLLATE = utf8mb4_0900_ai_ci COMMENT = '角色和菜单关联表' ROW_FORMAT = Dynamic;

-- ----------------------------
-- Records of sys_role_menu
-- ----------------------------
INSERT INTO `sys_role_menu` VALUES (2, 1);
INSERT INTO `sys_role_menu` VALUES (2, 2);
INSERT INTO `sys_role_menu` VALUES (2, 3);
INSERT INTO `sys_role_menu` VALUES (2, 4);
INSERT INTO `sys_role_menu` VALUES (2, 100);
INSERT INTO `sys_role_menu` VALUES (2, 101);
INSERT INTO `sys_role_menu` VALUES (2, 102);
INSERT INTO `sys_role_menu` VALUES (2, 103);
INSERT INTO `sys_role_menu` VALUES (2, 104);
INSERT INTO `sys_role_menu` VALUES (2, 105);
INSERT INTO `sys_role_menu` VALUES (2, 106);
INSERT INTO `sys_role_menu` VALUES (2, 107);
INSERT INTO `sys_role_menu` VALUES (2, 108);
INSERT INTO `sys_role_menu` VALUES (2, 109);
INSERT INTO `sys_role_menu` VALUES (2, 110);
INSERT INTO `sys_role_menu` VALUES (2, 111);
INSERT INTO `sys_role_menu` VALUES (2, 112);
INSERT INTO `sys_role_menu` VALUES (2, 113);
INSERT INTO `sys_role_menu` VALUES (2, 114);
INSERT INTO `sys_role_menu` VALUES (2, 115);
INSERT INTO `sys_role_menu` VALUES (2, 116);
INSERT INTO `sys_role_menu` VALUES (2, 117);
INSERT INTO `sys_role_menu` VALUES (2, 500);
INSERT INTO `sys_role_menu` VALUES (2, 501);
INSERT INTO `sys_role_menu` VALUES (2, 1000);
INSERT INTO `sys_role_menu` VALUES (2, 1001);
INSERT INTO `sys_role_menu` VALUES (2, 1002);
INSERT INTO `sys_role_menu` VALUES (2, 1003);
INSERT INTO `sys_role_menu` VALUES (2, 1004);
INSERT INTO `sys_role_menu` VALUES (2, 1005);
INSERT INTO `sys_role_menu` VALUES (2, 1006);
INSERT INTO `sys_role_menu` VALUES (2, 1007);
INSERT INTO `sys_role_menu` VALUES (2, 1008);
INSERT INTO `sys_role_menu` VALUES (2, 1009);
INSERT INTO `sys_role_menu` VALUES (2, 1010);
INSERT INTO `sys_role_menu` VALUES (2, 1011);
INSERT INTO `sys_role_menu` VALUES (2, 1012);
INSERT INTO `sys_role_menu` VALUES (2, 1013);
INSERT INTO `sys_role_menu` VALUES (2, 1014);
INSERT INTO `sys_role_menu` VALUES (2, 1015);
INSERT INTO `sys_role_menu` VALUES (2, 1016);
INSERT INTO `sys_role_menu` VALUES (2, 1017);
INSERT INTO `sys_role_menu` VALUES (2, 1018);
INSERT INTO `sys_role_menu` VALUES (2, 1019);
INSERT INTO `sys_role_menu` VALUES (2, 1020);
INSERT INTO `sys_role_menu` VALUES (2, 1021);
INSERT INTO `sys_role_menu` VALUES (2, 1022);
INSERT INTO `sys_role_menu` VALUES (2, 1023);
INSERT INTO `sys_role_menu` VALUES (2, 1024);
INSERT INTO `sys_role_menu` VALUES (2, 1025);
INSERT INTO `sys_role_menu` VALUES (2, 1026);
INSERT INTO `sys_role_menu` VALUES (2, 1027);
INSERT INTO `sys_role_menu` VALUES (2, 1028);
INSERT INTO `sys_role_menu` VALUES (2, 1029);
INSERT INTO `sys_role_menu` VALUES (2, 1030);
INSERT INTO `sys_role_menu` VALUES (2, 1031);
INSERT INTO `sys_role_menu` VALUES (2, 1032);
INSERT INTO `sys_role_menu` VALUES (2, 1033);
INSERT INTO `sys_role_menu` VALUES (2, 1034);
INSERT INTO `sys_role_menu` VALUES (2, 1035);
INSERT INTO `sys_role_menu` VALUES (2, 1036);
INSERT INTO `sys_role_menu` VALUES (2, 1037);
INSERT INTO `sys_role_menu` VALUES (2, 1038);
INSERT INTO `sys_role_menu` VALUES (2, 1039);
INSERT INTO `sys_role_menu` VALUES (2, 1040);
INSERT INTO `sys_role_menu` VALUES (2, 1041);
INSERT INTO `sys_role_menu` VALUES (2, 1042);
INSERT INTO `sys_role_menu` VALUES (2, 1043);
INSERT INTO `sys_role_menu` VALUES (2, 1044);
INSERT INTO `sys_role_menu` VALUES (2, 1045);
INSERT INTO `sys_role_menu` VALUES (2, 1046);
INSERT INTO `sys_role_menu` VALUES (2, 1047);
INSERT INTO `sys_role_menu` VALUES (2, 1048);
INSERT INTO `sys_role_menu` VALUES (2, 1049);
INSERT INTO `sys_role_menu` VALUES (2, 1050);
INSERT INTO `sys_role_menu` VALUES (2, 1051);
INSERT INTO `sys_role_menu` VALUES (2, 1052);
INSERT INTO `sys_role_menu` VALUES (2, 1053);
INSERT INTO `sys_role_menu` VALUES (2, 1054);
INSERT INTO `sys_role_menu` VALUES (2, 1055);
INSERT INTO `sys_role_menu` VALUES (2, 1056);
INSERT INTO `sys_role_menu` VALUES (2, 1057);
INSERT INTO `sys_role_menu` VALUES (2, 1058);
INSERT INTO `sys_role_menu` VALUES (2, 1059);
INSERT INTO `sys_role_menu` VALUES (2, 1060);

-- ----------------------------
-- Table structure for sys_upload
-- ----------------------------
DROP TABLE IF EXISTS `sys_upload`;
CREATE TABLE `sys_upload`  (
  `status` char(1) CHARACTER SET utf8mb4 COLLATE utf8mb4_0900_ai_ci NOT NULL DEFAULT '0' COMMENT '状态',
  `del_flag` char(1) CHARACTER SET utf8mb4 COLLATE utf8mb4_0900_ai_ci NOT NULL DEFAULT '0' COMMENT '删除标志',
  `create_by` varchar(64) CHARACTER SET utf8mb4 COLLATE utf8mb4_0900_ai_ci NOT NULL DEFAULT '' COMMENT '创建者',
  `create_time` datetime(6) NULL DEFAULT CURRENT_TIMESTAMP(6) COMMENT '创建时间',
  `update_by` varchar(64) CHARACTER SET utf8mb4 COLLATE utf8mb4_0900_ai_ci NOT NULL DEFAULT '' COMMENT '更新者',
  `update_time` datetime(6) NULL DEFAULT CURRENT_TIMESTAMP(6) ON UPDATE CURRENT_TIMESTAMP(6) COMMENT '更新时间',
  `remark` varchar(500) CHARACTER SET utf8mb4 COLLATE utf8mb4_0900_ai_ci NULL DEFAULT NULL COMMENT '备注',
  `upload_id` varchar(255) CHARACTER SET utf8mb4 COLLATE utf8mb4_0900_ai_ci NOT NULL COMMENT '任务Id',
  `size` int NOT NULL COMMENT '文件大小',
  `file_name` varchar(255) CHARACTER SET utf8mb4 COLLATE utf8mb4_0900_ai_ci NOT NULL COMMENT '文件路径',
  `new_file_name` varchar(255) CHARACTER SET utf8mb4 COLLATE utf8mb4_0900_ai_ci NOT NULL COMMENT '文件名',
  `url` varchar(255) CHARACTER SET utf8mb4 COLLATE utf8mb4_0900_ai_ci NOT NULL COMMENT '文件地址',
  `ext` varchar(255) CHARACTER SET utf8mb4 COLLATE utf8mb4_0900_ai_ci NULL DEFAULT NULL COMMENT '拓展名',
  PRIMARY KEY (`upload_id`) USING BTREE
) ENGINE = InnoDB CHARACTER SET = utf8mb4 COLLATE = utf8mb4_0900_ai_ci COMMENT = '文件上传记录' ROW_FORMAT = Dynamic;

-- ----------------------------
-- Records of sys_upload
-- ----------------------------

-- ----------------------------
-- Table structure for sys_user
-- ----------------------------
DROP TABLE IF EXISTS `sys_user`;
CREATE TABLE `sys_user`  (
  `user_id` int NOT NULL AUTO_INCREMENT COMMENT '用户ID',
  `dept_id` int NULL DEFAULT NULL COMMENT '部门ID',
  `user_name` varchar(30) CHARACTER SET utf8mb4 COLLATE utf8mb4_0900_ai_ci NOT NULL COMMENT '用户账号',
  `nick_name` varchar(30) CHARACTER SET utf8mb4 COLLATE utf8mb4_0900_ai_ci NOT NULL COMMENT '用户昵称',
  `user_type` varchar(2) CHARACTER SET utf8mb4 COLLATE utf8mb4_0900_ai_ci NOT NULL DEFAULT '00' COMMENT '用户类型',
  `email` varchar(50) CHARACTER SET utf8mb4 COLLATE utf8mb4_0900_ai_ci NOT NULL DEFAULT '' COMMENT '邮箱',
  `phonenumber` varchar(11) CHARACTER SET utf8mb4 COLLATE utf8mb4_0900_ai_ci NOT NULL DEFAULT '' COMMENT '手机号码',
  `sex` char(1) CHARACTER SET utf8mb4 COLLATE utf8mb4_0900_ai_ci NOT NULL DEFAULT '0' COMMENT '性别',
  `password` varchar(200) CHARACTER SET utf8mb4 COLLATE utf8mb4_0900_ai_ci NOT NULL DEFAULT '' COMMENT '用户登录密码',
  `status` char(1) CHARACTER SET utf8mb4 COLLATE utf8mb4_0900_ai_ci NOT NULL DEFAULT '0' COMMENT '状态',
  `del_flag` char(1) CHARACTER SET utf8mb4 COLLATE utf8mb4_0900_ai_ci NOT NULL DEFAULT '0' COMMENT '删除标志',
  `login_ip` varchar(128) CHARACTER SET utf8mb4 COLLATE utf8mb4_0900_ai_ci NOT NULL DEFAULT '' COMMENT '最后登录IP',
  `create_by` varchar(64) CHARACTER SET utf8mb4 COLLATE utf8mb4_0900_ai_ci NOT NULL DEFAULT '' COMMENT '创建者',
  `create_time` datetime(6) NULL DEFAULT CURRENT_TIMESTAMP(6) COMMENT '创建时间',
  `update_by` varchar(64) CHARACTER SET utf8mb4 COLLATE utf8mb4_0900_ai_ci NOT NULL DEFAULT '' COMMENT '更新者',
  `update_time` datetime(6) NULL DEFAULT CURRENT_TIMESTAMP(6) ON UPDATE CURRENT_TIMESTAMP(6) COMMENT '更新时间',
  `remark` varchar(500) CHARACTER SET utf8mb4 COLLATE utf8mb4_0900_ai_ci NULL DEFAULT NULL COMMENT '备注',
  `avatar` varchar(255) CHARACTER SET utf8mb4 COLLATE utf8mb4_0900_ai_ci NOT NULL DEFAULT '' COMMENT '头像地址',
  `login_date` timestamp NULL DEFAULT NULL COMMENT '最后登录时间',
  PRIMARY KEY (`user_id`) USING BTREE
) ENGINE = InnoDB AUTO_INCREMENT = 100 CHARACTER SET = utf8mb4 COLLATE = utf8mb4_0900_ai_ci COMMENT = '用户信息表' ROW_FORMAT = Dynamic;

-- ----------------------------
-- Records of sys_user
-- ----------------------------
INSERT INTO `sys_user` VALUES (1, 103, 'admin', 'nest-admin', '00', 'ry@163.com', '15888888888', '1', '$2b$10$d4Z9Iq.v9J4pjX55I9mzRuPHsOMKLupOqxlb/UfbD9oYsYxd5ezeS', '0', '0', '::1', 'admin', '2025-02-28 16:52:10.000000', '', '2026-06-15 23:40:19.000000', '管理员', '', '2026-06-15 23:40:20');
INSERT INTO `sys_user` VALUES (2, 105, 'ry', 'nest-admin', '00', 'ry@qq.com', '15666666666', '1', '$2b$10$d4Z9Iq.v9J4pjX55I9mzRuPHsOMKLupOqxlb/UfbD9oYsYxd5ezeS', '0', '0', '127.0.0.1', 'admin', '2025-02-28 16:52:10.000000', '', NULL, '测试员', '', NULL);

-- ----------------------------
-- Table structure for sys_user_post
-- ----------------------------
DROP TABLE IF EXISTS `sys_user_post`;
CREATE TABLE `sys_user_post`  (
  `user_id` int NOT NULL COMMENT '用户ID',
  `post_id` int NOT NULL COMMENT '岗位ID',
  PRIMARY KEY (`user_id`, `post_id`) USING BTREE
) ENGINE = InnoDB CHARACTER SET = utf8mb4 COLLATE = utf8mb4_0900_ai_ci COMMENT = '用户与岗位关联表' ROW_FORMAT = Dynamic;

-- ----------------------------
-- Records of sys_user_post
-- ----------------------------
INSERT INTO `sys_user_post` VALUES (1, 1);
INSERT INTO `sys_user_post` VALUES (2, 2);

-- ----------------------------
-- Table structure for sys_user_role
-- ----------------------------
DROP TABLE IF EXISTS `sys_user_role`;
CREATE TABLE `sys_user_role`  (
  `user_id` int NOT NULL COMMENT '用户ID',
  `role_id` int NOT NULL COMMENT '角色ID',
  PRIMARY KEY (`user_id`, `role_id`) USING BTREE
) ENGINE = InnoDB CHARACTER SET = utf8mb4 COLLATE = utf8mb4_0900_ai_ci COMMENT = '用户和角色关联表' ROW_FORMAT = Dynamic;

-- ----------------------------
-- Records of sys_user_role
-- ----------------------------
INSERT INTO `sys_user_role` VALUES (1, 1);
INSERT INTO `sys_user_role` VALUES (2, 2);

-- ----------------------------
-- Table structure for user
-- ----------------------------
DROP TABLE IF EXISTS `user`;
CREATE TABLE `user`  (
  `id` varchar(20) CHARACTER SET utf8mb4 COLLATE utf8mb4_zh_0900_as_cs NOT NULL COMMENT '用户id',
  `nickname` varchar(30) CHARACTER SET utf8mb4 COLLATE utf8mb4_zh_0900_as_cs NULL DEFAULT NULL COMMENT '用户昵称',
  `gender` varchar(10) CHARACTER SET utf8mb4 COLLATE utf8mb4_zh_0900_as_cs NULL DEFAULT NULL COMMENT '用户性别',
  `location` varchar(200) CHARACTER SET utf8mb4 COLLATE utf8mb4_zh_0900_as_cs NULL DEFAULT NULL COMMENT '用户所在地',
  `birthday` varchar(40) CHARACTER SET utf8mb4 COLLATE utf8mb4_zh_0900_as_cs NULL DEFAULT NULL COMMENT '用户出生日期',
  `description` varchar(400) CHARACTER SET utf8mb4 COLLATE utf8mb4_zh_0900_as_cs NULL DEFAULT NULL COMMENT '用户简介',
  `verifiedReason` varchar(140) CHARACTER SET utf8mb4 COLLATE utf8mb4_zh_0900_as_cs NULL DEFAULT NULL COMMENT '用户认证',
  `talent` varchar(200) CHARACTER SET utf8mb4 COLLATE utf8mb4_zh_0900_as_cs NULL DEFAULT NULL COMMENT '用户标签',
  `education` varchar(200) CHARACTER SET utf8mb4 COLLATE utf8mb4_zh_0900_as_cs NULL DEFAULT NULL COMMENT '用户学习经历',
  `work` varchar(200) CHARACTER SET utf8mb4 COLLATE utf8mb4_zh_0900_as_cs NULL DEFAULT NULL COMMENT '用户工作经历',
  `weiboNum` int NULL DEFAULT NULL COMMENT '微博数',
  `following` int NULL DEFAULT NULL COMMENT '关注数',
  `followers` int NULL DEFAULT NULL COMMENT '粉丝数',
  PRIMARY KEY (`id`) USING BTREE
) ENGINE = InnoDB CHARACTER SET = utf8mb4 COLLATE = utf8mb4_zh_0900_as_cs ROW_FORMAT = Dynamic;

-- ----------------------------
-- Records of user
-- ----------------------------

-- ----------------------------
-- Table structure for weibo
-- ----------------------------
DROP TABLE IF EXISTS `weibo`;
CREATE TABLE `weibo`  (
  `id` varchar(10) CHARACTER SET utf8mb4 COLLATE utf8mb4_zh_0900_as_cs NOT NULL COMMENT '微博id',
  `userId` varchar(12) CHARACTER SET utf8mb4 COLLATE utf8mb4_zh_0900_as_cs NULL DEFAULT NULL COMMENT '微博用户id',
  `content` varchar(5000) CHARACTER SET utf8mb4 COLLATE utf8mb4_zh_0900_as_cs NULL DEFAULT NULL COMMENT '微博正文',
  `articleUrl` varchar(200) CHARACTER SET utf8mb4 COLLATE utf8mb4_zh_0900_as_cs NULL DEFAULT NULL COMMENT '头条文章url',
  `originalPictures` varchar(3000) CHARACTER SET utf8mb4 COLLATE utf8mb4_zh_0900_as_cs NULL DEFAULT NULL COMMENT '原始图片url',
  `retweetPictures` varchar(3000) CHARACTER SET utf8mb4 COLLATE utf8mb4_zh_0900_as_cs NULL DEFAULT NULL COMMENT '转发图片url',
  `original` tinyint NOT NULL DEFAULT 1 COMMENT '是否原创',
  `videoUrl` varchar(300) CHARACTER SET utf8mb4 COLLATE utf8mb4_zh_0900_as_cs NULL DEFAULT NULL COMMENT '视频url',
  `publishPlace` varchar(100) CHARACTER SET utf8mb4 COLLATE utf8mb4_zh_0900_as_cs NULL DEFAULT NULL COMMENT '发布位置',
  `publishTime` datetime NULL DEFAULT NULL COMMENT '发布时间',
  `publishTool` varchar(30) CHARACTER SET utf8mb4 COLLATE utf8mb4_zh_0900_as_cs NULL DEFAULT NULL COMMENT '发布工具',
  `upNum` int NOT NULL DEFAULT 0 COMMENT '点赞数',
  `retweetNum` int NOT NULL DEFAULT 0 COMMENT '转发数',
  `commentNum` int NOT NULL DEFAULT 0 COMMENT '评论数',
  PRIMARY KEY (`id`) USING BTREE
) ENGINE = InnoDB CHARACTER SET = utf8mb4 COLLATE = utf8mb4_zh_0900_as_cs ROW_FORMAT = Dynamic;

-- ----------------------------
-- Records of weibo
-- ----------------------------
INSERT INTO `weibo` VALUES ('MAVz4kixA', '1781372535', '很多朋友问我这三年去哪了，不发歌也不更新动态。感谢大家的关心，这几年转了幕后，经营了一家音乐公司，每天很辛苦也很充实，今天我就分享一下自己的生活。 徐良L的微博视频  ', '', '无', '', 1, 'https://f.video.weibocdn.com/o0/YndXaosYlx084uglhF0401041204eLcq0E020.mp4?label=mp4_720p&template=720x1280.24.0&Expires=1781428944&ssig=iATdpY%2FBDm&KID=unistore,video', '无', '2023-04-07 22:01:00', 'iPhone客户端', 98301, 10252, 5610);
INSERT INTO `weibo` VALUES ('ME6misLrE', '1781372535', '2023，加油！ 徐良L的微博视频  ', '', '无', '', 1, 'https://f.video.weibocdn.com/o0/2ui2ScXplx0851yzTOgw01041201bw3Q0E010.mp4?label=mp4_720p&template=720x1280.24.0&Expires=1781428944&ssig=v3z67E%2B4ux&KID=unistore,video', '无', '2023-04-28 19:00:00', 'iPhone客户端', 7859, 3119, 1480);
INSERT INTO `weibo` VALUES ('MEHW05Ef0', '1781372535', '上课的时候，学生们最喜欢听我说那些往事。明明就在眼前，却已经过去了十几年，时光是个急性子，拉着我们飞奔，一不小心就会错过一场青春。 徐良L的微博视频  ', '', '无', '', 1, 'https://f.video.weibocdn.com/o0/25A15SN0lx0857UJNsCA010412018c6D0E010.mp4?label=mp4_720p&template=720x1280.24.0&Expires=1781428944&ssig=eP3YpTEFPR&KID=unistore,video', '无', '2023-05-02 18:40:00', 'iPhone客户端', 7865, 2705, 1120);
INSERT INTO `weibo` VALUES ('MFjSGri6P', '1781372535', '已经忙冒烟了 徐良L的微博视频  ', '', '无', '', 1, 'https://f.video.weibocdn.com/o0/4ivNbQ5Nlx085ekMHNgk01041200wlDR0E010.mp4?label=mp4_720p&template=720x1280.24.0&Expires=1781428944&ssig=aZN7Rsz%2BV0&KID=unistore,video', '无', '2023-05-06 19:16:00', 'iPhone客户端', 4172, 3037, 1098);
INSERT INTO `weibo` VALUES ('MFM7xi7KW', '1781372535', '大家喜欢听我讲课还是听我和泷哥的故事？ 徐良L的微博视频  ', '', '无', '', 1, 'https://f.video.weibocdn.com/o0/gRZuXsT8lx085j781uGk01041200M9St0E010.mp4?label=mp4_720p&template=720x1280.24.0&Expires=1781428943&ssig=ijhR7Yfgav&KID=unistore,video', '无', '2023-05-09 19:10:00', 'iPhone客户端', 7323, 3055, 1122);
INSERT INTO `weibo` VALUES ('N1kRD4bAl', '1781372535', '我的人生中做过两件骄傲的事，一件是成为了90后的青春，另一件就是让我的学生们都写出了代表作。 徐良L的微博视频  ', '', '无', '', 1, 'https://f.video.weibocdn.com/o0/RACcH4fplx085z3bCZKU01041201x1p00E010.mp4?label=mp4_720p&template=720x1280.24.0&Expires=1781428943&ssig=O1T7APddvc&KID=unistore,video', '无', '2023-05-19 18:59:00', 'iPhone客户端', 6572, 3605, 1530);
INSERT INTO `weibo` VALUES ('N4wSHmuKI', '1781372535', '你知道一首歌是怎么做出来的吗？ 徐良L的微博视频  ', '', '无', '', 1, 'https://f.video.weibocdn.com/o0/xiWFBIWylx0866yi6Nri01041202JKge0E010.mp4?label=mp4_720p&template=720x1280.24.0&Expires=1781428943&ssig=cOr9U60mTn&KID=unistore,video', '无', '2023-06-09 19:05:00', '微博视频号', 5479, 4874, 2473);
INSERT INTO `weibo` VALUES ('N8DAh8xtl', '1781372535', '加班吧朋友 徐良L的微博视频  ', '', '无', '', 1, 'https://f.video.weibocdn.com/o0/Oc1x9E8Tlx086NEcXOZ201041201x3im0E010.mp4?label=mp4_720p&template=720x1280.24.0&Expires=1781428943&ssig=4gp2LaRoa%2B&KID=unistore,video', '无', '2023-07-06 19:30:00', '微博视频号', 6514, 5119, 3372);
INSERT INTO `weibo` VALUES ('NBZeeDPii', '1781372535', '线上创作课开始啦 徐良L的微博视频  ', '', '无', '', 1, 'https://f.video.weibocdn.com/o0/q4c5w3aAlx08bLvMJidi0104120045QU0E010.mp4?label=mp4_hd&template=540x960.24.0&Expires=1781428930&ssig=uXjoT98mD8&KID=unistore,video', '无', '2024-01-15 19:55:00', '微博视频号', 3923, 3959, 1916);
INSERT INTO `weibo` VALUES ('NfJpW4JCH', '1781372535', '安利披荆斩棘主题曲#一种很新的披荆斩棘主题曲挑战##披荆斩棘# 徐良L的微博视频  ', '', '无', '', 1, 'https://f.video.weibocdn.com/o0/sqnHfIvGlx08803OxbXW01041200er9Q0E010.mp4?label=mp4_720p&template=720x1280.24.0&Expires=1781428942&ssig=806qW%2FFOcC&KID=unistore,video', '无', '2023-08-22 11:13:00', 'iPhone客户端', 4821, 1687, 1206);
INSERT INTO `weibo` VALUES ('NFvR67OrY', '1781372535', '今天是我的生日，来祝福我吧！  ', '', '无', '', 1, '无', '无', '2024-02-08 00:30:00', '生日动态', 2772, 230, 2010);
INSERT INTO `weibo` VALUES ('Ngdqx145E', '1781372535', '《坏女孩》#徐良初舞台唱坏女孩##披荆斩棘# 徐良L的微博视频  ', '', '无', '', 1, 'https://f.video.weibocdn.com/o0/tLJ6pfcSlx08858JN12U01041200VwBp0E010.mp4?label=mp4_720p&template=1280x720.25.0&Expires=1781428942&ssig=aqx8Vli7AM&KID=unistore,video', '无', '2023-08-25 15:37:00', 'iPhone客户端', 61043, 9661, 7115);
INSERT INTO `weibo` VALUES ('Nhhr9FCCF', '1781372535', '最好的老师 最好的搭档们@關智斌 @JawnHa何展成 #关智斌徐良何展成悬溺##披荆斩棘# 徐良L的微博视频  ', '', '无', '', 1, 'https://f.video.weibocdn.com/u0/32xcOU87gx088gj968H601041201vMec0E010.mp4?label=mp4_720p&template=1280x720.25.0&Expires=1781428941&ssig=J3mMHIGqj%2B&KID=unistore,video', '无', '2023-09-01 15:40:00', '微博视频号', 27059, 3033, 3958);
INSERT INTO `weibo` VALUES ('Nj0N2vckX', '1781372535', '我结婚的时候你一定要来@张远Bird #徐良对张远说我结婚的时候你一定要来##披荆斩棘#  原图 ', '', 'https://wx2.sinaimg.cn/large/6a2d9677ly1hhuad6bssyj235s35s7wm.jpg', '', 1, '无', '无', '2023-09-13 00:58:00', 'iPhone 14 Pro Max', 30023, 966, 2597);
INSERT INTO `weibo` VALUES ('NjykGn6bd', '1781372535', '@张远Bird @HelloDance马晓龙  有了二位搭档的鼎力支持，《伶人》才会被选上，看到自己写的歌在舞台上活过来，感动到热泪盈眶。谢谢，很荣幸能与二位同台演出。#张远徐良马晓龙伶人舞台##披荆斩棘# 徐良L的微博视频  ', '', '无', '', 1, 'https://f.video.weibocdn.com/o0/UeKMq5gIlx088E97Wh6001041202MyKC0E010.mp4?label=mp4_720p&template=1280x720.25.0&Expires=1781428932&ssig=fgF5YLICHi&KID=unistore,video', '无', '2023-09-16 14:21:00', '微博视频号', 34448, 9945, 4806);
INSERT INTO `weibo` VALUES ('Nk0QJkTPq', '1781372535', '致我亲爱的朋友们，见字如面，已经四年没有站在话筒前好好的录一首歌，既然录了，那就聊聊我的这几年。#徐良[超话]##徐良见字如面# 《见字如面》 见字如面 @QQ音乐《见字如面》见字如面 （@酷狗音乐）网页链接  原图 ', '', 'https://wx3.sinaimg.cn/large/6a2d9677ly1hi1wdyc3ayj24dh4dhx6s.jpg', '', 1, '无', '无', '2023-09-19 14:57:00', '徐良超话', 12037, 10049, 4401);
INSERT INTO `weibo` VALUES ('Nk25W8bWk', '1781372535', '一首新歌，致每一位关心我的老朋友，多年未见，见字如面。#徐良见字如面# 徐良L的微博视频  ', '', '无', '', 1, 'https://f.video.weibocdn.com/o0/p6LEWib3lx088Jbk8kBW01041200NEDN0E010.mp4?label=mp4_720p&template=720x1280.24.0&Expires=1781428932&ssig=3W1GkUZ%2FSK&KID=unistore,video', '无', '2023-09-19 18:07:00', '微博视频号', 19971, 7314, 3265);
INSERT INTO `weibo` VALUES ('Nk9bTbwTQ', '1781372535', '感谢老朋友酷狗，给我做了一个视频铃声的歌单，里面有这些年做的爆款歌，都是我引以为豪的学生们写的，听听看，你应该都听过的。 #徐良酷狗视频铃声#徐良热歌「视频铃声」特辑 戳→网页链接还有特别策划活动「#徐良哪首歌是你的青春# 」戳→网页链接 你选哪一首？  原图 ', '', 'https://wx4.sinaimg.cn/large/6a2d9677ly1hi2v5wrha2j20s71p5q82.jpg', '', 1, '无', '无', '2023-09-20 12:11:00', 'iPhone 14 Pro Max', 5685, 3250, 2349);
INSERT INTO `weibo` VALUES ('No9jy39lO', '1781372535', '@關智斌 关哥的任务完成了，下面该我了。@容祖儿 期待见到祖儿姐 徐良L的微博视频  ', '', '无', '', 1, 'https://f.video.weibocdn.com/o0/pjwg9Xtxlx089qmujGeQ010412011CUm0E010.mp4?label=mp4_720p&template=720x1280.24.0&Expires=1781428931&ssig=Psz3M6YN62&KID=unistore,video', '无', '2023-10-16 19:51:00', '微博视频号', 19347, 3019, 2196);
INSERT INTO `weibo` VALUES ('NoSHsrbST', '1781372535', '#时光音乐会寻找消失的歌手##时光音乐会# 偷偷摸摸得营业了  原图 ', '', 'https://wx1.sinaimg.cn/large/6a2d9677ly1hj2wz59c4lj20yp1nru0x.jpg', '', 1, '无', '无', '2023-10-21 15:24:00', 'iPhone 14 Pro Max', 7462, 997, 1245);
INSERT INTO `weibo` VALUES ('NoVlRsbYm', '1781372535', '#徐良七秒钟的记忆回忆杀# 很开心能够来到《时光音乐会·老友记》，和我的好朋友们一起回忆以前的音乐时光～#时光音乐会# 湖南卫视时光音乐会的微博视频  ', '', '无', '', 1, 'https://f.video.weibocdn.com/o0/6KGep6t5lx089yp1QURG01041200xoPZ0E010.mp4?label=mp4_720p&template=1280x720.25.0&Expires=1781428931&ssig=xio6ClQztS&KID=unistore,video', '无', '2023-10-21 22:09:00', '微博视频号', 7209, 4047, 2014);
INSERT INTO `weibo` VALUES ('NpVCrrkwf', '1781372535', '回TME老家讲课了  [组图共9张] 原图 ', '', 'https://ww1.sinaimg.cn/large/6a2d9677ly1hjavlz34l6j21hc0zk41a.jpg,https://ww2.sinaimg.cn/large/6a2d9677ly1hjavlz8s41j21hb0zk770.jpg,https://ww4.sinaimg.cn/large/6a2d9677ly1hjavlzgkk2j21hb0zkteb.jpg,https://ww1.sinaimg.cn/large/6a2d9677ly1hjavlzrm2tj21hb0zkdn5.jpg,https://ww4.sinaimg.cn/large/6a2d9677ly1hjavlzyqxjj21hb0zkdiw.jpg,https://ww3.sinaimg.cn/large/6a2d9677ly1hjavm05317j21hc0zkgrp.jpg,https://ww2.sinaimg.cn/large/6a2d9677ly1hjavm0wz2nj22ak1j27wh.jpg,https://ww2.sinaimg.cn/large/6a2d9677ly1hjavm15zepj21hy0zyq4z.jpg,https://ww4.sinaimg.cn/large/6a2d9677ly1hjavlywv2sj21381mutl7.jpg', '', 1, '无', '无', '2023-10-28 12:40:00', 'iPhone 14 Pro Max', 7895, 1076, 4161);
INSERT INTO `weibo` VALUES ('NuexWe3pa', '1781372535', '音乐的全局思维 徐良L的微博视频  ', '', '无', '', 1, 'https://f.video.weibocdn.com/o0/aQ1Ys84klx08asbyClPi01041201dGqp0E010.mp4?label=mp4_720p&template=720x1280.24.0&Expires=1781428930&ssig=bbIgYxEh%2Fk&KID=unistore,video', '无', '2023-11-25 20:12:00', '微博视频号', 4159, 4324, 3102);
INSERT INTO `weibo` VALUES ('Nv99X5XkP', '1781372535', '艺术来源于生活 徐良L的微博视频  ', '', '无', '', 1, 'https://f.video.weibocdn.com/o0/LXaIj5Phlx08aBLpE4Fi01041201ElzK0E010.mp4?label=mp4_720p&template=720x1280.24.0&Expires=1781428930&ssig=A2j6FMkq1O&KID=unistore,video', '无', '2023-12-01 20:20:00', '微博视频号', 4460, 7371, 5387);
INSERT INTO `weibo` VALUES ('O2PyM8fgA', '1781372535', ':#巅峰盛典全阵容官宣# 首先感谢QQ音乐巅峰盛典的邀请，我热爱音乐的精神状态是「坚持与热爱」，虽然在创作的道路上一定会有坎坷，但我觉得能够坚持产出作品的人，肯定是既可以耐得住寂寞，又可以对自己热爱的事情不留余力的去努力，这样才会将更多更好的作品带给大家。3月30日，我在广州大学城体育中心体育场，等你们与我一起前往巅峰时刻～点滴热爱，成就巅峰！#巅峰盛典阵容#        [', '', '无', '', 1, '无', '无', '2024-02-29 13:42:00', 'iPhone 14 Pro Max', 2240, 181, 707);
INSERT INTO `weibo` VALUES ('O2QLvielQ', '1781372535', '37岁老夹子营业 徐良L的微博视频  ', '', '无', '', 1, 'https://f.video.weibocdn.com/o0/aF7NxtG1lx08cV4SgPu001041200fXf40E010.mp4?label=mp4_hd&template=852x480.25.0&Expires=1781428927&ssig=1cB7bRo%2FmT&KID=unistore,video', '无', '2024-02-29 16:46:00', '微博视频号', 8001, 606, 3402);
INSERT INTO `weibo` VALUES ('P9YGr8l2J', '1781372535', '#超级巅峰之夜Passion官宣# 每个有音乐与大家相伴的时刻都值得珍藏，是专属于我们的年度Passion时刻！3月9日在成都东安湖体育公园主体育场，相遇在 #QQ音乐超级巅峰之夜# 一起 MUSIC FOR PASSION，音乐向上！#微博演出季# [查看全部图片/视频] ', '', '无', '', 1, '无', '无', '2025-01-17 12:32:00', 'HUAWEI Mate 70 RS', 2504, 307, 1056);
INSERT INTO `weibo` VALUES ('PdfmcFiSZ', '1781372535', '今天是我的生日，来祝福我吧！  ', '', '无', '', 1, '无', '无', '2025-02-08 00:30:00', '生日动态', 2702, 311, 1563);
INSERT INTO `weibo` VALUES ('PhNcc8Z9f', '1781372535', '明星动态  ', '', '无', '', 1, '无', '无', '2025-03-09 22:00:00', '明星动态', 3239, 315, 2379);
INSERT INTO `weibo` VALUES ('QAsuEljCr', '1781372535', '南昌校区的同学们请注意，我校开学时间为5月15日/16日/17日。请各位同学牢记报到时间，准时返校、有序报到，不迟到、不缺席，顺利开启新学期。 #徐良时间折叠巡回演唱会##追live日历##微博演出季#  原图 ', '', 'https://wx4.sinaimg.cn/large/6a2d9677ly1ic40fl3xv0j23wq5v5e8c.jpg', '', 1, '无', '无', '2026-04-12 14:57:00', '华为Mate 80 RS', 8117, 510, 2547);
INSERT INTO `weibo` VALUES ('QAUN17Ih1', '1781372535', '成都的同学们请注意，我校五一假期新生扩招开启，在原先5月1日/2日/3日的基础上，新增了5月4日/5日，请同学们看好日期，按时报到。#徐良时间折叠巡回演唱会##追live日历##微博演出季#  原图 ', '', 'https://wx3.sinaimg.cn/large/6a2d9677ly1ic7hcrjtrdj23wq5v5nph.jpg', '', 1, '无', '无', '2026-04-15 15:00:00', '华为Mate 80 RS', 7936, 577, 2836);
INSERT INTO `weibo` VALUES ('QBIEzvLvM', '1781372535', '祝各位莘莘学子，此去繁花似锦，归来仍是少年。2026届0417班 杭州场 毕业留念2026届0418班 杭州场 毕业留念2026届0419班 杭州场 毕业留念  [组图共9张] 原图 ', '', 'https://ww1.sinaimg.cn/large/6a2d9677ly1icdlgofk9hj24mo2iuu10.jpg,https://ww2.sinaimg.cn/large/6a2d9677ly1icdlgtth5vj24mo2iux6s.jpg,https://ww3.sinaimg.cn/large/6a2d9677ly1icdlgxj0o9j24mo2iue85.jpg,https://ww2.sinaimg.cn/large/6a2d9677ly1icdlh20yikj24mo2iux6t.jpg,https://ww4.sinaimg.cn/large/6a2d9677ly1icdlh6pjh3j24mo2iub2e.jpg,https://ww4.sinaimg.cn/large/6a2d9677ly1icdlhbzr93j24mo2iuqv9.jpg,https://ww2.sinaimg.cn/large/6a2d9677ly1icdlhfxzioj24mo2iu1l4.jpg,https://ww3.sinaimg.cn/large/6a2d9677ly1icdlhleu7gj24mo2iuu14.jpg,https://ww3.sinaimg.cn/large/6a2d9677ly1icdlhpb6svj24mo2iukjr.jpg', '', 1, '无', '无', '2026-04-20 21:56:00', '华为Mate 80 RS', 11378, 671, 2690);
INSERT INTO `weibo` VALUES ('Qd4lgrCwc', '1781372535', '来看新声代歌手了，赛前陪看正在直播～#声鸣远扬开播海报##声鸣远扬#  原图 ', '', 'https://wx4.sinaimg.cn/large/6a2d9677gy1i7669gifeij21jk2qsx6s.jpg', '', 1, '无', '无', '2025-11-09 19:11:00', 'HUAWEI Mate 70 RS', 2373, 179, 858);
INSERT INTO `weibo` VALUES ('QDcdCCnHh', '1781372535', '苏州校区的同学们请注意，我校开学时间为5月23/24/29/30/31日。请同学们看好日期按时到校，以饱满的状态迎接新学期！#徐良时间折叠巡回演唱会##追live日历##微博演出季#  原图 ', '', 'https://wx3.sinaimg.cn/large/6a2d9677gy1icotqd1izvj23wq5v5he1.jpg', '', 1, '无', '无', '2026-04-30 15:02:00', '华为Mate 80 RS', 6195, 571, 2437);
INSERT INTO `weibo` VALUES ('Qe86D6sDm', '1781372535', '#声鸣远扬##声鸣远扬直播#第二场直播来了，先来19:00 #声鸣远扬赛前陪看直播#热个身！  原图 ', '', 'https://wx2.sinaimg.cn/large/6a2d9677gy1i7e8ode85nj21jk2qsqv9.jpg', '', 1, '无', '无', '2025-11-16 18:37:00', 'HUAWEI Mate 70 RS', 1653, 116, 606);
INSERT INTO `weibo` VALUES ('QE8W2zuWZ', '1781372535', '把青春藏进校服，把理想装进行囊，老师祝你们，前路漫漫亦灿灿。2026届0501班 成都场 毕业留念2026届0502班 成都场 毕业留念2026届0503班 成都场 毕业留念2026届0504班 成都场 毕业留念2026届0505班 成都场 毕业留念  [组图共15张] 原图 ', '', 'https://ww3.sinaimg.cn/large/6a2d9677gy1icw0wtjb62j26bk3y94qs.jpg,https://ww4.sinaimg.cn/large/6a2d9677gy1icw0wwlnn3j26bk3y9b2d.jpg,https://ww1.sinaimg.cn/large/6a2d9677gy1icw0wzhfcdj26bk3y9hdw.jpg,https://ww2.sinaimg.cn/large/6a2d9677gy1icw0x2znrrj26bk3y9kjq.jpg,https://ww2.sinaimg.cn/large/6a2d9677gy1icw0x6x7ghj26bk3y9u12.jpg,https://ww4.sinaimg.cn/large/6a2d9677gy1icw0xbjq5ej26bk3y9qva.jpg,https://ww2.sinaimg.cn/large/6a2d9677gy1icw0xehfxdj26bk3y9e84.jpg,https://ww3.sinaimg.cn/large/6a2d9677gy1icw0xi1wbwj26bk3y9b2c.jpg,https://ww3.sinaimg.cn/large/6a2d9677gy1icw0xlm3n5j26bk3y9e85.jpg,https://ww3.sinaimg.cn/large/6a2d9677gy1icw0xor97aj26bk3y94qt.jpg,https://ww3.sinaimg.cn/large/6a2d9677gy1icw0xsdft2j26bk3y9npg.jpg,https://ww2.sinaimg.cn/large/6a2d9677gy1icw0xvuwxjj26bk3y91l1.jpg,https://ww2.sinaimg.cn/large/6a2d9677gy1icw0y0ni8ij23uw2euu10.jpg,https://ww1.sinaimg.cn/large/6a2d9677gy1icw0y4k7ftj26bk3y9x6u.jpg,https://ww2.sinaimg.cn/large/6a2d9677gy1icw0y9m3onj26bk3y9npj.jpg', '', 1, '无', '无', '2026-05-06 20:31:00', '华为Mate 80 RS', 11137, 1168, 3541);
INSERT INTO `weibo` VALUES ('QFaKm6EZU', '1781372535', '青岛校区的同学们请注意，我校开学时间为6月12/13/14日。食堂已开放，老师已就位，教室已打扫，希望同学们按时到校。#徐良时间折叠巡回演唱会##微博演出季##追live日历#  原图 ', '', 'https://wx3.sinaimg.cn/large/6a2d9677ly1id3unxgh76j23wq5v5he1.jpg', '', 1, '无', '无', '2026-05-13 14:58:00', '华为Mate 80 RS', 6295, 852, 2901);
INSERT INTO `weibo` VALUES ('QfbXUbUwT', '1781372535', '#声鸣远扬##声鸣远扬直播#双人舞台谁更搭，听听我和蔡老师的精彩竞猜咯！19:00 #声鸣远扬赛前陪看直播 19:00 #声鸣远扬赛前陪看直播#提前见！  原图 ', '', 'https://wx2.sinaimg.cn/large/6a2d9677gy1i7mbfi1gtfj22bc3q0u0z.jpg', '', 1, '无', '无', '2025-11-23 18:16:00', 'HUAWEI Mate 70 RS', 1596, 144, 634);
INSERT INTO `weibo` VALUES ('QFVLPgZaS', '1781372535', '祝你们眼里有光，心里有爱。学有所成，行有所至。2026届0515班 南昌场 毕业留念2026届0516班 南昌场 毕业留念2026届0517班 南昌场 毕业留念  [组图共9张] 原图 ', '', 'https://ww2.sinaimg.cn/large/6a2d9677gy1id9m824x8lj23uw2knhdv.jpg,https://ww3.sinaimg.cn/large/6a2d9677gy1id9m85xzzpj23uw2kn4qs.jpg,https://ww1.sinaimg.cn/large/6a2d9677gy1id9m8btnp4j23uw2knqv7.jpg,https://ww4.sinaimg.cn/large/6a2d9677gy1id9m8kq23aj26bk47su12.jpg,https://ww1.sinaimg.cn/large/6a2d9677gy1id9m8qvjfyj26bk47se86.jpg,https://ww1.sinaimg.cn/large/6a2d9677gy1id9m8xm42zj26bk47sx6v.jpg,https://ww2.sinaimg.cn/large/6a2d9677gy1id9m952h4lj26bk47su13.jpg,https://ww2.sinaimg.cn/large/6a2d9677gy1id9m9d9yzyj26bk47sqvc.jpg,https://ww1.sinaimg.cn/large/6a2d9677gy1id9m9izvf2j26bk47snpi.jpg', '', 1, '无', '无', '2026-05-18 14:41:00', '华为Mate 80 RS', 6761, 693, 2696);
INSERT INTO `weibo` VALUES ('QggbeBfVc', '1781372535', '#声鸣远扬##声鸣远扬直播#今晚就是12进10高能对决了，我在19:00 提前和大家一起竞猜晋级结果，#声鸣远扬赛前陪看直播#一会见！  原图 ', '', 'https://wx4.sinaimg.cn/large/6a2d9677gy1i7ufr50ajxj225s3jru10.jpg', '', 1, '无', '无', '2025-11-30 18:51:00', 'HUAWEI Mate 70 RS', 1339, 116, 360);
INSERT INTO `weibo` VALUES ('QggM7A0DM', '1781372535', '愿旋律抚慰伤痛，用歌声为香港祈福。“我们同在蓝天下，牵手就是一个家”，我们始终在一起，同心同行向明天出发。#声鸣远扬开场曲唱给香港同胞##声鸣远扬直播##声鸣远扬# 徐良L的微博视频  ', '', '无', '', 1, 'https://f.video.weibocdn.com/o0/ez5MpJiWlx08to7LhbFC010412010IVg0E010.mp4?label=mp4_hd&template=856x480.25.0&Expires=1781428919&ssig=mO7k7Fph9y&KID=unistore,video', '无', '2025-11-30 20:21:00', '微博视频号', 1946, 126, 425);
INSERT INTO `weibo` VALUES ('QhjWPD8tr', '1781372535', '#声鸣远扬##声鸣远扬直播#今晚19:30，8强即将诞生！#声鸣远扬赛前陪看直播#19点一会见！  原图 ', '', 'https://wx2.sinaimg.cn/large/6a2d9677gy1i82i1970ixj21e02hqhdv.jpg', '', 1, '无', '无', '2025-12-07 18:16:00', 'HUAWEI Mate 70 RS', 1210, 109, 426);
INSERT INTO `weibo` VALUES ('QinZO4dFU', '1781372535', '猜猜我最看好谁？19点老地方见！#声鸣远扬红秀乐谱大片##声鸣远扬直播##声鸣远扬#  原图 ', '', 'https://wx4.sinaimg.cn/large/6a2d9677gy1i8alovnsm6j23h05k0npl.jpg', '', 1, '无', '无', '2025-12-14 18:25:00', 'HUAWEI Mate 70 RS', 1382, 105, 355);
INSERT INTO `weibo` VALUES ('Qj66HyRyl', '1781372535', '#湖南卫视跨年演唱会第三波阵容# 新年伊始，炽热出发！奔赴下一场热爱，12月31日19:30，2025-2026#湖南卫视跨年演唱会# 我们海口见！#微博跨年狂欢节#  原图 ', '', 'https://wx2.sinaimg.cn/large/6a2d9677ly1i8g0b2x4n5j21o02yo4qt.jpg', '', 1, '无', '无', '2025-12-19 10:43:00', 'HUAWEI Mate 70 RS', 2182, 214, 588);
INSERT INTO `weibo` VALUES ('Qjs6IzD0o', '1781372535', '复活赛七强全新洗牌，19点老地方见！#声鸣远扬直播##声鸣远扬#  原图 ', '', 'https://wx2.sinaimg.cn/large/6a2d9677gy1i8ipk3j9e2j21e02hq1kz.jpg', '', 1, '无', '无', '2025-12-21 18:43:00', 'HUAWEI Mate 70 RS', 1365, 120, 481);
INSERT INTO `weibo` VALUES ('QkvZzwUJP', '1781372535', '谁会是那幸运的六强选手呢？19点老地方见！#声鸣远扬直播##声鸣远扬#  原图 ', '', 'https://wx1.sinaimg.cn/large/6a2d9677gy1i8qsf6ypybj21e02hq4qr.jpg', '', 1, '无', '无', '2025-12-28 18:27:00', 'HUAWEI Mate 70 RS', 1417, 127, 494);
INSERT INTO `weibo` VALUES ('QlzXY9OrX', '1781372535', '全国五强今晚诞生，第九场直播19点老地方见！#声鸣远扬直播##声鸣远扬#  原图 ', '', 'https://wx1.sinaimg.cn/large/6a2d9677gy1i8yvohowz5j20zj1ngqax.jpg', '', 1, '无', '无', '2026-01-04 18:24:00', 'HUAWEI Mate 70 RS', 1348, 208, 605);
INSERT INTO `weibo` VALUES ('QmDY2isTj', '1781372535', '全国四强今晚诞生，第十场直播19点老地方见！#声鸣远扬直播##声鸣远扬#  原图 ', '', 'https://wx1.sinaimg.cn/large/6a2d9677gy1i96z2cp0hkj20u01hun3p.jpg', '', 1, '无', '无', '2026-01-11 18:26:00', '华为Mate 80 RS', 1697, 259, 706);
INSERT INTO `weibo` VALUES ('QnPPuuaYt', '1781372535', ':大家好我是徐良，承蒙厚爱，2026我将开启巡回演唱会。\n演唱会对我来说很特别，它是区别于台前和幕后的第三种人生，我从不认为这是我自己的演唱会，它更是你们的演唱会，虽然你们是买了票来的，但是演唱的声音不准比我小。\n聚光灯下的除了我，还有那个年少轻狂、不知烦恼忧愁为何物的你，他背着书包，从夕阳下的斜坡跑到食堂，这时候学校的广播里播放了一首歌，那年的你小小的、吊吊的，但是认识了脑袋大大的我，从此我们有了连接。\n在那个物质匮乏的时代，我们的精神生活是充盈的，我们被规则和限制所包围，压抑着内心的汹涌的情绪，而音乐，就像是划破寂静的没有规则的风，不讲道理的钻进了你的心里，大声的自我介绍道：“你好，跟我走吧，我是《犯贱》的那个徐良！”\n场馆很大，有好几万人，你可能只认识我一个。但是不用担心，我们是从小到大的朋友，你身边坐着的都是同频的伙伴。如果下起了暴雨我们就换上雨衣，如果刮起狂风我们就紧紧相拥，如果那首歌对你来说最特别，那就大声的唱出来，唱到声嘶力竭、唱到喉咙沙哑，唱到那年那个小小的你可以听到，听到你说：那时候真傻，居然盼着长大。\n好了，不聊了，多的话我们演唱会上聊。\n我不唱，请你们帮我唱。我不哭，谁也不许哭。', '', 'https://wx2.sinaimg.cn/large/6a2d9677gy1i9g10dfyusj22xk4ed1l4.jpg', '', 1, '无', '无', '2026-01-19 14:28:00', 'iPhone 14 Pro Max', 15457, 2529, 4346);
INSERT INTO `weibo` VALUES ('QoAsUhx3P', '1781372535', '共同见证#声鸣远扬# 年度总冠军的诞生！ #声鸣远扬冠军观礼团官宣##声鸣远扬2025冠军诞生夜#  明天19:30再见！  原图 ', '', 'https://wx1.sinaimg.cn/large/6a2d9677gy1i9lr1am23sj20u01hce81.jpg', '', 1, '无', '无', '2026-01-24 13:11:00', '华为Mate 80 RS', 988, 67, 173);
INSERT INTO `weibo` VALUES ('QoJ3jfYrY', '1781372535', '#声鸣远扬#  冠军诞生夜即将开启，赛前毕业联欢一起来玩！#声鸣远扬有声告别毕业礼##娱乐探索编辑部#  原图 ', '', 'https://wx3.sinaimg.cn/large/6a2d9677gy1i9msy337zuj20zk1r80z2.jpg', '', 1, '无', '无', '2026-01-25 11:03:00', '华为Mate 80 RS', 733, 46, 134);
INSERT INTO `weibo` VALUES ('QoLnXzHOv', '1781372535', '毕业礼正在进行，一起给选手冲刺冠军加油！#声鸣远扬有声告别毕业礼# #声鸣远扬# #娱乐探索编辑部#  徐良L的微博直播  ', '', '无', '', 1, '无', '无', '2026-01-25 17:00:00', '微博直播', 604, 37, 200);
INSERT INTO `weibo` VALUES ('QoM9ok2pT', '1781372535', '12场总决赛接近尾声，今晚共同见证#声鸣远扬# 总冠军的诞生！#声鸣远扬总冠军今晚诞生##声鸣远扬直播#  原图 ', '', 'https://wx4.sinaimg.cn/large/6a2d9677gy1i9n6mgdi6tj21e02hq4qr.jpg', '', 1, '无', '无', '2026-01-25 18:56:00', '华为Mate 80 RS', 1540, 90, 661);
INSERT INTO `weibo` VALUES ('QqMHmBJ8f', '1781372535', '今天是我的生日，来祝福我吧！  ', '', '无', '', 1, '无', '无', '2026-02-08 00:01:00', '生日动态', 2721, 256, 841);
INSERT INTO `weibo` VALUES ('QqSAgqBse', '1781372535', ':大家好，我是徐良。承蒙厚爱，原定于3月28日的深圳演唱会，追加2场，于3月27日、28日、29日三场连开。\n感谢各位朋友的抬爱，让这个20岁开始的梦想得以实现。抢票那一天异常火爆，我也尝试了，按照各位的指示打开了12306，成功抢到了过年回家的火车票。谢谢你，爱我的人如此优秀。\n20多岁的时候，我的愿望是当一颗星星，挂在天上放光明。今天我刚好39岁，我的愿望是当大家平淡生活里的一颗糖。如果生活让你感到苦涩，那就买一张最便宜的票，来到我的演唱会，我会带你回到那个最美好、最纯粹的年代。\n那时候的你青春无敌，勇敢叛逆，发型酷到校门都进不去。那时候的你敢爱敢恨，敢做敢当，期末考试的前一天你都不慌。那时候的你吃完薯条敢去再要一包番茄酱，那时候的你连名字叫《犯贱》的歌都敢分享。那时候的你比现在懂得更少，但是相信的更多。\n我们永远也不会比昨天年轻，去见你想见的人吧，那个人不是我，但我能带你找到他。他就是那个脸上总是带着微笑，无忧无虑的你自己。\n再次感谢各位的厚爱，也感谢各位对生活的热爱，如果爱，请深爱。', '', 'https://wx2.sinaimg.cn/large/6a2d9677ly1ia3699zepvj23wq5v5he1.jpg', '', 1, '无', '无', '2026-02-08 15:00:00', 'iPhone 14 Pro Max', 6621, 406, 1184);
INSERT INTO `weibo` VALUES ('Qr21XnhAM', '1781372535', ':大家好，我是徐良。\n关于深圳演唱会连加2场，28号不再是首场的问题，给大家造成了困扰，所以做出了如下调整：\n一、3月28日的演唱会可以全额退款。\n二、3月28日将会是“特别场”，有本次巡演唯一的“重磅神秘环节”，一定让各位不虚此行。\n从来没想过我会因为这件事情而烦恼，演唱会连开三场，歌迷们因为看不到首场而抱怨，这在以前，都是做梦都不敢梦到的事。\n作为一个歌手，我真的不太红。我不怕不红，但是我怕没有人需要我的音乐。所以大家对于首场的抱怨，对我来说也是莫大的肯定。我盯着屏幕托着腮，露出一个姨母般的微笑。\n谢谢，没有什么比被人需要更令人开心和动容。我报答你们的方式，就是尽量去到每一个离你们更近的城市，尽量的多开几场。尽量的捕捉每一个笑容，尽量的听清每一声好不容易夹出来的夹子音，尽量的记录每一个值得铭记的瞬间。\n我不是一个优秀的歌手，但是我会为了你们，试着变得优秀。 \n#一起来看演唱会#  #徐良时间折叠巡回演唱会#         [', '', 'https://ww4.sinaimg.cn/large/6a2d9677ly1ia4bcqyuyyj20zk1bfdti.jpg,https://ww4.sinaimg.cn/large/6a2d9677ly1ia4bcqlpe8j235q1nl7wi.jpg', '', 1, '无', '无', '2026-02-09 15:03:00', 'iPhone 14 Pro Max', 10485, 636, 2470);
INSERT INTO `weibo` VALUES ('QvswTwnIn', '1781372535', '我表示还行，你呢？ 徐良L的微博视频  ', '', '无', '', 1, 'https://f.video.weibocdn.com/o0/eRlGKfgslx08vXswVfhK01041200cblf0E010.mp4?label=mp4_hd&template=540x960.24.0&Expires=1781428911&ssig=FbIByk4z01&KID=unistore,video', '无', '2026-03-10 17:51:00', '微博视频号', 5484, 321, 912);
INSERT INTO `weibo` VALUES ('Qwn0VExYo', '1781372535', ':我曾在西湖边上买过一根香蕉，边吃边想，什么时候能在这么美的城市开一场演唱会。直到差点被湖边的风吹感冒，我才决定从长计议，先从西湖醋鱼开始攻克。\n很多年过去了，因为大家的抬爱，终于让我有机会来到杭州开启我的演唱会之旅。你、你、还有你、咱们该聚聚了，一个都不能少。我负责唱，你负责叫，他们负责微笑。\n时间：4月17/18/19日\n地点：杭州奥体AT中心体育馆 \n#微博演出季##徐良时间折叠巡回演唱会#', '', 'https://wx4.sinaimg.cn/large/6a2d9677ly1ib8xdng9dej23wq5v5e89.jpg', '', 1, '无', '无', '2026-03-16 17:39:00', '华为Mate 80 RS', 4011, 2629, 1264);
INSERT INTO `weibo` VALUES ('QxpYLy3ds', '1781372535', '紧锣密鼓的排练日，年龄越大，动作越小。#徐良点歌台#  #微博演出季#  #周一微博点歌台#  [组图共4张] 原图 ', '', 'https://ww3.sinaimg.cn/large/6a2d9677ly1ibgw64p9wjj247s6bk7wu.jpg,https://ww2.sinaimg.cn/large/6a2d9677ly1ibgw6bvb8oj247s6bknpp.jpg,https://ww4.sinaimg.cn/large/6a2d9677ly1ibgw6fuo8zj253z3epb2e.jpg,https://ww3.sinaimg.cn/large/6a2d9677ly1ibgw6o4f3oj26bk47s1l7.jpg', '', 1, '无', '无', '2026-03-23 15:02:00', '华为Mate 80 RS', 3984, 216, 827);
INSERT INTO `weibo` VALUES ('Qy0VxdZVP', '1781372535', '我眼睛肿了#徐良时间折叠巡回演唱会##徐良点歌台##微博演出季#  [组图共9张] 原图 ', '', 'https://ww3.sinaimg.cn/large/6a2d9677gy1iblfa78wnqj23ya66ghdz.jpg,https://ww1.sinaimg.cn/large/6a2d9677gy1iblfa9hhigj23c55ah7wk.jpg,https://ww1.sinaimg.cn/large/6a2d9677gy1iblfacdqzyj23jv5keu10.jpg,https://ww4.sinaimg.cn/large/6a2d9677gy1iblfafnawbj247s6bkqv9.jpg,https://ww2.sinaimg.cn/large/6a2d9677gy1iblfajct3wj24036014qu.jpg,https://ww4.sinaimg.cn/large/6a2d9677gy1iblfalu2k7j23ni5h6e84.jpg,https://ww2.sinaimg.cn/large/6a2d9677gy1iblfaosrgzj23xo5we4qt.jpg,https://ww4.sinaimg.cn/large/6a2d9677gy1iblfasy34mj267g452u12.jpg,https://ww4.sinaimg.cn/large/6a2d9677gy1iblfav8wa4j240k60qhdw.jpg', '', 1, '无', '无', '2026-03-27 13:06:00', '华为Mate 80 RS', 12432, 530, 2053);
INSERT INTO `weibo` VALUES ('QytWn5GqA', '1781372535', '成都校区的同学们，请注意看好开学日期，5月1/2/3日按时到校办理入学手续。#徐良时间折叠巡回演唱会#  #微博演出季##徐良点歌台#  原图 ', '', 'https://wx3.sinaimg.cn/large/6a2d9677gy1iboze14ejjj23wq5v5e8c.jpg', '', 1, '无', '无', '2026-03-30 14:58:00', '华为Mate 80 RS', 8642, 420, 2438);
INSERT INTO `weibo` VALUES ('QyvqJbEul', '1781372535', '愿你前程万里，一路生花。2026届0327班 深圳场 毕业留念2026届0328班 深圳场 毕业留念2026届0329班 深圳场 毕业留念  [组图共9张] 原图 ', '', 'https://ww2.sinaimg.cn/large/6a2d9677gy1ibp5xyjp0aj23xc2m8kjo.jpg,https://ww2.sinaimg.cn/large/6a2d9677gy1ibp5y1b9w5j23xc2m8hdx.jpg,https://ww4.sinaimg.cn/large/6a2d9677gy1ibp5y4p8otj23xc2m8u10.jpg,https://ww2.sinaimg.cn/large/6a2d9677gy1ibp5y8zq6wj26bk47skjo.jpg,https://ww1.sinaimg.cn/large/6a2d9677gy1ibp5ycnudxj26bk47sqv8.jpg,https://ww2.sinaimg.cn/large/6a2d9677gy1ibp5yfi55aj26bk43re84.jpg,https://ww1.sinaimg.cn/large/6a2d9677gy1ibp6yd5sxfj25vw3xcb2f.jpg,https://ww3.sinaimg.cn/large/6a2d9677gy1ibp5yo6klvj26bs47x1l4.jpg,https://ww1.sinaimg.cn/large/6a2d9677gy1ibp5yry0qpj25qg3tpx6u.jpg', '', 1, '无', '无', '2026-03-30 18:45:00', '华为Mate 80 RS', 21875, 2070, 4019);
INSERT INTO `weibo` VALUES ('R12pT591E', '1781372535', '重庆校区的同学们请注意，我校开学时间为6月26/27/28日。虽然眼看就要放暑假，但大家可别贪玩收不住心，记得准时到校碰面。天热同学们路上注意防暑～#徐良时间折叠巡回演唱会##微博演出季##追live日历#  原图 ', '', 'https://wx4.sinaimg.cn/large/6a2d9677gy1idhq3dkr7aj22xk4ed1l4.jpg', '', 1, '无', '无', '2026-05-25 14:58:00', '华为Mate 80 RS', 5331, 742, 3048);
INSERT INTO `weibo` VALUES ('R297dmtzl', '1781372535', '同学们毕业快乐，祝你们在各自的道路上熠熠发光。2026届0523班 苏州场 毕业留念2026届0524班 苏州场 毕业留念2026届0529班 苏州场 毕业留念2026届0530班 苏州场 毕业留念2026届0531班 苏州场 毕业留念  [组图共15张] 原图 ', '', 'https://ww1.sinaimg.cn/large/6a2d9677ly1idq4rl4k1dj26bk47skjy.jpg,https://ww3.sinaimg.cn/large/6a2d9677ly1idq4rqxc69j26bk47skjy.jpg,https://ww2.sinaimg.cn/large/6a2d9677ly1idq4rvzorpj26bk47sx73.jpg,https://ww2.sinaimg.cn/large/6a2d9677ly1idq4s2yzebj26bk47she7.jpg,https://ww1.sinaimg.cn/large/6a2d9677ly1idq4s99nfrj26bk47se8f.jpg,https://ww2.sinaimg.cn/large/6a2d9677ly1idq4setyr5j26bk47skjz.jpg,https://ww3.sinaimg.cn/large/6a2d9677ly1idq4skaetmj26bk47se8b.jpg,https://ww3.sinaimg.cn/large/6a2d9677ly1idq4sohdatj26bk47sx71.jpg,https://ww1.sinaimg.cn/large/6a2d9677ly1idq4ssvt2fj25zp3zwe8b.jpg,https://ww2.sinaimg.cn/large/6a2d9677ly1idq4sx81x1j26bk47skjx.jpg,https://ww1.sinaimg.cn/large/6a2d9677ly1idq4t3763yj261v41b7wt.jpg,https://ww4.sinaimg.cn/large/6a2d9677ly1idq5ddng3uj25t03ve1l7.jpg,https://ww1.sinaimg.cn/large/6a2d9677ly1idq5dh647kj26bk47s7wt.jpg,https://ww3.sinaimg.cn/large/6a2d9677ly1idq5dmb1x7j26bk47skjx.jpg,https://ww1.sinaimg.cn/large/6a2d9677ly1idq5dsavvrj264s439u16.jpg', '', 1, '无', '无', '2026-06-01 21:51:00', '华为Mate 80 RS', 5893, 814, 2749);
INSERT INTO `weibo` VALUES ('R3CES5AxQ', '1781372535', '太原校区的同学们请注意，我校补课时间为7月3/4/5日。暑期正式开启，出门游玩之余也要按时到校报到喔。#徐良时间折叠巡回演唱会##微博演出季##追live日历#  原图 ', '', 'https://wx2.sinaimg.cn/large/6a2d9677ly1ie1divg7qhj22xk4ed1l4.jpg', '', 1, '无', '无', '2026-06-11 14:54:00', '华为Mate 80 RS', 2855, 467, 1369);
INSERT INTO `weibo` VALUES ('R3teh2joJ', '1781372535', '南京校区的同学们请注意，我校补课报到时间为7月17/18/19日。假期在家躺平的小同学抓紧收心，记得准时来签到上课。#徐良时间折叠巡回演唱会##微博演出季##追live日历#    原图 ', '', 'https://wx4.sinaimg.cn/large/6a2d9677ly1ie07watwi8j22xk4ed1l4.jpg', '', 1, '无', '无', '2026-06-10 14:54:00', '华为Mate 80 RS', 3293, 556, 1373);

SET FOREIGN_KEY_CHECKS = 1;
